:020000040000fa
:020000041fc01b
:042ff000fffffefae7
:020000040000fa
:020000041fc01b
:042ff400d979f8ff90
:020000040000fa
:020000041fc01b
:042ff800dbce6cffc1
:020000040000fa
:020000041fc01b
:042ffc00ffffff7e56
:020000040000fa
:020000041d00dd
:101970005e06400f0000000000601a40c0045a7f5d
:101980000500401300000000019d1a3c70c75a2753
:10199000080040030000000002a01d3cf0ffbd272e
:1019a00000a01c3cf07f9c270260094020582001c9
:1019b000801e2a7d8449497d02608940c000000064
:1019c00000e0dc4102608b40c0000000019d083c4b
:1019d00020c8082509f800010000000000a0083c0c
:1019e0000c00082500a0093c700029250300001008
:1019f00000000000000000ad040008252b080901cc
:101a0000fcff201400000000019d083ca4b908253b
:101a100009f80001000000000000093c0000292531
:101a200010002011000000000200093c00002925e0
:101a300088bf0a3c10204a25000049ad0200093c3d
:101a40000000292588bf0a3c20204a25000049ad16
:101a50000200093c0000292588bf0a3c30204a25a5
:101a6000000049ad00488040ffff0a2400588a402a
:101a70004000083c00600a4025500a0100608a408e
:101a8000009d093c00002925c00000000178894024
:101a90000000093c0100292500000a2444492a7d50
:101aa00001608a408000093c00688940008008404d
:101ab0008005097d404c0900006008405800013c49
:101ac000244001012540280100608840c00000003a
:101ad000019d083c28c8082509f800010000000005
:101ae00000600840bfff013cffff2134244001019a
:101af00000608840000084300000a530019d083c53
:0c1b000044c1082508000001000000009e
:020000040000fa
:020000041d00dd
:101cf000019d1a3c80c25a270800400300000000e2
:020000040000fa
:020000041d00dd
:10018000019d1a3c6cb05a27080040030000000093
:020000040000fa
:020000041d00dd
:08020000c430400b00000000b7
:020000040000fa
:020000041d00dd
:08022000c430400b0000000097
:020000040000fa
:020000041d00dd
:08024000c430400b0000000077
:020000040000fa
:020000041d00dd
:08026000c430400b0000000057
:020000040000fa
:020000041d00dd
:08028000c430400b0000000037
:020000040000fa
:020000041d00dd
:0802a000c430400b0000000017
:020000040000fa
:020000041d00dd
:0802c000c430400b00000000f7
:020000040000fa
:020000041d00dd
:0802e000c430400b00000000d7
:020000040000fa
:020000041d00dd
:080300007d08400b0000000025
:020000040000fa
:020000041d00dd
:08032000c430400b0000000096
:020000040000fa
:020000041d00dd
:08034000c430400b0000000076
:020000040000fa
:020000041d00dd
:08036000c430400b0000000056
:020000040000fa
:020000041d00dd
:08038000c430400b0000000036
:020000040000fa
:020000041d00dd
:0803a000c430400b0000000016
:020000040000fa
:020000041d00dd
:0803c000c430400b00000000f6
:020000040000fa
:020000041d00dd
:0803e000c430400b00000000d6
:020000040000fa
:020000041d00dd
:080400008007400b0000000022
:020000040000fa
:020000041d00dd
:08042000c430400b0000000095
:020000040000fa
:020000041d00dd
:08044000c430400b0000000075
:020000040000fa
:020000041d00dd
:08046000c430400b0000000055
:020000040000fa
:020000041d00dd
:08048000c430400b0000000035
:020000040000fa
:020000041d00dd
:0804a000c430400b0000000015
:020000040000fa
:020000041d00dd
:0804c000c430400b00000000f5
:020000040000fa
:020000041d00dd
:0804e000c430400b00000000d5
:020000040000fa
:020000041d00dd
:08050000c430400b00000000b4
:020000040000fa
:020000041d00dd
:08052000c430400b0000000094
:020000040000fa
:020000041d00dd
:08054000c430400b0000000074
:020000040000fa
:020000041d00dd
:08056000c430400b0000000054
:020000040000fa
:020000041d00dd
:08058000c430400b0000000034
:020000040000fa
:020000041d00dd
:0805a000c430400b0000000014
:020000040000fa
:020000041d00dd
:0805c000c430400b00000000f4
:020000040000fa
:020000041d00dd
:0805e000c430400b00000000d4
:020000040000fa
:020000041d00dd
:08060000c430400b00000000b3
:020000040000fa
:020000041d00dd
:08062000c430400b0000000093
:020000040000fa
:020000041d00dd
:08064000c430400b0000000073
:020000040000fa
:020000041d00dd
:08066000c430400b0000000053
:020000040000fa
:020000041d00dd
:08068000c430400b0000000033
:020000040000fa
:020000041d00dd
:0806a000c430400b0000000013
:020000040000fa
:020000041d00dd
:0806c000c430400b00000000f3
:020000040000fa
:020000041d00dd
:0806e000c430400b00000000d3
:020000040000fa
:020000041d00dd
:08070000c430400b00000000b2
:020000040000fa
:020000041d00dd
:08072000c430400b0000000092
:020000040000fa
:020000041d00dd
:08074000c430400b0000000072
:020000040000fa
:020000041d00dd
:08076000c430400b0000000052
:020000040000fa
:020000041d00dd
:08078000c430400b0000000032
:020000040000fa
:020000041d00dd
:0807a000c430400b0000000012
:020000040000fa
:020000041d00dd
:0807c000c430400b00000000f2
:020000040000fa
:020000041d00dd
:0807e000c430400b00000000d2
:020000040000fa
:020000041d00dd
:08080000c430400b00000000b1
:020000040000fa
:020000041d00dd
:08082000c430400b0000000091
:020000040000fa
:020000041d00dd
:08084000c430400b0000000071
:020000040000fa
:020000041d00dd
:08086000c430400b0000000051
:020000040000fa
:020000041fc01b
:1004800000f89b40c0000000019d1b3ca0c37b27df
:10049000020060130000000000c09b4000f81b40f9
:0c04a000c00000001f000042000000002f
:020000040000fa
:020000041d00dd
:101e000000e85d4100701a4000601b4078ffbd276c
:101e10008400baaf02601a408000bbaf7c00baaf4a
:101e200044781b7c00187b3700609b406c00bfaf80
:101e30006800b9af6400b8af6000b5af5c00b4af84
:101e40005800b3af5400b2af5000b1af4c00b0afc8
:101e50004800afaf4400aeaf4000adaf3c00acaf08
:101e60003800abaf3400aaaf3000a9af2c00a8af48
:101e70002800a7af2400a6af2000a5af1c00a4af88
:101e80001800a3af1400a2af1000a1af1210000001
:101e90007400a2af101800007000a3af4226400fdc
:101ea0000000000003000324050043100400032485
:101eb0004300431088bf023c4d08400b0000000067
:101ec0004480908fe428400f000000002120000291
:101ed0001625400f21284000ca2e400f2120400027
:101ee000308082af5080838f3080828f21106200db
:101ef000508082af3080838f4880828f23106200b1
:101f00004c8082af5080828fe90342280400401445
:101f1000e8030224508082afce07400b000000008f
:101f20005080828f18fc42280300401000000000ff
:101f300018fc0224508082af3080848f5c80908fa8
:101f40005080948f5880938f4c80928f5480918fc3
:101f50003930400f00000000212040002427400fae
:101f600021280002218040003930400f21208002ca
:101f7000212040002427400f212860022120000258
:101f80001825400f21284000218040003930400fa3
:101f900021204002212040002427400f2128200238
:101fa000212000021825400f21284000408082afe8
:101fb0003080828f488082af5108400b80bf023c46
:101fc0003480838f8018030001a0023cb09c42241f
:101fd000211062000000428ce428400f2c8082af68
:101fe000218040002c80848f1625400f212840003e
:101ff000ca2e400f21204000308082af5080838f56
:102000003080828f21106200508082af3080838fb9
:102010004880828f231062004c8082af5080828f74
:10202000e903422804004014e8030224508082aff0
:102030001308400b000000005080828f18fc4228db
:102040000200401018fc0224508082af3080848f40
:102050005c80918f5080958f5880948f4c80938fa7
:102060005480928f3930400f000000002120400042
:102070002427400f21282002218840003930400fba
:102080002120a002212040002427400f2128800287
:10209000212020021825400f2128400021884000df
:1020a0003930400f21206002212040002427400fba
:1020b00021284002212020021825400f212840001d
:1020c000408082af3080828f488082af3480838f9f
:1020d0008018030000a0023c70004224211062001e
:1020e000000050ac3480828f01004224348082afe3
:1020f0003480838f3880828f1200625480bf023c0c
:102100003880838fffff63248018030001a0023c06
:10211000b09c4224211062000000428c448082afb7
:10212000608080af4026400f030004245108400b1c
:1021300080bf023c606143904408037c606143a01f
:1021400080bf023c100c40ac88bf023c3010438c76
:102150000484037c301043ac7400a28f1300400051
:102160007000a38f110060006c00bf8f6800b98ff2
:102170006400b88f6000b58f5c00b48f5800b38fd7
:102180005400b28f5000b18f4c00b08f4800af8f19
:102190004400ae8f4000ad8f3c00ac8f3800ab8f59
:1021a0003400aa8f3000a98f2c00a88f2800a78f99
:1021b0002400a68f2000a58f1c00a48f1800a38fd9
:1021c0001400a28f1000a18f00606041c0000000c9
:1021d0008400ba8f8000bb8f00709a407c00ba8f59
:1021e0008800bd2702609a4000e8dd4100609b4006
:1021f0001800004200e85d4100701a4000601b407a
:1022000080ffbd277c00baaf02601a407800bbafe8
:102210007400baaf44781b7c00147b3700609b408d
:102220006400bfaf6000b9af5c00b8af5800b2af98
:102230005400b1af5000b0af4c00afaf4800aeafec
:102240004400adaf4000acaf3c00abaf3800aaaf2c
:102250003400a9af3000a8af2c00a7af2800a6af6c
:102260002400a5af2000a4af1c00a3af1800a2afac
:102270001400a1af121000006c00a2af10180000f3
:102280006800a3af4226400f00000000212040005c
:102290000500422cbe01401080200400009d023c3d
:1022a000b4224224212044000000828c0800400017
:1022b00000000000c822009dd822009db423009d8c
:1022c0001826009dd427009d80bf023c203040ace2
:1022d000690a400b80bf023c7480848fb02d400f90
:1022e0002128000017004104000000007480848f42
:1022f00080bf023c200a518c019d023cb425400f56
:1023000060be458c218040007a30400f01002426b9
:10231000212000022427400f21284000ea2e400ff0
:102320002120400080bf033c203062ac88bf023ccb
:10233000e06043944408037ce06043a4690a400bd6
:1023400080bf023c7480858fb02d400f212000009b
:102350009401405c80bf023c7480848f80bf023c4b
:10236000200a518c019d023cb425400f64be458c6f
:10237000218040007a30400f0100242621200002f5
:102380002427400f21284000ea2e400f2120400042
:1023900080bf033c203062ac88bf023ce0604394c5
:1023a000010004244408837ce06043a4690a400bd4
:1023b00080bf023c2880908f6400022a27004010d2
:1023c0002880828feb51023c1f85423418000202a4
:1023d00010100000c3100200c31f100023104300a0
:1023e000c01802004021020023188300211062005f
:1023f00004000216000000001080828f23100200eb
:10240000108082af4e28400f2120000080801000f5
:1024100001a0033cf038632421800302000002aed7
:102420002880828f1080848f8028020001a0033cc6
:10243000803a63242118a300000064ac63000324e5
:10244000060043142880828f4026400f2120000080
:10245000288080af608080af2880828f801002004b
:1024600001a0033c803a6324211843000000638ce0
:1024700001a0043cf0388424211044000000428c68
:1024800023106200648082af6880838f6480828fb3
:1024900021106200688082af6880828fe903422841
:1024a00004004014e8030224688082af3209400b24
:1024b000000000006880828f18fc42280200401053
:1024c00018fc0224688082af6480848f7080908fb3
:1024d0006880928f6c80918f3930400f000000002f
:1024e000212040002427400f2128000221804000a5
:1024f0003930400f21204002212040002427400f86
:1025000021282002212000021825400f2128400008
:1025100021804000248082af019d033c64be648c16
:10252000b02d400f21284000050043042120000267
:10253000019d023c64be428c6a09400b248082af3c
:10254000019d023cb02d400f60be458c0800400448
:10255000019d023c21200002b02d400f21280000e7
:1025600004004004212000026b09400b88bf023c9c
:1025700060be448cca2e400f00000000c32702003a
:10258000261082003930400f23204400248082af7f
:1025900088bf023ce06043944408037ce06043a4ad
:1025a0006f09400b0000000088bf023ce0604394cc
:1025b000010004244408837ce06043a4e52c400f20
:1025c0002480848f2120400021286000019d023c4e
:1025d00068be468cc718400f6cbe478c2120400057
:1025e00021286000019d023c70be468c0921400fed
:1025f00074be478c21204000462e400f21286000e9
:1026000080bf033c203062ac2880828f01004224ce
:10261000680a400b288082af4080848fca2e400f0a
:1026200000000000208082af4e28400f21200000d3
:102630002080838f23106200648082af6880838f44
:102640006480828f21106200688082af6880828ff0
:10265000e903422804004014e8030224688082afa2
:102660009f09400b000000006880828f18fc422800
:102670000200401018fc0224688082af6480848fbe
:102680007080908f6880928f6c80918f3930400f6e
:1026900000000000212040002427400f21280002d4
:1026a000218040003930400f21204002212040008d
:1026b0002427400f21282002212000021825400f46
:1026c0002128400021804000248082af019d033cee
:1026d00064be648cb02d400f2128400005004304e7
:1026e00021200002019d023c64be428cd709400bb0
:1026f000248082af019d023cb02d400f60be458c0e
:1027000008004004019d023c21200002b02d400f32
:10271000212800000400400421200002d809400bb9
:1027200088bf023c60be448cca2e400f00000000ef
:10273000c3270200261082003930400f23204400b6
:10274000248082af88bf023ce06043944408037c4d
:10275000e06043a4dd09400b88bf023c88bf023c17
:10276000e0604394010004244408837ce06043a4b7
:1027700088bf023c606143900400037c606143a019
:10278000e52c400f2480848f212040002128600008
:10279000019d023c68be468cc718400f6cbe478c3a
:1027a0002120400021286000019d023c70be468c23
:1027b0000921400f74be478c21204000462e400f57
:1027c0002128600080bf033c203062ac690a400bc6
:1027d00080bf023c4080848fca2e400f0000000062
:1027e0001c8082af4e28400f212000001c80838f68
:1027f00023106200648082af6880838f6480828f40
:1028000021106200688082af6880828fe9034228cd
:1028100004004014e8030224688082af0e0a400bd3
:10282000000000006880828f18fc422802004010df
:1028300018fc0224688082af6480848f7080908f3f
:102840006880928f6c80918f3930400f00000000bb
:10285000212040002427400f212800022180400031
:102860003930400f21204002212040002427400f12
:1028700021282002212000021825400f2128400095
:1028800021804000248082af019d033c64be648ca3
:10289000b02d400f212840000500430421200002f4
:1028a000019d023c64be428c460a400b248082afec
:1028b000019d023cb02d400f60be458c08004004d5
:1028c000019d023c21200002b02d400f2128000074
:1028d0000400400421200002470a400b88bf023c4c
:1028e00060be448cca2e400f00000000c3270200c7
:1028f000261082003930400f23204400248082af0c
:1029000088bf023ce06043944408037ce06043a439
:102910004c0a400b88bf023c88bf023ce0604394f5
:10292000010004244408837ce06043a488bf023c87
:10293000606143900400037c606143a0e52c400f7c
:102940002480848f2120400021286000019d023cca
:1029500068be468cc718400f6cbe478c21204000d3
:1029600021286000019d023c70be468c0921400f69
:1029700074be478c21204000462e400f2128600065
:1029800080bf033c203062ac690a400b80bf023c30
:1029900088bf023c606143904408037c606143a0af
:1029a00080bf023c100840ac88bf023c3010438c12
:1029b0000442037c301043ac6c00a28f1300400033
:1029c0006800a38f110060006400bf8f6000b98fa2
:1029d0005c00b88f5800b28f5400b18f5000b08f98
:1029e0004c00af8f4800ae8f4400ad8f4000ac8fdd
:1029f0003c00ab8f3800aa8f3400a98f3000a88f1d
:102a00002c00a78f2800a68f2400a58f2000a48f5c
:102a10001c00a38f1800a28f1400a18f00606041da
:102a2000c00000007c00ba8f7800bb8f00709a4015
:102a30007400ba8f8000bd2702609a4000e8dd4133
:102a400000609b401800004218febd27e401bfafa4
:102a5000e001beafdc01b7afd801b6afd401b5af6e
:102a6000d001b4afcc01b3afc801b2afc401b1afb4
:102a7000fd27400fc001b0af4026400f21200000cd
:102a8000b326400f0000000088bf023c6061439005
:102a9000010004240400837c606143a060614390d2
:102aa0004408837c606143a000606241c000000074
:102ab0000d29400f000000004426400f00000000d8
:102ac0006326400f000000008926400f0000000030
:102ad0009326400f000000002060624188bf143c34
:102ae000009d153c402bb52601a0123cb09c5226ff
:102af00000a0133c700073262000a427f826400f86
:102b0000c800052460618292010003244408627cad
:102b1000606182a22000a2939fff4224ff00433005
:102b20001900632cc8016010ff00423080100200c1
:102b30002110a2020000428c0800400000000000aa
:102b4000142d009d402d009d582c009d842c009d2f
:102b5000bc2c009d6c2d009de42d009d382e009d09
:102b60000c2f009d742f009d882e009dd82f009d56
:102b70004030009de830009d9031009dd42d009d97
:102b8000482c009de82c009d4832009d4832009d55
:102b90004832009d4832009d4832009df02b009d38
:102ba000a42b009db001a0af2000a427f826400f61
:102bb000c80005242000a427019d053c08bea524cb
:102bc000642f400fb001a6272000a427019d023cde
:102bd0000cbe4524b001a68f9e2f400f0100c624d5
:102be0001527400f2000a427bf0a400b2000a42770
:102bf000b401a0afb001a0af2000a427f826400f79
:102c0000c80005242000a427019d053c14bea5246e
:102c1000b401a627642f400fb001a7272000a427e6
:102c2000019d033c0cbe6524b001a28fb401a68fa8
:102c30009e2f400f2130c2001527400f2000a427ef
:102c4000bf0a400b2000a4274026400f212000008f
:102c5000bf0a400b2000a427dd28400f0000000021
:102c60002000a427019d033c0cbe65249e2f400f2d
:102c7000213040001527400f2000a427bf0a400b39
:102c80002000a427e428400f00000000e52c400f9e
:102c9000212040002000a427019d053c1cbea52446
:102ca000213040009e2f400f213860001527400f33
:102cb0002000a427bf0a400b2000a4270629400fac
:102cc000000000002000a427019d033c0cbe6524e9
:102cd0009e2f400f213040001527400f2000a427d1
:102ce000bf0a400b2000a4274226400f000000002e
:102cf0002000a427019d033c0cbe65249e2f400f9d
:102d0000213040001527400f2000a427bf0a400ba8
:102d10002000a4273328400f212000002000a427f2
:102d2000019d033c0cbe65249e2f400f21304000c6
:102d30001527400f2000a427bf0a400b2000a4271e
:102d40004e28400f212000002000a427019d033cb5
:102d50000cbe65249e2f400f213040001527400fe8
:102d60002000a427bf0a400b2000a4272110000048
:102d7000b001a2af2000a427f826400fc800052408
:102d80002000a427019d053c24bea524642f400fec
:102d9000b001a627e52c400fb001a48f2000a42786
:102da000019d053c1cbea524213040009e2f400ff4
:102db000213860001527400f2000a427b001a28f02
:102dc000748082af4026400f01000424bf0a400bec
:102dd0002000a4274026400f21200000bf0a400bfe
:102de0002000a42721180000b401a3afb001a3afb5
:102df0002000a427f826400fc80005242000a4279f
:102e0000019d053c28bea524b401a627642f400fd0
:102e1000b001a72700606241c0000000b401a28f8a
:102e2000708082afb001a28f6c8082af206062415f
:102e3000bf0a400b2000a4277080848f6c80968f7f
:102e4000e52c400f00000000218040002188600038
:102e5000e52c400f2120c0021000a2af1400a3af48
:102e60002000a427019d053c30bea524213000028e
:102e70009e2f400f213820021527400f2000a42745
:102e8000bf0a400b2000a4274026400f0200042464
:102e900001000224608082af6080828ffeff4014b8
:102ea00000000000019d043c1527400f38be84241b
:102eb0002180000001a01e3c803ade2701a0173cc3
:102ec000f038f726019d163c40bed626640011243a
:102ed0008010100021185e000000668c2110570041
:102ee0000000478ce800a4279e2f400f2128c00235
:102ef0001527400fe800a42701001026f5ff111642
:102f000080101000bf0a400b2000a42721100000f1
:102f1000b801a2afb401a2afb001a2af2000a427b4
:102f2000f826400fc8000524b001a2271000a2af68
:102f30002000a427019d053c48bea524b801a62772
:102f4000642f400fb401a72700606241c000000059
:102f5000b801a28f5c8082afb401a28f588082af8b
:102f6000b001a28f548082af20606241bf0a400b43
:102f70002000a4275c80848f5880978f5480968f80
:102f8000e52c400f000000002180400021886000f7
:102f9000e52c400f2120e0021000a2af1400a3afe7
:102fa000e52c400f2120c0021800a2af1c00a3afe7
:102fb0002000a427019d053c54bea5242130000219
:102fc0009e2f400f213820021527400f2000a427f4
:102fd000bf0a400b2000a4274026400f21200000fc
:102fe000b001a0af00606241c0000000508080af1f
:102ff0004c8080af308080af648080af688080afcd
:103000002000a427f826400fc80005242000a4278c
:10301000019d053c08bea524642f400fb001a627e2
:103020003930400fb001a48f448082af4026400f5a
:103030000300042420606241bf0a400b2000a42743
:103040004026400f21200000b401a0af211800004d
:10305000b001a3afe800a427f826400fc80005245c
:10306000e800a427019d053c08bea524642f400f5d
:10307000b401a62700606241c0000000b401a28f25
:10308000388082af1400401800000000218000004a
:10309000019d113c24be3126e800a427f826400fec
:1030a000c8000524e800a42721282002642f400f2f
:1030b000b001a6278010100021105200b001a38f8c
:1030c000000043ac01001026b401a28f2a100202b6
:1030d000f2ff4054e800a427348080af20606241b2
:1030e000bf0a400b2000a4274026400f21200000eb
:1030f000b401a0af21100000b001a2af0060624196
:10310000c0000000e800a427f826400fc8000524ee
:10311000e800a427019d053c08bea524642f400fac
:10312000b401a627b401a28f388082af14004018e2
:103130000000000021800000019d113c24be3126ca
:10314000e800a427f826400fc8000524e800a427bb
:1031500021282002642f400fb001a6278010100004
:1031600021105200b001a38f000043ac01001026d3
:10317000b401a28f2a100202f2ff4054e800a427f3
:10318000348080af20606241bf0a400b2000a4273a
:103190000629400f040010244026400f0400042498
:1031a0004226400f00000000fdff5010000000000c
:1031b0003880868fe800a427019d033c9e2f400f96
:1031c0000cbe65241527400fe800a4273880828fa5
:1031d00049fe401821b00000019d1e3c30bede2794
:1031e00080101600211852000000648c211053003a
:1031f0000000578ce52c400f0100d62621804000ae
:1032000021886000e52c400f2120e0021000a2afd1
:103210001400a3afe800a4272128c0032130000236
:103220009e2f400f213820021527400fe800a427c9
:103230003880828f2a10c202eaff401480101600e4
:10324000bf0a400b2000a427606182924408027ce0
:0c325000606182a2bf0a400b2000a4278e
:020000040000fa
:020000041d00dd
:10325c0000ffbd27fc00bfaff800beaff400b7af56
:10326c00f000b6afec00b5afe800b4afe400b3af1c
:10327c00e000b2afdc00b1afd800b0af2198800055
:10328c001800828c2180a000020005241000428cc2
:10329c0009f840002188c000a2004010ffff022462
:1032ac009800b3af9c00a2afa400b1afac00a0af2c
:1032bc00b000a0afa800a0af2128000221f00000b0
:1032cc00019d103c81aa1026009d153c0100a224f2
:1032dc00a000a2af0000b180120020125434b52619
:1032ec001000c017250002243300221221103002d6
:1032fc000000428088004230210040109800a42732
:10330c00892d400f0000000021f04000a000a58f87
:10331c000100a224a000a2af0000b180f0ff201693
:10332c00000000009c00a48fffff02240500821007
:10333c000000000010006296800042308d004010aa
:10334c00ffff02247500c213ac00a28fb000a28f45
:10335c00fc00bf8ff800be8ff400b78ff000b68f63
:10336c00ec00b58fe800b48fe400b38fe000b28faf
:10337c00dc00b18fd800b08f0800e0030001bd273e
:10338c000730400f00000000ffff0324cf01435023
:10339c00ffff1e24deff2252a000a58f9c00a2afcf
:1033ac0001001e24a800a28fffff4224a800a2af98
:1033bc00c70c400ba000a58f0200a224a000a2af56
:1033cc000100b280a20151122a000224dd00421237
:1033dc0021880000211012020000429004004230ab
:1033ec00c1004014ff7f163cffffd6366800022454
:1033fc00cc004212d000b6af6900422ab200401491
:10340c006c00022454004212a000a38f710002240d
:10341c0005004216a000a28f00083136010043249b
:10342c00a000a3af00005280bcff52263500422ef4
:10343c00bf014010809012002190b2020000428e19
:10344c0008004000000000009c35009d6c38009d79
:10345c006c38009d6c38009d3c3b009d3c3b009db6
:10346c003c3b009d3c3b009d3c3b009d3c3b009d00
:10347c003c3b009d5c38009d3c3b009d3c3b009dd3
:10348c003c3b009d3c3b009d3c3b009d4c38009dd3
:10349c003c3b009d3c3b009d4038009d3c3b009dcf
:1034ac003c3b009db037009d3c3b009d3c3b009d50
:1034bc003c3b009d3c3b009d3c3b009d3c3b009db0
:1034cc003c3b009d7037009da035009d6c38009de5
:1034dc006c38009d6c38009d3c3b009dd837009d9e
:1034ec003c3b009d3c3b009d3c3b009d3c3b009d80
:1034fc00e437009d6437009d4038009d3c3b009da7
:10350c003c3b009d2038009d3c3b009da435009d1c
:10351c003c3b009d3c3b009d4038009d8cff401483
:10352c00b000a28fffff0224fc00bf8ff800be8ffb
:10353c00f400b78ff000b68fec00b58fe800b48fb5
:10354c00e400b38fe000b28fdc00b18fd800b08ff5
:10355c000800e0030001bd2701006424a000a4af13
:10356c000000728019014212020062240d0d400b02
:10357c00000231367d29400f9800a58fffff0224f1
:10358c0073ffc257b000a28f4a0d400bac00a28f44
:10359c0000023136001031360a000324d400a3afe8
:1035ac00892d400f9800a42758ff401421f04000ab
:1035bc001800a427cc00a4afd000a28f0b0140149c
:1035cc00219000001800b627d400a38ffa006010d9
:1035dc00ffff172410000224d400a38f5a0162109d
:1035ec003000022408000224d400a38ff5006214da
:1035fc00019d023c08000324d400a3af019d043cb0
:10360c0084c59424ffff03240900e31221208002c7
:10361c00a22b400f2128e0021d0140100100c22600
:10362c00cc00a2af210140160000d7a2cc00b68f6f
:10363c000000c0a2ffff17240008343200103632fd
:10364c001800a427cc00a5270a018012d400a68f4d
:10365c002601c01200000000511f400f00000000a6
:10366c00212040002128600021100000ac00a38f15
:10367c0001006324ac00a3afd000a38f150172101e
:10368c000100233222ff6054a000a58f2201805636
:10369c00a400a28f000223327101601000012332ba
:1036ac00a400a38f04006424a400a4af0000638cc6
:1036bc00000062acb000a28f01004224b000a2afa7
:1036cc00c70c400ba000a58f4c00022456ff4216dd
:1036dc00a000a28f0004313601004324a000a3af48
:1036ec000d0d400b00005280a000a5270a000624f7
:1036fc00a000a28fffff4224212040003823400f5e
:10370c00a000a2afd000a2afa000a28f0100432462
:10371c00a000a3af000052806800022437ff42567d
:10372c006900422aa000a38f01006424a000a4af6a
:10373c0000007280a9004212020062240d0d400ba1
:10374c00000131360300a224a000a2af0200b28017
:10375c00f80c400b01001124080003246b0d400be6
:10376c00d400a3afff7f073cffffe734d000a38f4b
:10377c00263867009800a2271000a2af2120000075
:10378c002128000021302002010002240a184700e1
:10379c009722400f2138600021f04000c70c400bed
:1037ac00a000a58f9800a2271000a2af020004244d
:1037bc0001000524213020029722400fd000a78f52
:1037cc0021f04000c70c400ba000a58f0010313633
:1037dc006b0d400bd400a0af01002232ccfe401484
:1037ec00a000a58f0008233213016010a800a28f3f
:1037fc00a400a38fc327020004006524a400a5af76
:10380c000000638c000062ac040064acc70c400b7d
:10381c00a000a58f892d400f9800a427bbfe401453
:10382c0021f040009800a2271000a2afef0d400b32
:10383c0001000424100003246b0d400bd400a3af33
:10384c00000231360a0003246b0d400bd400a3afe9
:10385c0000023136080003246b0d400bd400a3afdb
:10386c00892d400f9800a427a8fe401421f0400099
:10387c00d000a48fb800a4af9800a227b400a2afc8
:10388c001800a227bc00a2afc000a0af8000022489
:10389c00c400a2af0a018014c800a0af019d043c73
:1038ac0080aa8224ffff162421a00000340e400bb6
:1038bc00b400b2275d2a400f2120c00221b0400085
:1038cc00211002020000429004004230f9ff401423
:1038dc00217840022e0002243601c212c800a28fa9
:1038ec002310540005004018dfff04242418c402e0
:1038fc00450002240b01621021784002217840021d
:10390c005d2a400f21200000ffff02240800c21294
:10391c00b400a28f1000438cb800a48f0100842443
:10392c00b800a4afffff6324040056ac100043acf6
:10393c00c800a28f23a05400f800801ab400a28ff4
:10394c00010023321400448c010084241200601402
:10395c00140044ac000423322a016014bc00a48f70
:10396c00000231320c00438c212800000400662434
:10397c001d0120120c0046acc031400f0000718cb0
:10398c00000022ae040023aeb400a28f1800438cba
:10399c0001006324180043acc000a48f5cfe80506f
:1039ac00a000a58fd823400f00000000c70c400bcf
:1039bc00a000a58fffff17240a000324d400a3af97
:1039cc00019d023c840d400ba8c55424a000a2af5d
:1039dc00010072800d0d400b00083136a000a2af23
:1039ec00010072800d0d400b800031360730400f06
:1039fc009800a42721b84000ffff02244f00e212d8
:103a0c00d000a38f2b0002240a01e216ffff7224c0
:103a1c00cc00a28f01004324cc00a3af630040165e
:103a2c00000057a0d400a38fe2ff6010cc00b68f2b
:103a3c0010000224ebfe6214ffff17241000032475
:103a4c00d400a3af019d043c840d400b90c594247d
:103a5c000730400f9800a427ffff03241b0043509e
:103a6c00ffff1e244efe52549c00a2afc70c400b0d
:103a7c00a000a58f2300c012000000007724400f87
:103a8c0000000000212000009e0d400b21280000aa
:103a9c000000c0a2010052269c00b7afa800a28f64
:103aac00ffff4224910d400ba800a2af0730400f3e
:103abc009800a42721b8400027100200cc00b68f34
:103acc002b100200840d400b23904202c70c400bbc
:103adc00a000a58fffff1e24274017000100022421
:103aec000bf04800c70c400ba000a58fd421400f51
:103afc000000000021204000212860009e0d400b9a
:103b0c00211000003823400f00000000212000008d
:103b1c009e0d400b2128000004004324a400a3aff9
:103b2c000000428c000044acb00d400b040045acce
:103b3c0001001e24c70c400ba000a58fcc00b68f33
:103b4c00750d400bd000b28fbdffe21610000324a0
:103b5c000100c226cc00a2af040040160000d7a280
:103b6c00cc00b68f920e400bffff17240730400f8e
:103b7c009800a427ffff1624f9ff561021b8400027
:103b8c00dfff04242418440058000224a600621409
:103b9c00ffff54268000801600000000cc00b68f7a
:103bac0021900000920e400bffff17240730400fae
:103bbc009800a42721b84000ffff02249affe212cc
:103bcc00d400a38fcc00b68fd000a48ffeff92241c
:103bdc00d400a38f81fe6014100002243000022454
:103bec0076ffe2160a0003240100c226cc00a2af25
:103bfc00040040160000d7a2ffff1724800d400bd5
:103c0c00cc00b68f0730400f9800a427ffff162476
:103c1c00f9ff561021b84000dfff0424241844009b
:103c2c0058000224dbff6210ffff54262190800213
:103c3c00800d400bcc00b68f0002233210006010b8
:103c4c0000012332a400a38f04006424a400a4afb9
:103c5c000000638c000062acc70c400ba000a58f69
:103c6c001000601080003132a400a38f0400642483
:103c7c00a400a4af0000638cb00d400b000062a444
:103c8c003d00601080003132a400a38f0400642436
:103c9c00a400a4af0000638c000062a4c70c400b0e
:103cac00a000a58fa400a38f04006424a400a4afdb
:103cbc002f0020120000638cb00d400b000062a09e
:103ccc000730400f9800a42721b04000ffff0224ca
:103cdc00f3fec252019d043cb800a28fffff4224a8
:103cec00b800a2af2b0002245700c2562d000224ac
:103cfc00b400b227217840025d2a400f2120c00277
:103d0c0021b0400001004224019d043c80aa832480
:103d1c0021106200340e400b01001424690e400b7c
:103d2c0001001e245d2a400f2120c00221b040005a
:103d3c002d0002240300c2122b0002240600c2161e
:103d4c0021101602217840025d2a400f2120c0026a
:103d5c0021b04000211016020000429004004230b5
:103d6c00f9ff401421784002430e400b0000000084
:103d7c00b00d400b000062aca400a38f04006424bf
:103d8c00a400a4af1c0020120000638c000062a0f1
:103d9c00c70c400ba000a58f0730400f9800a4273c
:103dac002100561021b84000feff5226920e400b07
:103dbc00cc00b68f730f400b2e0004242120c002c0
:103dcc005d2a400f0000000021b0400021100202cb
:103ddc000000429004004230f8ff40142178400269
:103dec003b0e400bc800a28fc731400f0000718cf6
:103dfc00650e400b000022ae000062acc70c400bfd
:103e0c00a000a58f0c00438c212800000400662420
:103e1c000c0046acc031400f0000718c000022ae8b
:103e2c00650e400b040023aecc00b68f920e400bf7
:103e3c00219080022d000224f6fee212cc00a28f0b
:103e4c00f70e400bcc00b68faaffc252b400b227bb
:103e5c000100c226019d043c80aa83242d0e400b38
:043e6c0021106200bf
:020000040000fa
:020000041d00dd
:103e700058ffbd27a400bfafa000beaf9c00b7afe6
:103e80009800b6af9400b5af9000b4af8c00b3af5c
:103e90008800b2af8400b1af8000b0afa800a4af7b
:103ea0001800828c2190a000010005241000428c93
:103eb00009f84000b000a6afab0140106000a22797
:103ec0007000a0af6800a2af000044820d00801017
:103ed00001005026250002241c008250010045826a
:103ee000ba2c400fa800a58f7000a38f0100632497
:103ef0007000a3af2190000200004482f5ff8014ff
:103f000001005026a800a48f100082944000423087
:103f100096014014ffff02247000a28fa400bf8fff
:103f2000a000be8f9c00b78f9800b68f9400b58f0d
:103f30009000b48f8c00b38f8800b28f8400b18f53
:103f40008000b08f0800e003a800bd277a01a4100c
:103f500021b800002d0002242b000324200004249b
:103f6000230006240e00a210300007241000a350e6
:103f70000200f7361100a4500100f7361200a650d7
:103f80000008f7361300a7542a0002240400f7366d
:103f90000100102600000582f4ffa21400000000ba
:103fa0000800f73601001026e60f400b00000582de
:103fb00001001026e60f400b0000058201001026cc
:103fc000e60f400b0000058201001026e60f400bb3
:103fd000000005824701a21021180002d0ffa22490
:103fe0000a00422c0b00401021b0000040101600c7
:103ff000c040160021404800010010262140050164
:1040000000000582d0ffa2240a00422cf7ff4014d2
:10401000d0ff16252e0002242201a210ffff1e242d
:10402000680002240d01a2106c0002243b01a210c2
:10403000710002244801a2104c000224c601a250c3
:10404000010005820200e332feffe2320bb84300ba
:10405000bcffa2240800e632fbffe4323500432c0b
:10406000010012260d0160100bb8860080100200be
:10407000009d043c88408424211082000000428c72
:1040800008004000000000004844009d9c44009d42
:10409000ec43009d9c44009d9c44009d9c44009ddd
:1040a0009c44009d9c44009d9c44009d9c44009d1c
:1040b0009c44009dcc46009ddc43009d9c44009d9b
:1040c0009c44009d9c44009d9c44009d1043009d89
:1040d0009c44009d9c44009d5c41009d9c44009d2f
:1040e0009c44009d9c44009d9c44009d9c44009ddc
:1040f0009c44009d9c44009d9c44009d9c44009dcc
:104100009c44009d8c46009d4c44009d9c44009d19
:10411000f043009d9c44009d9c44009d4c44009da8
:104120009c44009d9c44009d9c44009d9c44009d9b
:10413000d045009dc845009de043009d9c44009de6
:104140009c44009d1846009d9c44009d1443009d86
:104150009c44009d9c44009d6041009d2000f736da
:1041600010001024ffff02246f00c213212800005a
:10417000fbfff732ffffc527c000e2326e004010a0
:104180007400a2af2016177c7d0140041000e232bb
:1041900008014014b000a28f4100e232a501401096
:1041a000b000a48fb000a38f0000758c04006324be
:1041b000b000a3afc3a715006d0083067c00a0afbd
:1041c000236815002b100d002360140021a8a00106
:1041d00023a0820101000224670080127c00a2afac
:1041e0002510b402a90140105f00a2277800a2aff9
:1041f0002000e33237000424c38f100021984000d0
:10420000570002240a2043006c00a4af2120a00222
:104210002128800221300002221b400f2138200279
:104220000a004328300046246c00a48f211044006b
:104230000a304300ffff73262120a00221288002bc
:10424000010066a2213000023b1c400f21382002f1
:104250002520620021a8400021a06000ebff80140f
:10426000ffffde27ffffc5270a00a0042110600220
:10427000ffff64262320850030000324000043a0b4
:10428000ffff4224feff4454000043a027280500fe
:10429000219865020400e2320f0140140008e43264
:1042a000ffff8430070080507400a38f08000224b1
:1042b0002c01021210000224500102122000e432ec
:1042c0007400a38f070060107c00a48f1e0180146f
:1042d0000200e232030040102b000224000062a220
:1042e000ffff7326010065261000b7afa800a48f5a
:1042f0006800a28f233045002e29400f2138c002cc
:104300007000a38f21186200b20f400b7000a3afa2
:104310001000f736fff7f732ffff022494ffc217b1
:104320000a0010242128000001001e24c000e232ef
:1043300094ff40147400a2af2016177c18014004ab
:104340001000e23295004014b000a28f4100e2322a
:1043500032014010b000a48fb000a38f0000758c14
:1043600021a0000004006324b000a3af7c00a0af34
:104370009cff80162510b4024801a0122168a002fb
:104380005f00a4277800a4af2000e33237000524a3
:1043900021988000570002240a2843001b00b00126
:1043a000f401000210180000ffff7326ffffde2754
:1043b0001b00b001f4010002126800000a0064282a
:1043c00030006224211865000a106400f3ffa01574
:1043d000010062a29a10400bffffc5272000f736ac
:1043e0001008f7365910400b100010242000f73643
:1043f0008000e232b20040140004ea36b000a48f1c
:10440000070095240410157c0000a28e0400a38ee2
:104410000800b526b000b5af6000a2af6400a3af3e
:104420006000a68f6400a78f1000a5af1400b6af80
:104430001800beaf1c00aaaf4614400fa800a48ffe
:10444000c110400b7000a38f1000f736fff7ea325f
:10445000c00057355910400b0a0010240100028299
:10446000e2004550020005824000f7362128400056
:10447000010010260200e332feffe2320bb84300d7
:10448000bcffa2240800e632fbffe4323500432cd7
:1044900001001226f5fe60140bb88600c010400b18
:1044a00021100000010005822a000224c500a2108c
:1044b000d0ffa2240a00422c01001026d8fe401092
:1044c00021f0000040101e00c0481e002148490095
:1044d000010010262148250100000582d0ffa224fa
:1044e0000a00422cf7ff4014d0ff3e250910400b74
:1044f00068000224b000a28f0000568c04005524ee
:10450000010010260300c106010065800800f7368f
:1045100023b016000510400bb000b5af01000282b9
:10452000c9004550020005821000f73621284000de
:104530001d11400b0100102625000424ba2c400f49
:10454000a800a58f020052267000a48f01008424c9
:10455000b20f400b7000a4af010005820080f73657
:104560001110400b01001026ffff0224a400bf8f92
:10457000a000be8f9c00b78f9800b68f9400b58fb7
:104580009000b48f8c00b38f8800b28f8400b18ffd
:104590008000b08f0800e003a800bd270000558c04
:1045a00021a0000004004224b000a2afdc10400ba8
:1045b0007c00a0af0000558c04004224b000a2afe4
:1045c0006e10400bc3a715005910400b08001024b3
:1045d0002016177cb9004004b000a48f1000e2320e
:1045e000a2004014b000a28f4000e232be00401092
:1045f0000100ea32b000a28f0000438c21100000bd
:10460000b000a48f04008424b000a4af7000a48f75
:10461000c010400b000064a4b000a48f0000908c78
:10462000019d033c3cbc62240a805000ffff022431
:104630009e00c213040095240400c01b21481e02e2
:104640000000038205006014211000029b11400b42
:10465000211000000500605023105000010042248a
:10466000fcff495400004380231050001000b7aff6
:10467000a800a48f21280002213040002e29400fdd
:104680002138c002c010400bb000b5afb000a38ffe
:104690000000628c040075241000b7afa800a48f3e
:1046a0002000a527010006242138c0022000a2a373
:1046b0002e29400fb000b5afc110400b7000a38f82
:1046c000b000a38f0111400b070075241000f736ce
:1046d0005910400b080010247800a28f23186202a2
:1046e000ffff8430060080102118c3020800022456
:1046f00059000212feff62241000053a0a18450014
:104700007400a28f060040107c00a28f0400405469
:10471000ffff63240300e23201004054ffff6324e3
:10472000e0fe601821106002235863023000032469
:10473000000043a0ffff4224feff6255000043a09b
:10474000a910400b219860012d000224000062a2f4
:10475000b910400bffff73268000f7361d11400b88
:10476000010010260100638230000224d5fe621091
:104770007400a38f000062a2b010400bffff7326ed
:10478000b000a38f070062240410027c08004424b8
:10479000b000a4af0000558c6e10400b0400548c88
:1047a000b000a38f070062240410027c0800442498
:1047b000b000a4af0000558c0400548cdc10400bfa
:1047c0007c00a0afb000a38f00007e8c0400752495
:1047d0000200022602000582b000b5af10fec1073c
:1047e000218040000810400bffff1e240100f73617
:1047f000010010261d11400b010010265800022454
:10480000780003240a106400000062a23000022431
:10481000ffff62a2b010400bfeff73260000958cd4
:1048200021a0000004008424b000a4afdc10400be1
:104830007c00a0af0000958c04008424b000a4afdd
:104840006e10400bc3a715000080f736010010263c
:104850001d11400b01001026010062823000423819
:104860002b100200c011400b231862000000438c83
:1048700021100000b000a48f04008424b000a4af75
:104880007000a48fc010400b000064ac5f00a32731
:104890007800a3af9a10400b219860005f00a22718
:1048a0007800a2af9a10400b21984000fd2d400fd8
:1048b000212000029c11400b1000b7af0000828c39
:1048c0007000a48fc31f0400b000a48f04008424d0
:1048d000b000a4af7000a48f000044ac040043ac4f
:1048e000c010400b21100000b000a28f0000438ccc
:1048f00021100000b000a48f04008424b000a4aff5
:10490000030040117000a48fc010400b000064a091
:08491000c010400b000064ac74
:020000040000fa
:020000041d00dd
:10491800c0ffbd273c00bfaf3800beaf3400b7af03
:104928003000b6af2c00b5af2800b4af2400b3af49
:104938002000b2af1c00b1af1800b0af0b0090243c
:104948001700022e210040100410107c1100842c46
:10495800860080101000102401a0113c183c31265c
:10496800211830020c00628cbb004310c2401000ba
:104978000400438c0c00448c0800458c0408037c1c
:10498800211843000400668c0c00a4ac08004224e3
:104998000100c634080085ac040066ac3c00bf8f3b
:1049a8003800be8f3400b78f3000b68f2c00b58f1b
:1049b8002800b48f2400b38f2000b28f1c00b18f61
:1049c8001800b08f0800e0034000bd27670000060c
:1049d8002b20040265008014f801022edfff40142a
:1049e80001a0113c421210000a0040107e0006246b
:1049f8000500432c3d006014824110001500432c33
:104a0800fc0060105500432c5b0048248912400bc1
:104a1800403008003f00082401a0113c8030060007
:104a2800183c3126213026020c00c28c0900c254e1
:104a38000400448c9e12400b010008255b006304af
:104a4800212044000c00428c0900c25001000825b6
:104a58000400448c0408047c231890001000652886
:104a6800f6ffa01400000000ffff0825010008253c
:104a78001000228e01a0063c203cc6247c00465033
:104a88000400248e0400448c0408047c231890003d
:104a9800100065285900a05021205000140026aeaf
:104aa80015006004100026ae212044000400838c09
:104ab8000800422401006334040083ac3c00bf8f2b
:104ac8003800be8f3400b78f3000b68f2c00b58ffa
:104ad8002800b48f2400b38f2000b28f1c00b18f40
:104ae8001800b08f0800e0034000bd2738000825f3
:104af8008812400b403008000002832cc600605426
:104b0800c2200400421a04000500652c4b01a010c5
:104b18001500652c822904003800a524c03805003a
:104b2800213827020800e38c510167500400248ec5
:104b38000400658c0408057c2b2885000500a0501e
:104b48000c00658c0800638cfaffe3540400658c44
:104b58000c00658c0400248e0c0045ac080043aca6
:104b68000800a2ac1e13400b0c0062ac0c0003241e
:104b780000a0023c6c0043ac211000003c00bf8f39
:104b88003800be8f3400b78f3000b68f2c00b58f39
:104b98002800b48f2400b38f2000b28f1c00b18f7f
:104ba8001800b08f0800e0034000bd270400868c81
:104bb8000c00438c0800458c0100c63408004224d0
:104bc8000c00a3ac080065ac040086ac3c00bf8fa9
:104bd8003800be8f3400b78f3000b68f2c00b58fe9
:104be8002800b48f2400b38f2000b28f1c00b18f2f
:104bf8001800b08f0800e0034000bd270100103600
:104c08000100673421288300040050ac08004224c6
:104c1800140024ae100024ae0c0086ac080086ac4c
:104c2800040087ac0000a3ac3c00bf8f3800be8fe7
:104c38003400b78f3000b68f2c00b58f2800b48fa2
:104c48002400b38f2000b28f1c00b18f1800b08fe2
:104c58000800e0034000bd27080043241400428cec
:104c680083ff6210020008255f12400b0400438c8a
:104c78008310080001000724043847002b10870020
:104c88002a0040540800328e2410870070004050db
:104c980040380700c050080021502a02214840012e
:104ca800215800010c00228d090022550400448c73
:104cb800a313400b01006b259000630421204400de
:104cc8000c00428c6f00225101006b250400448cbb
:104cd8000408047c2318900010006528f6ffa0142f
:104ce800000000000c00458c0800478c2120500073
:104cf800010010360100693421408300040050ace3
:104d0800080042240c00e5ac0800a7ac140024ae4f
:104d1800100024ae0c0086ac080086ac040089acf8
:104d28006912400b000003ad0800328e0400548e57
:104d38000408147c2b1090020400401423109002e5
:104d480010004328240060102118500201a0023ce2
:104d5800ac41558c01a01e3c21b854021000b52668
:104d68004032400f21a8b00221b04000103cc38f50
:104d7800ffff022404006210ffffa2262110560044
:104d880023a8160024a8a2026630400f2120a00202
:104d980021984000ffff0224070062520800328e6b
:104da8002b1077025e00401001a0033c5d005152b9
:104db8007c41628c0800328e0400428e0408027c1a
:104dc8002b185000a1006014231050001000432835
:104dd8009e0060142118500201001036010044346e
:104de800040050ae08004226080023ae6912400baa
:104df800040064ac20006014024310005501432ce9
:104e0800880060105505422cc24310007700082521
:104e18008812400b40300800c018040021182302f3
:104e28000400278e0800658c8320040001000924f3
:104e380004208900252087000c0043ac080045acfd
:104e4800040024ae080062ac1e13400b0c00a2ac98
:104e58000408087c241087008eff401404000825ed
:104e68004038070024108700fdff40100400082583
:104e78002813400bc05008006e0008258812400b0c
:104e8800403008000300623186ff401408002925dd
:104e9800ab13400bf8ff422509004215ffff082518
:104ea800f8ff422503000331fbff605400004a8de0
:104eb8000400228e2718070024106200040022ae86
:104ec8000400228e403807002b18470097ff6054d3
:104ed8000800328e94ffe0102418e2006dff601481
:104ee80021406001403807002418e200fdff6010ef
:104ef800040008252813400bc05008000400868cc5
:104f08000c00438c0800458c0100c634040086acb4
:104f1800080042240c00a3ac6912400b080065ace1
:104f28007c41628cffffc5262110a2025c00f312af
:104f38007c4162ac103cc68fffff04246800c4505b
:104f480001a0023c23b87702211057007c4162acd3
:104f580007006432040080102110000008000224b9
:104f6800231044002198620221a8750221105600de
:104f78002428a50223a845002120a0026630400f5e
:104f88001000a3afffff0424520044101000a38fa9
:104f9800231053002120a202010084347c41628c3a
:104fa800080033ae2110a2027c4162ac0f005112fe
:104fb800040064ae1000832e28006014f4ff8326da
:104fc8000410037c2120430205000524040085ac5d
:104fd800080085ac0400458e1000642c0100a53043
:104fe8002518650036008010040043ae01a0033c7c
:104ff800a841648c2b20820001008054a84162ac37
:1050080001a0033ca441648c2b2082000200801084
:105018000800328ea44162ac0400428e7213400b29
:105028000408027c0b004050fc0006248244100057
:105038007c0008258812400b403008001300a0505f
:105048005500652cc912400b5b0065246912400ba2
:10505800211000008812400b7e0008240100022461
:10506800040062ae219060027213400b2110000010
:1050780083280500010007240428a7002520a40090
:10508800040024aed812400b212860001600a0505e
:105098005501652c022b0400c912400b6e00a52493
:1050a8002420e502a4ff8054103cc68f0800238efc
:1050b8002120b40201008434fd13400b040064acc9
:1050c800d823400f0800442601a0023cfd13400be2
:1050d8007c41428c01000424e913400b21a8000004
:1050e800d613400b103c53ac0400a0105505632c9c
:1050f800c22b0400c912400b7700a52487fe60105c
:105108007e000524822c0400c912400b7c00a524d3
:020000040000fa
:020000041d00dd
:1051180088fdbd277402bfaf7002beaf6c02b7af87
:105128006802b6af6402b5af6002b4af5c02b3af59
:105138005802b2af5402b1af5002b0af2180e000c4
:10514800f07f023c2418e2007802a4af2188c00056
:105158009002b28f9402a497f60062104002a4afa6
:10516800ffff02244d0142122800422a0900401480
:105178004402a0af8802a38f4429037c470002247d
:10518800630162104002a48fd9ff52264402b2afd5
:10519800270012241900a0a37e0000064802a0af31
:1051a8002120200221280002152a400f3002a627bc
:1051b8003802a2af3c02a3af3002b08f3402b18fe5
:1051c800213000002138000021200002ca29400fa8
:1051d800212820025a01401021a80000019d133cfb
:1051e80088bc778e8cbc768e1802b42721f0e0023a
:1051f8002198c0022130e0022138c002212000029b
:10520800c718400f212820022120400021286000d3
:10521800152a400f3002a627019d043c90bc842427
:105228000000868c0400878c212040002128600023
:105238002802a2af531d400f2c02a3af212040002b
:10524800212860002130c0030921400f2138600265
:1052580021204000222e400f212860003002b08f0c
:105268003402b18fffff942630004224212000022f
:10527800212820022130000021380000010082a2ec
:10528800ca29400f0100b526dbff40142130e00297
:10529800460002248802a58f4300a210660002245b
:1052a8004100a21021b000001900a4831900a22710
:1052b8001a00a3270a1064004802a48f290080104e
:1052c8004002a58fffff5224ffff44a00100d6260d
:1052d8004002a58f0800b130ffff31324402a28f8f
:1052e8007d0020162180c2028c02a38f2a1003029f
:1052f8007a004050212040024002a48f04008230ee
:10530800080140107802a48f23287000019d063cf4
:10531800622d400f44bcc624ffff03246f004314d2
:10532800212040028c02a38f2a1003020a180202cd
:10533800211060007402bf8f7002be8f6c02b78f9d
:105348006802b68f6402b58f6002b48f5c02b38fb7
:105358005802b28f5402b18f5002b08f0800e00398
:105368007802bd270200a330d3006054ffff522407
:105378004002a48f01008330d5ff601021904000c7
:10538800ffff522420000324ffff43a0b614400b64
:105398000100d6260080023c268002022d0005244a
:1053a8006a14400b4802a5af8200a0123000022404
:1053b800010082261902a5272b184500f900601064
:1053c8001a00b1272118200200004480010063243c
:1053d80001004224fcff4514ffff64a02380b403ae
:1053e8001802102621803002770040124002a38f55
:1053f8003802a48f3c02a58f21300000213800001c
:10540800010016262e000224ca29400f000002a21d
:105418009a004010ffff4326019d133c88bc748e00
:105428001015400b8cbc758eca29400f0000000077
:1054380092004010ffff4326213080022138a0024d
:105448003802a48f0921400f3c02a58f212040007b
:1054580021286000152a400f2802a6273802a2af8b
:105468003c02a3af2802a48f2c02a58f0100d626e8
:10547800222e400fffff52263802a48f3c02a58f30
:10548800213000002138000030004224e6ff401699
:10549800ffffc2a23802a48f3c02a58f2130000072
:1054a800ca29400f213800005200401488bc668e7b
:1054b80023b0d1021900a4831900a2271a00a32738
:1054c8000a1064004802a48fa6ff80104002a58f2e
:1054d800b414400bffff5224212040022128c002af
:1054e800b92f400f7802a68fffff12248dff5210ac
:1054f8004402a38f740060147802a48f8aff2012dc
:105508008c02a38f8c02a48f2a10040287ff4010fc
:105518002a1003027802a48f8c02a28f232850003d
:10552800019d063c622d400f64bcc624cc14400b80
:105538008c02a38f2120c0002128e0002130200206
:10554800ca29400f21380002670040142120200298
:105558002128000221300000ca29400f213800000c
:10556800790040044002a38f1000a3af7802a48ff3
:10557800019d053c34bca524040006242e29400fb7
:105588008c02a78f7402bf8f7002be8f6c02b78f18
:105598006802b68f6402b58f6002b48f5c02b38f65
:1055a8005802b28f5402b18f5002b08f0800e00346
:1055b8007802bd271a00a2a31b00b0278cff401653
:1055c8001a00b1274002a38f000862306800401417
:1055d8003802a48f3c02a58f21300000ca29400f51
:1055e80021380000b2ff401021b00002019d133c99
:1055f80088bc668e8cbc678e3802a48f3c02a58f4f
:105608000921400fffffd0262120400021286000fb
:10561800152a400f2002a627019d023c98bc448c05
:105628009cbc458c2002a68fca29400f2402a78f54
:105638002e0004240b004004300005242f15400bd5
:1056480023b0d102010042242014027c3a004328ee
:1056580052006054000002a254001112000005a27a
:10566800ffff102600000282f7ff44540100422485
:10567800ffff02829315400bffff102601006324f1
:105688002118c302300002240100d626feffc316eb
:10569800ffffc2a22f15400b23b0d1024402a0afd6
:1056a800060012241900a0a3bdfe01064802a0afff
:1056b800e814400b0080023c2b000324ffff43a0aa
:1056c800b614400b0100d6264402a58f019d063c66
:1056d800622d400f44bcc62488ff52148c02a38f4d
:1056e800cd14400b2a1003024002a58f1000a5af6d
:1056f8007802a48f019d053c28bca524030006243c
:105708002e29400f8c02a78fd014400b7402bf8f34
:10571800000882309dfe4054d9ff52266714400b82
:10572800270012248c02a28f23285000019d063cda
:10573800622d400f64bcc624c914400bffff03242c
:10574800a614400b1802b4274002a28f1000a2af83
:105758007802a48f019d053c2cbca52404000624d6
:105768002e29400f8c02a78fd014400b7402bf8fd4
:105778003c02a58f213000002138000001001626c8
:105788002e000224ca29400f000002a298ff4054ac
:10579800019d133c2f15400b23b0d1022f15400b50
:1057a80023b0d102fc14400b2180200231000224d6
:1057b8001900a2a31900b1272f15400b23b0d1025d
:020000040000fa
:020000041d00dd
:1057c800700000a0a03b0100000000000c0000a039
:1057d8005c00000000000000000000a004000000c1
:1057e80001000000c8000000680000a004000000dc
:1057f80000000000204001a0d400000001000000cb
:10580800844001a0a04001a0bc4001a0804001a0ac
:10581800f44001a0010000000000000000000000aa
:105828000000000000000000000000000000000070
:105838000000000000000000000000000000000060
:105848000000000000000000000000000000000050
:105858000000000000000000000000000000000040
:1058680000000000ffffffffffffffff0000000038
:10587800400000000910000000000000b4c7009daf
:10588800ffffffff00000000000000000000000014
:105898000210010000000000b4c7009dffffffffd9
:1058a80000000000000000000000000002000200ec
:1058b80000000000b4c7009dfdffffff00000000ce
:1058c80000000000000000000000000000000000d0
:1058d80000000000f44001a0880000000000000063
:1058e800040000a00400000001000000204001a006
:1058f800f44101a00400000000000000103c01a0d9
:105908001004000001000000ffffffff002000005e
:105918000000000000000000183c01a0183c01a095
:10592800203c01a0203c01a0283c01a0283c01a06b
:10593800303c01a0303c01a0383c01a0383c01a01b
:10594800403c01a0403c01a0483c01a0483c01a0cb
:10595800503c01a0503c01a0583c01a0583c01a07b
:10596800603c01a0603c01a0683c01a0683c01a02b
:10597800703c01a0703c01a0783c01a0783c01a0db
:10598800803c01a0803c01a0883c01a0883c01a08b
:10599800903c01a0903c01a0983c01a0983c01a03b
:1059a800a03c01a0a03c01a0a83c01a0a83c01a0eb
:1059b800b03c01a0b03c01a0b83c01a0b83c01a09b
:1059c800c03c01a0c03c01a0c83c01a0c83c01a04b
:1059d800d03c01a0d03c01a0d83c01a0d83c01a0fb
:1059e800e03c01a0e03c01a0e83c01a0e83c01a0ab
:1059f800f03c01a0f03c01a0f83c01a0f83c01a05b
:105a0800003d01a0003d01a0083d01a0083d01a006
:105a1800103d01a0103d01a0183d01a0183d01a0b6
:105a2800203d01a0203d01a0283d01a0283d01a066
:105a3800303d01a0303d01a0383d01a0383d01a016
:105a4800403d01a0403d01a0483d01a0483d01a0c6
:105a5800503d01a0503d01a0583d01a0583d01a076
:105a6800603d01a0603d01a0683d01a0683d01a026
:105a7800703d01a0703d01a0783d01a0783d01a0d6
:105a8800803d01a0803d01a0883d01a0883d01a086
:105a9800903d01a0903d01a0983d01a0983d01a036
:105aa800a03d01a0a03d01a0a83d01a0a83d01a0e6
:105ab800b03d01a0b03d01a0b83d01a0b83d01a096
:105ac800c03d01a0c03d01a0c83d01a0c83d01a046
:105ad800d03d01a0d03d01a0d83d01a0d83d01a0f6
:105ae800e03d01a0e03d01a0e83d01a0e83d01a0a6
:105af800f03d01a0f03d01a0f83d01a0f83d01a056
:105b0800003e01a0003e01a0083e01a0083e01a001
:105b1800103e01a0103e01a0183e01a0183e01a0b1
:105b2800203e01a0203e01a0283e01a0283e01a061
:105b3800303e01a0303e01a0383e01a0383e01a011
:105b4800403e01a0403e01a0483e01a0483e01a0c1
:105b5800503e01a0503e01a0583e01a0583e01a071
:105b6800603e01a0603e01a0683e01a0683e01a021
:105b7800703e01a0703e01a0783e01a0783e01a0d1
:105b8800803e01a0803e01a0883e01a0883e01a081
:105b9800903e01a0903e01a0983e01a0983e01a031
:105ba800a03e01a0a03e01a0a83e01a0a83e01a0e1
:105bb800b03e01a0b03e01a0b83e01a0b83e01a091
:105bc800c03e01a0c03e01a0c83e01a0c83e01a041
:105bd800d03e01a0d03e01a0d83e01a0d83e01a0f1
:105be800e03e01a0e03e01a0e83e01a0e83e01a0a1
:105bf800f03e01a0f03e01a0f83e01a0f83e01a051
:105c0800003f01a0003f01a0083f01a0083f01a0fc
:105c1800103f01a0103f01a0183f01a0183f01a0ac
:105c2800203f01a0203f01a0283f01a0283f01a05c
:105c3800303f01a0303f01a0383f01a0383f01a00c
:105c4800403f01a0403f01a0483f01a0483f01a0bc
:105c5800503f01a0503f01a0583f01a0583f01a06c
:105c6800603f01a0603f01a0683f01a0683f01a01c
:105c7800703f01a0703f01a0783f01a0783f01a0cc
:105c8800803f01a0803f01a0883f01a0883f01a07c
:105c9800903f01a0903f01a0983f01a0983f01a02c
:105ca800a03f01a0a03f01a0a83f01a0a83f01a0dc
:105cb800b03f01a0b03f01a0b83f01a0b83f01a08c
:105cc800c03f01a0c03f01a0c83f01a0c83f01a03c
:105cd800d03f01a0d03f01a0d83f01a0d83f01a0ec
:105ce800e03f01a0e03f01a0e83f01a0e83f01a09c
:105cf800f03f01a0f03f01a0f83f01a0f83f01a04c
:105d0800004001a0004001a0084001a0084001a0f7
:105d1800104001a0104001a07c4101a03400000007
:105d2800000000006c0000a004000000000000005b
:105d3800d44101a020000000010000000000000084
:105d4800ffffffff0000000000000000000000004f
:105d5800000000000000000000000000f84101a061
:105d68000400000000000000b04101a02400000071
:105d780000000000080000a004000000010000006e
:105d880002000000000000002222222222222222f9
:020000040000fa
:020000041d00dd
:105d9800c8ffbd273400bfaf3000beaf2c00b7af7f
:105da8002800b6af2400b5af2000b4af1c00b3afd5
:105db8001800b2af1400b1af1000b0afe50080100a
:105dc80021808000fcff948c0b00b2241700422e27
:105dd800f8ff9324fcff0324470040102488830223
:105de80010000324100012242b1045024500401413
:105df8002a102302530040100100953201a0173cdd
:105e0800183cf7260800e48e21107102b6008210b3
:105e1800feff08240400468c2438c80021384700b7
:105e28000400e78c0100e7305e00e0100408067cff
:105e38002130000021100000010095327300a016e7
:105e480000000000f8ff168e23b076020400c78e0b
:105e5800c90040100408077cc90044102138f1002b
:105e680021b8c7002a20e3028d00805421b8e00041
:105e78000c00438c0800428cfcff26262500c42c0d
:105e88000c0043ac080062ac0c00c28e0800c38e44
:105e98000800d4260c0062ac8b008010080043accc
:105ea8001400c22c09004014211880020000038e3f
:105eb8001c00c22c0800c3ae0400038ee80040108a
:105ec8000c00c3ae1000c326080010260000028e86
:105ed8002188e002000062ac0400028e2198c00212
:105ee800040062ac0800028e080062ac0400d58e83
:105ef800d417400b0100b5320410127cbaff4106da
:105f0800211840020c00032400a0023c6c0043aca2
:105f1800211000003400bf8f3000be8f2c00b78fd7
:105f28002800b68f2400b58f2000b48f1c00b38fd3
:105f38001800b28f1400b18f1000b08f0800e00372
:105f48003800bd2721a00002231832021000652c5a
:105f58002200a0102120720225a8b102040075ae0b
:105f6800218871020400228e01004234040022ae0e
:105f7800211080023400bf8f3000be8f2c00b78ff5
:105f88002800b68f2400b58f2000b48f1c00b38f73
:105f98001800b28f1400b18f1000b08f0800e00312
:105fa8003800bd272138d1002a40e300a3ff00159f
:105fb800010095320c00438c0800428c0c0043ac65
:105fc8002188e000080062ac231832021000652c1a
:105fd800e1ffa01421a00002212072022590b20244
:105fe80001006234040072ae21188300040082ac00
:105ff8000400628c0800842401004234d823400f36
:10600800040062acdf17400b211080024612400fdb
:106018002120a000ad00401021b040000400147cf5
:10602800f8ff422421a0740288005410fcff2626a1
:106038002500c22c4b0040101400c22c33004050e5
:106048000000048e2110c002211800020000658c97
:106058000400648c0800638c000045ac040044ac68
:10606800080043acd823400f212000022110c002b1
:106078003400bf8f3000be8f2c00b78f2800b68f3a
:106088002400b58f2000b48f1c00b38f1800b28f86
:106098001400b18f1000b08f0800e0033800bd274e
:1060a8002a18e302d9ff6014fcff26260c00c28ed2
:1060b8000800c38e2500c42c0c0062ac0800d4264e
:1060c80077ff8014080043ac21208002d32f400fb3
:1060d800212800020400d58e2188e0020100b53293
:1060e800d417400b2198c0020400868c1000472664
:1060f8000408067c2110d1002a3847000b00e05024
:10610800231052009017400b211080000400038eca
:106118001c00c22c0000c4ae420040100400c3aef4
:106128000800c2261518400b0800032621987202a1
:10613800010042340800f3ae040062aefcff038e97
:10614800211000020100633025904302df17400b45
:10615800fcff12ae4612400f2120a000e017400bb2
:106168003400bf8f2120c002d32f400f2128000206
:106178001b18400b000000002a18400b21b8f10042
:1061880021f0c700100042262a10c203c4ff405461
:1061980021b8e0000c00c38e0800c58efcff26263f
:1061a8002500c22c0c00a3ac0800c72642004010f2
:1061b800080065ac1400c22c090040142118e00046
:1061c8000000038e1c00c22c0800c3ae0400038e1e
:1061d800400040100c00c3ae1000c3260800102673
:1061e8000000028e000062ac0400028e040062ac63
:1061f8000800028e080062ac2310d2032118d202d4
:10620800010042340800e3ae040062ac0400c38e0f
:106218002110e0000100633025904302df17400b96
:106228000400d2ae0800038e0c00028e0800c3ae34
:106238000c00c2ae240002241300c2501000038eca
:106248001000c2261518400b10000326fcffc28e52
:1062580021a000020408027cd417400b21882202e6
:106268000800028e1000c2ae0c00028e1400c2aeee
:10627800240002240a00c2501000028e1800c3260f
:10628800b517400b100010261400048e1800c22603
:106298001000c3ae180003261518400b1400c4ae36
:1062a8002000c3261800c2ae1400028e1800102663
:1062b800b517400b1c00c2ae2120e000d32f400fc1
:1062c800212800028018400b21384000df17400bbe
:1062d800211000000800028e1000c2ae0c00028ed1
:1062e8001400c2ae240002240400c2501000028e22
:1062f8001800c3267a18400b100010262000c32669
:106308001800c2ae1400028e180010267a18400b2e
:046318001c00c2aef5
:020000040000fa
:020000041d00dd
:10631c004050050042550a00c04a0500427d040069
:10632c0025482f01c042040000800e3c25482e0158
:10633c0040680700426d0d00c0620700427d0600f8
:10634c0025608f01c05a060025608e012628a70003
:10635c002428ae00ffff4f25fe07e12dcb002010b7
:10636c0000000000ffffaf25fe07e12df400201018
:10637c000000000023504d01ff034a254240080055
:10638c00c07f090025400f0142480900023c0c0067
:10639c00f401e0001b0027011270000010480000ff
:1063ac00ffff86311900ce0012200000004c0900be
:1063bc00027c080025482f012b7824010600e011ef
:1063cc0023482401ffffce2521482c012b082c014a
:1063dc00fcff201000000000f401e0001b0027016e
:1063ec0012380000104800001900c70012200000ed
:1063fc00004c0900ffff0f3125482f012b78240199
:10640c000600e01123482401ffffe72421482c015a
:10641c002b082c01fcff20100000000000740e0063
:10642c002170c7011900cb011238000010200000a8
:10643c00000008242b780701234007012b102f01a3
:10644c0023482f012b7824012578e2010b00e01161
:10645c0023482401ffffce2521400b012b780b0193
:10646c0021482c0121482f0102002c1100000000b2
:10647c002b782c01f7ffe0110000000006002c1512
:10648c000000000025200b002548080000000d240a
:10649c002a00001025380d00023c0c00f401e0002d
:1064ac001b0027011268000010480000ffff863116
:1064bc001900cd0012200000004c0900027c0800dd
:1064cc0025482f012b7824010600e01123482401d4
:1064dc00ffffad2521482c012b082c01fcff2010bf
:1064ec0000000000f401e0001b002701123800003e
:1064fc00104800001900c70012200000004c0900d1
:10650c00ffff0f3125482f012b7824010600e011e5
:10651c0023482401ffffe72421482c012b082c01e0
:10652c00fcff201000000000006c0d002168a7018a
:10653c001900ab01123800001020000000000824e4
:10654c002b780701234007012b102f0123482f0123
:10655c002b7824012578e2010b00e011234824015b
:10656c00ffffad2521400b012b780b0121482c019d
:10657c0021482f0102002c11000000002b782c0167
:10658c00f7ffe011000000000600c005000000004d
:10659c002a78a0012168ad012170ce012170cf01b4
:1065ac00ffff4a25257828010200e01100000000b9
:1065bc000100ad3525480e0025400d00ffff4f258d
:1065cc00fe07e12d15002010000000000004082536
:1065dc0000040f2d21482f012b782f0121504f0142
:1065ec00c27a08000100ef3123400f01c2220800db
:1065fc00407d090025208f0040780900027b0f00a8
:10660c002528af00007d0a002528af0025100400c6
:10661c00251805000800e003000000004400401da0
:10662c000000000001000e242370ca012000c12dbf
:10663c000700201400000000e0ffce212b200800f2
:10664c000d00091025402401f8ff0010000009344a
:10665c000900c0110000000022300e000420c80008
:10666c000430c9000640c8010648c9010200801068
:10667c002540c800020008350004082500040f2d31
:10668c0021482f01d6ff0010c25709002a780001bb
:10669c0021400801214829011700401521482f01ec
:1066ac00257828011400e0110000000008002015d6
:1066bc0000000000030000150000000029ff00107e
:1066cc0000000a242548000100000824e0ff4a25a8
:1066dc0020702e7123ffc0110000000023504e01ca
:1066ec0022300e000630c8000440c8010448c9011d
:1066fc001cff00102548260105004d150000000068
:10670c0040780c002578eb012b00e0110000000014
:10671c00ff0701240a00a11100000000bbff40117b
:10672c0000000000257828012300e015000000007f
:10673c00f07f013c2528a100b4ff001000000424c8
:10674c002a78600121586b0121608c011700a0157b
:10675c0021608f0125788b01f5ffe011000000000e
:10676c000800801500000000030060150000000008
:10677c0000ff001000000d242560600100000b24b8
:10678c00e0ffad2520708e71fafec01100000000f4
:10679c002368ae0122300e000630cb000458cb012a
:1067ac000460cc01f3fe00102560860125788b0176
:1067bc000200e01100000000f8ff053c93ff001000
:0867cc0000000424000000009d
:020000040000fa
:020000041d00dd
:1067d4005200a004214800005700e20423300600c0
:1067e4002140c000215080004600e0142118a00080
:1067f4002b10a6005d0040102010c270080040500d
:10680400022c08002320020006208a0004184500f8
:10681400044046002518830004504a00022c080056
:106824001b006500f401a000106000001258000075
:10683400ffff073102240a001210000002306771c2
:1068440000640c00252084012b6086001b00650079
:10685400f401a0000b008011231886002120880079
:106864002b18880006006014ffff62252b18860091
:106874000400601023188600feff62252120880092
:1068840023188600ffff4a311b006500f401a000b5
:106894001058000012300000122000000238c770a7
:1068a400005c0b0025506a012b5847011b00650052
:1068b400f401a000090060510014020021504801b5
:1068c4002b40480104000015ffffc4242b38470166
:1068d400feffc6240b20c70000140200251082000e
:1068e4002118000005002011000000002310020000
:1068f4002b20020023180300231864000800e0037f
:10690400000000002b10a700100040102040e87089
:10691400211800003a1a400b211000002320040023
:106924002b100400232805002328a200acffe10457
:10693400ffff0924233006002b100600233807002c
:1069440027480900f919400b2338e2007e0000159e
:10695400200002242b28e500c600a0142118000002
:106964002b1086003a1a400b010042380600c0146e
:1069740020100271010008241b000701f401e0004b
:1069840012400000201002713300405404404800bb
:106994002320a800023c0800ffff0c31010003245f
:1069a40002340a001b008700f401e00010700000ac
:1069b40012680000121000000258ac7100740e003e
:1069c4002530c6012b70cb001b008700f401e000ca
:1069d4000900c0112328cb002130c8002b20c80097
:1069e40004008014ffffa2252b20cb00a3008054b9
:1069f400feffa2252328cb00ffff4a311b00a7007e
:106a0400f401e000105800001230000012200000d1
:106a14000260cc70005c0b0025506a012b584c01bd
:106a24001b00a700f401e0000900605100140200fb
:106a3400215048012b40480104000015ffffc424e5
:106a44002b504c01feffc6240b20ca000014020088
:106a54003a1a400b251082002000032423186200f8
:106a640006306500023c08001b00c700f401e0008a
:106a74001078000012680000ffff0c310428450064
:106a840006186400252865000274050004504400bb
:106a9400121800000258ac7100140f002510c20136
:106aa4002b204b001b00c700f401e0000b008050ba
:106ab40023104b00211048002b20480006008014ae
:106ac400ffffa3252b204b000400805023104b0014
:106ad400feffa3252110480023104b00ffffad301b
:106ae4001b004700f401e0001020000012580000d1
:106af4001230000002286c710024040025208d004f
:106b04002b6885001b004700f401e0000b00a05136
:106b1400001c0300212088002b108800060040146c
:106b2400ffff66252b10850004004050001c030065
:106b3400feff662521208800001c03002320850019
:106b4400691a400b2518c3002310480004380701b4
:106b5400061846002538670006584500021c070041
:106b64001b006301f401600010500000127000006b
:106b7400ffffec30042805010610440025284500d9
:106b8400027c0500121000000268cc7100540a0057
:106b940025504f012b784d011b006301f401600067
:106ba4000a00e01104300601215047012b58470127
:106bb40006006015ffffc2252b584d0104006051eb
:106bc40023504d01feffc2252150470123504d01a2
:106bd400ffffa5301b004301f401600010700000aa
:106be40012680000125800000260ac7100740e00bc
:106bf4002528c5012b70ac001b004301f401600083
:106c04000b00c051001402002128a7002b18a70074
:106c140006006014ffffab252b18ac000400605085
:106c240000140200feffab252128a7000014020077
:106c3400251062012328ac0019004600103800001a
:106c44002b18a70008006014123000000300a7509e
:106c5400042004013a1a400b211800002b3086004e
:106c640020ffc05021180000ffff42243a1a400bb5
:106c7400211800003a1a400b010002247e1a400b2e
:106c84002130c8002140c000214880003b00e014ae
:106c94002118a0002b10a600480040102010c2703c
:106ca400080040500234080023180200042845005c
:106cb4000618640004404600251865000448440092
:106cc400023408001b006600f401c000102000001c
:106cd40012580000ffff0c310254090002586c7175
:106ce4000024040025508a002b684b011b00660019
:106cf400f401c0000900a05123504b012150480168
:106d04002b1848010500605423504b012b204b01e4
:106d1400211848010b50640023504b01ffff23311d
:106d24001b004601f401c0001048000012200000be
:106d340002208c70004c0900254823012b182401e3
:106d44001b004601f401c0000900605023482401df
:106d5400214828012b1828010500605423482401e8
:106d64002b182401214028010b4803012348240146
:106d7400061049000800e003211800002b10a700aa
:106d8400470040142050ea704800401520000b24ae
:106d94002b10e50005004014231086002b408600cc
:106da4008900001521108000231086002328a700e5
:106db4002b2082000800e0032318a4000600c0145e
:106dc40020100271010002241b004600f401c000df
:106dd40012400000201002717d004054044048001d
:106de4002328a800021c0800ffff07310224090021
:106df4001b00a300f40160001050000012300000da
:106e04000230c77000540a00252044012b5086002c
:106e14001b00a300f40160000900405123208600f8
:106e2400212088002b2888000500a05423208600f8
:106e34002b508600212888000b20aa0023208600de
:106e4400ffff26311b008300f4016000104800009e
:106e5400122800000228a770004c090025482601ca
:106e64002b3025011b008300f40160000900c05091
:106e740023482501214828012b18280105006054c6
:106e8400234825012b182501214028010b48030123
:106e940023482501061049000800e00321180000da
:106ea400211080000800e0032118a00023586a0183
:106eb4000438470106106601253847000668650155
:106ec400024c07001b00a901f4012001106000001e
:106ed40012180000ffffee3004284501061064017b
:106ee40025104500022c0200043046011240000027
:106ef40002786e7000640c00256085012b288f01d8
:106f04001b00a901f40120010a00a010042044017f
:106f1400216087012b2887010600a014ffff682445
:106f24002b288f010400a05023608f01feff6824ea
:106f34002160870123608f01ffff42301b0089011c
:106f4400f40120011028000012180000126800004b
:106f540002706e70002c05002510a2002b284e0034
:106f64001b008901f40120010600a0500044080020
:106f7400211047002b2847004c00a010ffff6d2470
:106f8400004408002540a80123104e001900060102
:106f9400104800002b1849003e0060141240000005
:106fa4004b0049102318490012300000233086009a
:106fb4002b20860023186400041063010630460168
:106fc40025104600061843010800e00300000000f5
:106fd400200009242348220106502501021c080030
:106fe4001b004301f401600010300000125800003f
:106ff400ffff073104284500064824012528250100
:107004000264050004484400025867710034060015
:10701400253086012b20cb001b004301f4016000c6
:10702400060080502330cb002130c8002b20c8003c
:10703400240080102b50cb002330cb00ffffaa305c
:107044001b00c300f401600010200000122800009f
:107054000228a7700024040025208a002b508500f4
:107064001b00c300f401600060ff40512328850029
:10707400212088002b3088005cffc0542328850021
:107084002b508500213088000b20ca007c1b400b4c
:107094002328850023300601231827012b400601ed
:1070a40023186800ec1b400b231843002b284e00c8
:1070b400b4ffa05000440800feff6d24e11b400b08
:1070c400211047002120c8000f1c400b0b308a0000
:1070d4002b188800f0ff60542330060112300000a2
:0870e400ec1b400b2118000019
:020000040000fa
:020000041d00dd
:1070ec002140c000211080003f00e0142148a00086
:1070fc002b18a600470060102018c37008006050c1
:10710c00021c0800234803000428650006482401db
:10711c00044066002548250104106400021c080088
:10712c001b002301f40160001060000012580000e5
:10713c00ffff0a31022402001230000002386a718b
:10714c0000640c00252084012b6087001b002301a8
:10715c00f40160000b008011232887002120880097
:10716c002b2888000600a014ffff66252b2887001b
:10717c000400a01023288700feff6625212088002c
:10718c0023288700ffff42301b00a300f40160009e
:10719c001048000012380000122000000250ea7063
:1071ac00004c0900251022012b484a001b00a300ab
:1071bc00f401600009002051001406002110480061
:1071cc002b40480004000015ffffe4242b504a001c
:1071dc00feffe7240b20ea000014060025108200b5
:1071ec000800e003211800002b10a70044004014f5
:1071fc002040e87045000055200002242b28e500b3
:10720c00c800a0142b3086000100c2380800e0032f
:10721c00211800000600c01420180371010003247b
:10722c001b006600f401c00012400000201803711e
:10723c007b006054044068002320a800023c080036
:10724c00ffff0b3101000324023402001b008700f6
:10725c00f401e00010680000126000001248000009
:10726c0002508b71006c0d002530a6012b68ca00f2
:10727c001b008700f401e0000900a0112328ca00bc
:10728c002130c8002b20c80004008014ffff892582
:10729c002b20ca00a6008054feff89252328ca0093
:1072ac00ffff42301b00a700f401e000105000006b
:1072bc0012300000122000000258cb7000540a005b
:1072cc00251042012b504b001b00a700f401e000dd
:1072dc000900405100140900211048002b404800bf
:1072ec0004000015ffffc4242b584b00feffc624de
:1072fc000b20cb00001409000800e00325108200cd
:10730c00211800000800e0032110000023104800a1
:10731c00043807010618460025386700065045005a
:10732c00021c07001b004301f40160001048000020
:10733c0012680000ffffeb30042805010610440022
:10734c002528450002740500121000000260ab7184
:10735c00004c090025482e012b702c011b00430109
:10736c00f40160000a00c011043006012148270115
:10737c002b50270106004015ffffa2252b502c0196
:10738c000400405123482c01feffa225214827016f
:10739c0023482c01ffffa5301b002301f4016000e2
:1073ac0010680000126000001250000002588b712f
:1073bc00006c0d002528a5012b68ab001b002301d8
:1073cc00f40160000b00a051001402002128a7005a
:1073dc002b18a70006006014ffff8a252b18ab00a2
:1073ec000400605000140200feff8a252128a7002b
:1073fc0000140200251042012328ab00190046009e
:10740c00103800002b18a700440060141230000044
:10741c003f00a710042004010800e003211800001d
:10742c00200002242310430006484500023c0800bb
:10743c001b002701f401e000103000001260000076
:10744c00ffff0b3104286500061044002528450079
:10745c00026c0500041064001218000002508b71bd
:10746c00003406002530a6012b20ca001b00270182
:10747c00f401e0000b0080502330ca002130c8001a
:10748c002b20c80006008014ffff83252b20ca0088
:10749c00040080502330ca00feff83252130c80031
:1074ac002330ca00ffffac301b00c700f401e00022
:1074bc0010200000125000001248000002284b71ee
:1074cc000024040025208c002b6085001b00c700c5
:1074dc00f401e0000b008051001c03002120880007
:1074ec002b3088000600c014ffff49252b30850087
:1074fc000400c050001c0300feff49252120880019
:10750c00001c030023208500951c400b251823012b
:10751c002b308600c0ffc01000000000091d400b7e
:10752c00ffff4224211800000800e00301000224a0
:08753c00aa1c400b2130c8001d
:020000040000fa
:020000041d00dd
:107544000080013c2638e10040580500425d0b00f4
:10755400c0520500427d040025504f01c04a04007a
:107564000080083c255048014070070042750e0019
:10757400c06a0700427d06002568af01c0620600ac
:107584002568a801ffff6f25fe07e12d8d0020105f
:1075940000000000ffffcf25fe07e12dbb002010f7
:1075a400000000000080013c2428a10023406e015b
:1075b4002c0000110000000015000019000000005c
:1075c4002000012d0700201400000000e0ff082126
:1075d4002b300c0023000d102560a601f8ff0010cd
:1075e40000000d341f0000110000000022200800dc
:1075f40004308c0004208d0006600c0106680d0127
:107604001800c01025608c001600001002008c3594
:1076140025580e00234008002000012d07002014e7
:1076240000000000e0ff08212b3009000d000a10c3
:1076340025484601f8ff001000000a340900001133
:1076440000000000222008000430890004208a0081
:107654000648090106500a010200c01025488900a5
:10766400020029352678a7001c00e0050000000070
:1076740021482c012b782c0121504d0121504f0120
:1076840002004d11000000002b784d013700e0117d
:107694000000000001002f310200e0110000000092
:1076a4000200293542480900c07f0a0025482f01fd
:1076b40042500a000080013c2550410101006b2525
:1076c400ff0701242900611500000000f07f013c40
:1076d4002528a10037000010000004242b782c0179
:1076e40023482c012b104f0123504f012b784d01bf
:1076f4002578e2010700e01123504d010080013c90
:107704002628a1002b7809002348090023500a00e9
:1077140023504f010800401500000000030020150d
:10772400000000000d00001000000b242550200173
:1077340000000924e0ff6b25204048710700001178
:107744000000000023586801222008000620890058
:107754000448090104500a012550440125784901cf
:107764000200e01500000000000005246800601914
:10777400000000000004292500042f2d21504f0192
:107784002b784f0121586f01c27a09000100ef31b3
:1077940023482f01c2220900407d0a0025208f00c2
:1077a40040780a00027b0f002528af00007d0b0003
:1077b4002528af0025100400251805000800e00363
:1077c400000000002a7820012148290121504a01a3
:1077d4002300601521504f01257849011400e01160
:1077e4000000000008004015000000000300201500
:1077f4000000000067ff001000000b24255020014a
:1078040000000924e0ff6b252040487161ff00114e
:107814000000000023586801222008000620890087
:107824000448090104500a015aff0010255044017c
:10783400ff0701241500c111000000002140e700ea
:10784400257806010300e01500000000d9ffe004dc
:107854000000000025100600d8ff001025180700be
:10786400257849012700e01500000000ff070124e6
:10787400d0ffc115000000002678a7002100e00514
:1078840000000000f3ff0010000000002a788001cf
:1078940021608c012168ad011700c0152168af017a
:1078a4002578ac01c3ffe011000000000800a0151a
:1078b40000000000030080150000000039ff0010e4
:1078c40000000e242568800100000c24e0ffce2572
:1078d4002040a87133ff0011000000002370c8018c
:1078e4002220080006208c0004600c0104680d01ad
:1078f4002cff00102568a4012578ac01d5ffe01108
:1079040000000000f8ff053caaff0010000004245a
:107914000100082423400b012000012d070020143e
:1079240000000000e0ff08212b3009000d000a10c0
:1079340025484601f8ff001000000a340900001130
:1079440000000000222008000430890004208a007e
:107954000648090106500a010200c01025488900a2
:107964000200293583ff001000000b2400000000f2
:020000040000fa
:020000041d00dd
:10797400c8ffbd273400bfaf3000beaf2c00b7af87
:107984002800b6af2400b5af2000b4af1c00b3afdd
:107994001800b2af1400b1af1000b0af21b880002e
:1079a40000008280019d1e3c81aade272118c203ab
:1079b4000000638021a8a0008800633008006010e4
:1079c40021a0800001009426000082822118c203b5
:1079d4000000638088006330fbff6054010094263c
:1079e4002d000324980043102b0042380100422c40
:1079f4002198000021a08202000086822110c60383
:107a0400000042900400423021880000bc00401075
:107a14002180000021900000d0ffd62421280002fc
:107a240021202002213000000921400f2440073c7e
:107a34002180400021886000462f400f2120c00291
:107a4400212000022128200221304000213860003a
:107a5400531d400f010094262188400021806000be
:107a6400000086822110c6030000429004004230c8
:107a7400e9ff401425905602010003242e0002243d
:107a84004800c25001008282720060540000828269
:107a94002a00a0120000000021a0e00221b800008a
:107aa4000000b4ae2500e01221400000c317170007
:107ab40026b0570023b0c202019d153c98c3b526d9
:107ac400f03f093cb61e400b090014240e0080123e
:107ad400f8ffb526ffff94260710960201004230f6
:107ae400faff4010212000010000a68e0400a78e9a
:107af4000921400f21282001214040002148600035
:107b0400f4ff8016f8ffb526212020022128000268
:107b1400213000017500e006213820010921400fc1
:107b24000000000021204000212860009327400f1e
:107b34002130e00221884000218060007b00201277
:107b440000f0027e25103002730040100000000097
:107b5400070060122110200221202002d531400f9d
:107b64002128000221884000218060002110200289
:107b7400211800023400bf8f3000be8f2c00b78f55
:107b84002800b68f2400b58f2000b48f1c00b38f5b
:107b94001800b28f1400b18f1000b08f0800e003fa
:107ba4003800bd272120c2030000849004008430e3
:107bb400b5ff80100100942621b80000d0ff5624a0
:107bc4002128000221202002213000000921400f39
:107bd4002440073c2180400021886000462f400f4c
:107be4002120c0022120000221282002213040004f
:107bf40021386000531d400f010094262188400065
:107c04002180600000008282259056022118c20360
:107c14000000639004006330e8ff6014fffff72660
:107c2400dfff042424184400201c037c45000224a4
:107c34000f006250010083829affa0560000b4ae88
:107c4400aa1e400b00000000010094267f1e400b7a
:107c540001001324dfff042424184400201c037ca7
:107c640045000224f4ff621421b80000010083825d
:107c74002d000224190062102b00022423006250fc
:107c84000200838201009426213800002110c303de
:107c940000004290040042300c004010211000000b
:107ca40001009426d0ff6524000083824030020046
:107cb400c01002002120c303000084902110c200e0
:107cc40004008430f6ff80142110450023180200bc
:107cd4000b1067000f1f400b21b8e20202008382e1
:107ce40001000724241f400b02009426c718400fec
:107cf4000000000021204000cc1e400b2128600021
:107d040021180000a01e400b219000002138000023
:107d1400241f400b020094268dff401222000324ee
:107d240000a0023cd51e400b6c0043acf07f033c2a
:107d340085ff431425103002491f400b2200032401
:020000040000fa
:020000041d00dd
:107d4400d0ffbd272c00bfaf2800b6af2400b5afcd
:107d54002000b4af1c00b3af1800b2af1400b1af31
:107d64001000b0af219880000000828021a0a00004
:107d7400c00040102190c000019d043c81aa8424cd
:107d840021188200000063808800633007006014bb
:107d940021886002ec1f400b2b0003240000638049
:107da40088006330810060502b00032401003126d9
:107db40000002282f9ff4014211882002180000073
:107dc40021b0000063004016100002243000022499
:107dd40090000212cccc0f3cccccef35cc0c0b3c3d
:107de400cccc6b350a000c2421a800002120000013
:107df4000a001224ffff2826212800002110000079
:107e040021180000019d073c81aae72461000e248b
:107e140041000d24ff7f183cffff18372c0000128f
:107e240001000825214807020000299104002a3195
:107e34004100401103002631d0ff10262400000623
:107e44002a481202220020112a48630137002055d3
:107e54000100052403006b142b20e201330080543d
:107e6400010005243000a0141800a202c32710004a
:107e7400000083711230000019004c001210000041
:107e8400101800002118c300233003032a48c4003b
:107e94002500201527500200050086542180020287
:107ea4002b5050012100405501000524218002027d
:107eb4002b30020221206400211000022118c4008a
:107ec4000100108101000424d6ff001601000825da
:107ed4002d00c012000000003b00a0542200032427
:107ee400233802002b280700233003002110e00070
:107ef4002318c500020080120a406402000088ae04
:107f04002c00bf8f2800b68f2400b58f2000b48fbb
:107f14001c00b38f1800b28f1400b18f1000b08f03
:107f24000800e0033000bd27010005240100108192
:107f3400b31f400b01000424e5ffc01001002931e8
:107f44002130a0010a30c90123800602901f400b92
:107f54000a00102626004212c3af1200ffff0424b9
:107f6400ff7f053cffffa53421304002f519400f87
:107f74002138a0022160400221784000215860008d
:107f84007e1f400b21200000daffa010000000003b
:107f94002200032400a0023c6c0043acffff022437
:107fa400ff7f033cbe1f400bffff63340b004354b1
:107fb4002d0003242d004238010030820100562c8c
:107fc400721f400b0100312600a0023c6c0043ac40
:107fd40021100000be1f400b0080033cf6ff4350fd
:107fe4002d00423800003082721f400b21b0000087
:107ff4003000022423000212ffff0f24ff070b3c72
:10800400ffff6b3510000c2421a800007e1f400bdd
:108014002120000001003082dfff02242418020224
:10802400580002240a006250020030820100312606
:10803400ffff0f24ff0f0b3cffff6b3508000c24e0
:1080440021a80000010004247e1f400b0800122414
:10805400ffff0f2402003126ff070b3cffff6b35a7
:1080640010000c2421a80000010004247e1f400bf2
:10807400100012242180000021888000721f400b10
:1080840021b0000001003082dfff0624241806021c
:108094005800022409006250020030820100312697
:1080a400ffff0f24ff070b3cffff6b3510000c2470
:1080b40021a800007e1f400b01000424ffff0f24b1
:0880c4002a20400b02003126c6
:020000040000fa
:020000041d00dd
:1080cc00c8ffbd273400bfaf3000b7af2c00b6af30
:1080dc002800b5af2400b4af2000b3af1c00b2af82
:1080ec001800b1af1400b0af21a88000000082804e
:1080fc00019d133c81aa7326211862020000638043
:10810c0021b0a0008800633008006010218080003e
:10811c000100102600000282211862020000638018
:10812c0088006330fbff6054010010262d000324ef
:10813c00810043102b0042380100422c21b8000072
:10814c002180020200000382211063020000429091
:10815c0004004230a50040102188000021a000003e
:10816c00d0ff7224212020022427400f2041053cff
:10817c00218840003930400f21204002212020026c
:10818c00212840001825400f0100102621884000ae
:10819c000000038221106302000042900400423070
:1081ac00efff401425a09202010004242e000224ab
:1081bc003e00625001000282620080540000028284
:1081cc002400c012401811002180a0022190000050
:1081dc000000d0ae1f00401240181100c31712004f
:1081ec0026a8520023a8a202019d133c9cc773260b
:1081fc00060010248420400b803f023c0b00001230
:10820c00fcff7326ffff10260718150201006330d0
:10821c00faff6010000000000000658e2427400f5c
:10822c0021204000f7ff0016fcff732621202002be
:10823c006a004006212840002427400f000000005f
:10824c0021204000222b400f212840022188400091
:10825c004018110000ff023c6c0062502200032405
:10826c0068002012000000000500e012211020021e
:10827c00fc31400f212020022188400021102002d7
:10828c003400bf8f3000b78f2c00b68f2800b58f0d
:10829c002400b48f2000b38f1c00b28f1800b18f54
:1082ac001400b08f0800e0033800bd2721186202cb
:1082bc000000639004006330bfff601001001026c3
:1082cc0021900000d0ff5524212020022427400fac
:1082dc002041053c218840003930400f2120a0026c
:1082ec0021202002212840001825400f01001026d3
:1082fc00218840000000028225a09502211862020c
:10830c000000639004006330eeff6014ffff522600
:10831c00dfff042424184400201c037c45000224a5
:10832c000f00625001000382aaffc0560000d0aebd
:10833c007820400b00000000010010265420400b58
:10834c0001001724dfff042424184400201c037ca4
:10835c0045000224f4ff6214219000000100038206
:10836c002d000224190062102b00022422006250fe
:10837c000200038201001026213800002110630244
:10838c0000004290040042300c004010211000000c
:10839c0001001026d0ff652400000382403002004b
:1083ac00c010020021206302000084902110c20042
:1083bc0004008430f6ff80142110450023180200bd
:1083cc000b106700cd20400b21904202020003826b
:1083dc0001000724e220400b02001026b425400fb8
:1083ec00000000009420400b2120400021200000c0
:1083fc006e20400b21a0000021380000e220400b31
:10840c000200102698ff80122200032400a0023cd8
:08841c009d20400b6c0043acf5
:020000040000fa
:020000041d00dd
:108424004050050042550a00c04a0500427d040040
:1084340025482f01c042040000800e3c25482e012f
:1084440040680700426d0d00c0620700427d0600cf
:1084540025608f01c05a060025608e012628a700da
:108464002428ae00ffff4f25fe07e12d4700201012
:1084740000000000ffffaf25fe07e12d6f00201074
:108484000000000002fcaf2521504f0119002c010f
:10849400123800001070000019000b0112200000b7
:1084a4001030000019002b01125800001068000061
:1084b4002130cb002b78cb002138ed002138ef00a0
:1084c4000200ed10000000002b78ed002170cf01b8
:1084d40019000c0112400000104800002130c800af
:1084e4002b78c8002138e9002138ef000200e91098
:1084f400000000002b78e9002170cf012578860068
:108504000200e011000000000100e73425480e00dd
:1085140006002005254007002a78000121400801b3
:108524002148290121482f01ffff4a25ffff4f253c
:10853400fe07e12d6800201000000000000408255b
:1085440000040f2d21482f012b782f0121504f01ba
:10855400c27a08000100ef3123400f01c222080053
:10856400407d090025208f0040780900027b0f0020
:108574002528af00007d0a002528af00251004003f
:10858400251805000800e003000000002a78000117
:1085940021400801214829011c00401521482f01d0
:1085a400257828011400e0110000000008002015bf
:1085b400000000000300001500000000adff0010e3
:1085c40000000a242548000100000824e0ff4a2591
:1085d40020702e71a7ffc0110000000023504e012f
:1085e40022380e000638e8000440c8010448c901d6
:1085f400a0ff001025482701ff0701243300a11123
:1086040000000000ddff00100000000025782801b4
:108614002e00e015000000000500a0150000000079
:1086240040780c002578eb012800e01100000000e0
:10863400ff0701242100a115000000002a78600131
:1086440021586b0121608c011900a01521608f0154
:1086540025788b011400e01100000000080080154b
:1086640000000000030060150000000085ff0010fa
:1086740000000d242560600100000b24e0ffad25ff
:10868400203086717fffc010000000002368a6011f
:10869400227006000670cb010458cb000460cc00a5
:1086a40078ff001025608e01b4ff00100000042440
:1086b40025788b010500e01500000000f07f013ce7
:1086c4002528a100adff001000000424f8ff053c9c
:1086d400aaff001000000424f8ff401d0000000061
:1086e40001000e242370ca012000c12d07002014ac
:1086f40000000000e0ffce212b3008000d0009101f
:1087040025402601f8ff0010000009340900c011bb
:108714000000000022380e000430e8000438e900ac
:108724000640c8010648c9010200c0102540e800ff
:10873400020008350004082500040f2d21482f01ec
:0c87440083ff0010c25709000000000075
:020000040000fa
:020000041d00dd
:10875000d0ffbd272c00bfaf2800b5af2400b4afb9
:108760002000b3af1c00b2af1800b1af1400b0af1f
:1087700021888000000082802198a0001f00401006
:108780002190c000019d043c81aa8424e821400b73
:108790002118820000002282180040102118820057
:1087a0000000638088006330faff605401003126c6
:1087b0002b000324790043142d0003242d0042389c
:1087c000010030820100552c010031260f004016b7
:1087d00010000224300002247500021299990d3c09
:1087e0009999ad3599190a3c99994a350a000b2493
:1087f00021a000000d22400b0a001224218000005d
:10880000f4ff401221a8000010000224760042125a
:10881000c3a71200ffff0424ffff052421304002fc
:108820003b1c400f21388002215840022168400043
:1088300021506000ffff24262128000021100000a5
:1088400021180000019d073c81aae72461000e2445
:1088500041000c242b000012010084242140070257
:1088600000000891040009313d0020110300063189
:10887000d0ff1026230000062a401202210000111a
:108880002b404301340000550100052403006a1405
:108890002b30a2013000c054010005241600a014a2
:1088a00018008202c34710000000637112300000fc
:1088b00019004b0012100000101800002118c3000e
:1088c000273003002b48c80022002015277802001b
:1088d00005000655218002022b78f0011e00e055ac
:1088e00001000524218002022b3002022140680091
:1088f000211000022118c80001009080d7ff001647
:10890000010084241d00a012000000001e00a054dd
:1089100022000324233802002b2807002330030001
:108920002110e0002318c50001006056000064ae6d
:108930002c00bf8f2800b58f2400b48f2000b38f88
:108940001c00b28f1800b18f1400b08f0800e00334
:108950003000bd27010005243f22400b010090801c
:10896000e8ffc01001000831213080010a30c80141
:10897000238006021d22400b0a001026eaffa010e9
:10898000000000002200032400a0023c6c0043ac65
:10899000ffff02244a22400bffff032488ff4310fd
:1089a0002d00423800003082f321400b21a8000046
:1089b00001003082dfff0224241802025800022442
:1089c000120062500200308201003126ffff0d24a8
:1089d000ff1f0a3cffff4a3508000b2421a00000be
:1089e0000d22400b08001224300002240f00025216
:1089f00001003082ffff0d24ff0f0a3cffff4a35c4
:108a000010000b240d22400b21a00000ffff0d24bd
:108a100002003126ff0f0a3cffff4a3510000b24ed
:108a200021a000000d22400b100012247800022427
:108a300003000252020030827d22400b01003126e9
:108a4000ffff0d2402003126ff0f0a3cffff4a35cd
:0c8a500010000b240d22400b21a00000a0
:020000040000fa
:020000041d00dd
:108a5c00c8febd273401bfaf3001beaf2c01b7af8c
:108a6c002801b6af2401b5af2001b4af1c01b3afe0
:108a7c001801b2af1401b1af1001b0af218080006a
:108a8c003c01a5af2198c00021b0e00002000224f7
:108a9c00560082104801b28f010073320500601637
:108aac00000000000c00428e040043240c0043ae76
:108abc000000518c8100c01221b8c002ffff1424a9
:108acc0001001524019d1e3c81aade270730400fb2
:108adc0021204002110054502118e00238001512d8
:108aec00ffffe326020004242b0004121000a5272c
:108afc000300601600000000000022a201003126d5
:108b0c000600601021b860000730400f21204002a1
:108b1c00f2ff5414000000002118e002ffff0224b1
:108b2c001400448e0100842408006016140044ae26
:108b3c00010004243c01a68f0100c450000020a2b7
:108b4c001800448e01008424180044ae05007614ed
:108b5c0021200000ffff0424271002000100032441
:108b6c000b206200211080003401bf8f3001be8fba
:108b7c002c01b78f2801b68f2401b58f2001b48f3b
:108b8c001c01b38f1801b28f1401b18f1001b08f7b
:108b9c000800e0033801bd272120a20000008480da
:108bac00d3ff8014000000001000448e040042ae7d
:108bbc002118e002ffff8424cb22400b100044aeae
:108bcc0021205e000000848088008430c8ff801063
:108bdc00000000001000448e040042ae2118e00298
:108bec00ffff8424cb22400b100044ae0800548eaf
:108bfc00000083825e000224320062500100942641
:108c0c0001001524212800001000a4278f31400feb
:108c1c000001062400008382ffff0524ffff0924c6
:108c2c002d000a245d0008241923400b2024157cf8
:108c3c00212860001000a32721106500000055a01a
:108c4c002110800201005424080054ae010043801e
:108c5c001800685002004224f5ffa9100100878219
:108c6c00f4ff6a5421286000f1ffe8100100a224ef
:108c7c002a28e2001000a327211062001100a62769
:108c8c000500a0142118c700000044a001004224d4
:108c9c00feff4354000044a001008226010054242e
:108cac00080054ae01004380ebff6814ffff05245d
:108cbc0002004224a922400b080042aeca22400bfb
:108ccc0021180000080054ae21a800000523400b19
:048cdc00010005246a
:020000040000fa
:020000041d00dd
:108ce000000082808900401021180000019d083c8e
:108cf00081aa0825211802010000638088006330e2
:108d000007006014213880009c23400b2b000324b3
:108d10000000638088006330550060502b000324fe
:108d20000100e7240000e280f9ff4014211802014d
:108d30002118000021c000004100c01410000224ce
:108d4000300002245d00621099190d3c9999ad35ef
:108d50000a000f24215800000a000624ffffe72420
:108d60002150000021100000019d0c3c81aa8c259f
:108d70006100192441000e24190060100100e7244d
:108d800021406c00000008910400093123002011eb
:108d900003000931d0ff6324110060042a406600fb
:108da0000f0000112b40a2011900005501000a24f8
:108db000080040550100e38002104f702740020078
:108dc0002b4003011200005501000a24211043002a
:108dd0000100e38001000b24e9ff60140100e72497
:108de0001f000013000000000500401123100200c6
:108df0002200032400a0023c6c0043acffff0224cd
:108e00000d00a0100a388b000800e0030000a7ac9a
:108e10000100e3807623400b01000b24f0ff2011ba
:108e2000010008312148c0010a48280323186900bd
:108e30006623400b0a0063240800e00300000000e2
:108e40001700c210ffff0d242178c0001b00a601ef
:108e5000f401c000126800005723400b21580000a5
:108e6000e4ff4015220003248023400b0000000093
:108e7000060043542d0003242d0042380100e380f6
:108e80000100582c4e23400b0100e724fbff435008
:108e90002d0042380000e3804e23400b21c000002b
:108ea000300002241c006210ff0f0d3cffffad35a7
:108eb00010000f245723400b215800000100e380cd
:108ec000dfff022424306200580002240800c25050
:108ed0000200e3800100e724ff1f0d3cffffad35da
:108ee00008000f2401000b245723400b0800062420
:108ef000ff0f0d3cffffad350200e72410000f24eb
:108f000001000b245723400b100006242138800059
:108f10004e23400b21c000000100e380dfff02244c
:108f20002440620058000224070002510200e3803e
:108f30000100e724ff0f0d3cffffad3510000f24ab
:108f40005723400b01000b24ff0f0d3cffffad35f5
:108f50000200e72410000f245723400b01000b24cc
:020000040000fa
:020000041d00dd
:108f600074008010feff0224fcff868cf8ff85242d
:108f70002418c2002110a3000400478c0100e8302f
:108f80006c0000110408077c01a0083c183c08256f
:108f90000800098d570049100100c630040047ac95
:108fa0000c00c01421480000f8ff868c2328a6007e
:108fb0000800a48c2118660001a0063c203cc624b1
:108fc00004008650010009240c00a68c0c0086ac1d
:108fd0000800c4ac212047000400848c01008430c8
:108fe0000800805401006434211867002600201115
:108ff0000800448c0c00428c0c0082ac080044ac8d
:10900000010064342110a3000400a4ac4900201521
:10901000000043ac0002622c28004054c218030038
:10902000421203000500442c4c0080101500442c13
:109030008221030038008424403004008030060080
:10904000213006010800c28c490046500400038dff
:109050000400448c0408047c2b206400050080502c
:109060000c00438c0800428cfaffc2540400448c6c
:109070000c00438c0c00a3ac0800a2ac080065ac4b
:109080000800e0030c0045ac01a0063c203cc624cf
:10909000d9ff86540c00428c010066342110a300d5
:1090a000140005ad100005ad0c00a4ac0800a4ac84
:1090b0000400a6ac0800e003000043acc0100300ad
:1090c000211002010400068d0800448c831803005f
:1090d0000100072404186700251866000c00a2ace4
:1090e0000800a4ac040003ad080045ac0800e00390
:1090f0000c0085ac0800c0142138e300f8ff848c14
:109100002328a4000c00a28c0800a38c2138e400c2
:109110000c0062ac080043ac01a0023c143c428c41
:109120000100e3340400a3ac2b38e2000300e0109c
:10913000080005ad0800e00300000000e8ffbd27bf
:109140001400bfaf01a0023ce12a400fac41448ca7
:109150001400bf8f0800e0031800bd270b008050eb
:109160005500442c5b0044240f24400b4030040085
:1091700083200400010006240420860025188300b3
:10918000040003ad1d24400b211840000500805051
:109190005501442c022303006e0084240f24400b4d
:1091a00040300400050080105505422cc223030006
:1091b000770084240f24400b403004000500405009
:1091c000fc000624822403007c0084240f24400b2e
:0c91d000403004000f24400b7e000424fb
:020000040000fa
:020000041d00dd
:1091dc00000082808a00401021180000019d083c8c
:1091ec0081aa0825211802010000638088006330e1
:1091fc000700601421388000df24400b2b0003246f
:10920c000000638088006330590060502b000324f9
:10921c000100e7240000e280f9ff4014211802014c
:10922c002118000021c000004200c01410000224cc
:10923c003000022460006210cc0c0d3cccccad355f
:10924c00215800000a000624ffffe72421500000eb
:10925c0021100000019d0c3c81aa8c2561000f247b
:10926c0041000e24ff7f193cffff393719006010b5
:10927c000100e72421406c00000008910400093132
:10928c002300201103000931d0ff63241100600476
:10929c002a4066000f0000112a40a2011900005557
:1092ac0001000a241700405501000a2402104670e0
:1092bc00234022032a4003011200005501000a2416
:1092cc00211043000100e38001000b24e9ff60142e
:1092dc000100e7241f0000130000000005004011ee
:1092ec00231002002200032400a0023c6c0043acbb
:1092fc000080023c0d00a0100a388b000800e0032f
:10930c000000a7ac0100e380b624400b01000b2445
:10931c00f0ff2011010008312148c0010a48e80182
:10932c0023186900a624400b0a0063240800e003fc
:10933c00000000001a00c210ff7f0d3cffffad358e
:10934c001a00a601f401c000126800009524400b1d
:10935c0021580000e7ff40112200032400a0023c2a
:10936c006c0043acff7f023cc024400bffff423437
:10937c00060043542d0003242d0042380100e380e5
:10938c000100582c8d24400b0100e724fbff4350b7
:10939c002d0042380000e3808d24400b21c00000da
:1093ac003000022419006210ff070d3cffffad35a1
:1093bc009524400b215800000100e380dfff0224bc
:1093cc0024306200580002240700c2500200e380df
:1093dc000100e724ff0f0d3cffffad3501000b240e
:1093ec009524400b08000624ff070d3cffffad350c
:1093fc000200e72401000b249524400b10000624e6
:10940c00213880008d24400b21c000000100e38036
:10941c00dfff02242440620058000224060002519f
:10942c000200e3800100e724ff070d3cffffad3590
:10943c009524400b01000b24ff070d3cffffad35bd
:0c944c000200e7249524400b01000b24d3
:020000040000fa
:020000041d00dd
:109458000080013c2628a100c24d0400ff002931ec
:10946800c25d0500ff006b310080073c004204002c
:10947800254007010052050025504701ffff2d2513
:10948800fe00a12d6100201000000000ffff6d25e7
:10949800fe00a12d770020100000000023602b01a2
:1094a8000d00800500000000200081290300201421
:1094b800000000001500001002000a2425300a00f0
:1094c80006508a0104688a011000a61100000000f5
:1094d8000e00001002004a3525480b0023600c00de
:1094e800200081290300201400000000070000105c
:1094f8000200082425300800064088010468880115
:109508000200a61100000000020008352460870050
:10951800266885011000a0050000000021400a010e
:109528002b680a011700a0110000000001000d318e
:109538000200a011000000000200083542400800a7
:1095480001002925ff0001240e002115000000005c
:109558000c000010000008242b680a010400a01168
:1095680023400a01234008000300001026608701f9
:109578005000001100000000203006712348260129
:109588000440c8000e0020190000000080000825d3
:1095980080000d2d21482d01026a08000100ad311f
:1095a80023400d014040080042420800c06d0900f8
:1095b80025400d0125100c010800e0030000000003
:1095c800010006242330c9002000c12c39002010d6
:1095d800000000000080013c2540010120000d240e
:1095e8002368a6010448a801020020110640c8000b
:1095f800010008350000092480000d25e3ffa105be
:1096080000000000e1ff0010010009240e002015f1
:1096180000000000214008010500001100000000c2
:1096280020600c7123482c0198ff00100440880129
:10963800ff0001240f006111000000000080013cc0
:109648001800a11400000000216808011b00a015e3
:1096580000000000ff000124140061150000000054
:10966800266885001500a005000000000d00001008
:1096780000000000080060150000000021504a01a9
:109688000a0040110000000020604c7123586c0152
:1096980082ff001004508a0121684a010700a015c2
:1096a80000000000c4ff001025100500c2ff0010d4
:1096b80025100400c0ff001000000224beff0010a7
:0896c800c0ff023c000000009d
:020000040000fa
:020000041d00dd
:1096d00000800b3cc2450400ff000831c255050064
:1096e000ff004a31003a04002538eb00004a05002b
:1096f00025482b012670850024586e01ffff0e259a
:10970000fe00c12d3f00201000000000ffff4e258d
:10971000fe00c12d53002010000000002b08e900be
:109720000300201400000000423807000100082553
:1097300082630900f40180011b00ec00122000008c
:1097400010300000ff3f2d311900a4011228000045
:10975000803306002b70c5000400c0112330c50003
:10976000ffff84242130c9002b70c900f40180015f
:109770001b00cc0012380000103000001900a701b7
:1097800012280000803306002b70c5000400c011b1
:109790002330c500ffffe7242130c9002b70c9002a
:1097a000807304002138ee000200c0100039070069
:1097b0000100e7347e000e242370ca0121400e010f
:1097c000ffff0e25fe00c12d340020100000000018
:1097d0008000e7248000ee2c21400e010272070079
:1097e0000100ce312338ee0040380700423a07002e
:1097f000c07508002538ee002510eb000800e003d6
:109800000000000008000015000000002138e700fb
:109810000500e010000000002060ec7023400c0107
:10982000baff00100438870104004815000000004a
:10983000217029012f00c01100000000ff00012449
:10984000080041110000000012000011000000009b
:109850002170e7002700c015000000002200001062
:109860000000000008004015000000002148290108
:109870001d0020110000000020602c7123504c01bd
:10988000a6ff001004488901217029011900c015a4
:1098900000000000d9ff001025100b001200001d71
:1098a0000000000001000c24236088012000812dad
:1098b000f8ff20100000000020000e242370cc01cf
:1098c0000440c70102000011063887010200e73496
:1098d000000008248000ee24bdffc1050000000048
:1098e000bbff001001000824807f013cc3ff001073
:1098f00025106101c1ff0010c0ff023c0000000004
:020000040000fa
:020000041d00dd
:109900000800e003788084af0800e0037880828f4d
:1099100080bf023c00084494010003240431647cad
:10992000000844a43f1f052480bf043c200885ace8
:1099300080bf043c100880ac00084494c47b647c65
:10994000000844a488bf023cb010448c05000524e4
:109950008420a47cb01044acb010448c0408047c77
:10996000b01044ac88bf023c3010448c0442047cec
:10997000301044ac88bf023c6010448c0442647ccc
:10998000601044ac0800e0030000000080bf023c0f
:10999000003043944429037c003043a400304394b6
:1099a00001000424c418837c003043a480bf033c1e
:1099b000000a65940431057c000a65a49f0f062403
:1099c00080bf053c200aa6ac80bf053c100aa0acb5
:1099d00000304594060006240410c57c003045a4e0
:1099e000e803052480bf063c2030c5ac80bf063ca0
:1099f0001030c5ac000a6594c47b857c000a65a460
:109a000000304394c47b837c003043a488bf023c75
:109a1000c06043944408037cc06043a40800e00392
:109a20000000000088bf023cc06043944408037cef
:109a3000c06043a488bf023cf06043944408037ca8
:109a4000f06043a40800e0030000000080bf023c77
:109a5000000c4394040004240431837c000c43a4d0
:109a6000a761042480bf033c200c64ac80bf033c8e
:109a7000100c60ac000c439401000424c47b837c74
:109a8000000c43a488bf023cd010438c0600052480
:109a90008420a37cd01043acd010438c0408037cfa
:109aa000d01043ac88bf023c3010438c0484037c4c
:109ab000301043ac88bf023c6010438c0484837c2c
:109ac000601043ac0800e00300000000f8ffbd2771
:109ad0000400bfaf00606241c000000021a4023c4e
:109ae0008305422400808240c000000088bf023c01
:109af0000040438c020005240410a37c004043acca
:109b00000040438c030004240429837c004043acc0
:109b100088bf023c0020438c8431037c002043ac8e
:109b200088bf023c0010468c010003240463667c5d
:109b3000001046ac81bf023c00f24690c418067c7f
:109b400000f246a088bf023c446144ac88bf023c9e
:109b5000606144900400647c606144a06061449052
:109b60004408047c606144a080bf023c00644494cb
:109b7000c418047c006444a41400062480bf043c80
:109b8000406486ac006444944410047c006444a4a3
:109b9000006444940400047c006444a480bf043c3a
:109ba0001064868c8452667c106486ac1064868c4b
:109bb0000463667c106486ac00644494044aa47c0c
:109bc000006444a400644494c47b647c006444a4a2
:109bd000206062410400bf8f0800e0030800bd2739
:109be0002130000080bf033c80bf083c0a000724ee
:109bf0000c27400b0d0009241064628c01004230d8
:109c0000fdff4010000000003064028d2014027c33
:109c10000e004750212086000b004910215086007d
:109c2000000042a10100c6242a10c5000a3002002b
:109c30001064628c01004230efff40100000000011
:109c40000227400b00000000212086000800e003ee
:109c5000000080a0000085800b00a01080bf033ca6
:109c600080bf063c1064628c00024230fdff40144d
:109c7000000000002064c5ac010084240000858041
:109c8000f8ffa014000000000800e003000000003e
:020000040000fa
:020000041d00dd
:109c9000c23d0400ff00e730c24d0500ff0029313e
:109ca00000800a3c003204002530ca000042050052
:109cb00025400a012660850024504c01ffffec245a
:109cc000fe00812d2100201000000000ffff2c2548
:109cd000fe00812d36002010000000001900c80091
:109ce0001258000002006011103000000100c6345c
:109cf0000300c0040000000040300600ffffe7241e
:109d000082ff2c252138ec00ffffec24fe00812d82
:109d10003a002010000000008000c6248000cc2cf7
:109d20002138ec000262060001008c312330cc00a7
:109d30004030060042320600c06507002530cc00e6
:109d40002510ca000800e003000000000d00e01428
:109d5000000000002130c6000500c0100000000017
:109d60002058cb702338eb00d8ff00100430660178
:109d7000ff0001241f002111000000001500001049
:109d8000000000002160c6001a00801500000000dd
:109d9000040020150000000021600801150080115a
:109da00000000000ff0001240f002115000000004a
:109db0000a002015000000002140080105000011e4
:109dc0000000000020580b7123482b01c3ff001036
:109dd00004406801dbff001025100a002160080123
:109de0000400801500000000807f013cd5ff0010ba
:109df00025104101d3ff0010c0ff023cfaffe01c18
:109e00000000000001000b24235867012000612d91
:109e1000f0ff20100000000020000c2423608b01c4
:109e2000043886010200e010063066010200c634e4
:109e3000000007248000cc24b7ff8105000000004b
:0c9e4000b5ff0010010007240000000026
:020000040000fa
:020000041d00dd
:109e4c00e0ffbd271c00bfaf1800b2af1400b1afcc
:109e5c001000b0af0055a77cffffe2240098a87c4f
:109e6c00fe07492c2188c000c28705002110800004
:109e7c00410020112118000101fce7241000043cd2
:109e8c00251804012138f100422f0200c0180300ec
:109e9c00ff03e4242518a30025008018c01002003d
:109eac00070045301500a014c000457c4037030066
:109ebc00c2100200ff0785282510c2003600a01032
:109ecc00c21803000005657c0200a0502120000090
:109edc000098637cc08210002520900000250400af
:109eec00251883001c00bf8f1800b28f1400b18f8f
:109efc001000b08f0800e0032000bd270300a5244c
:109f0c00212845002b10a200211843000006667c76
:109f1c00e6ffc0102110a000c02f03004210020069
:109f2c002510a20042180300ae27400b0100842428
:109f3c0002fc06242330c7003800c4281b008050c4
:109f4c002110000023200600200085300300a014ff
:109f5c000488820004208300258882002120400090
:109f6c001a31400f212860002b8811002510220285
:109f7c00ab27400b010004240500e05421108000a5
:109f8c00253004010c00c0140000000021108000da
:109f9c00bc27400b2118a000c01a1000ff07633427
:109fac00001d0300bc27400b2110000021180000ed
:109fbc00b827400b212000000300001520901271df
:109fcc002090927020005226f5ff4626adffc0105f
:109fdc0002fc07242a31400f212800010dfc072424
:089fec00a427400b2338f2000a
:020000040000fa
:020000041d00dd
:109ff40081bf023c00904394070004244439837ccd
:10a00400009043a4009043948410037c009043a4e4
:10a0140081bf033c609064940400047c609064a459
:10a0240081bf033c02000424209064a02090649427
:10a03400140005240462a47c209064a4009043943a
:10a0440001000424c47b837c009043a40800e00343
:10a0540000000000f8ffbd270400bfaf81bf023c31
:10a064004090438c049c837c409043ac81bf023c71
:10a0740000904394010004244408837c009043a48a
:10a08400004803400a006324004802402b104300a8
:10a09400fdff401481bf023c009043944408037cbc
:10a0a400009043a4211840000090628c01004230cb
:10a0b400fdff401081bf023c7090428c0400bf8fb2
:10a0c4000800e0030800bd27e0ffbd271c00bfaf68
:10a0d4001800b2af1400b1af1000b0af21908000ef
:10a0e40007001024218800001628400f2120400278
:10a0f400ffff1026fcff0016218822029224023c56
:10a10400254942241900220210100000238822024b
:10a114004288110021105100821002001c00bf8fe0
:10a124001800b28f1400b18f1000b08f0800e00344
:10a134002000bd27e8ffbd271400bfaf3328400f20
:10a1440000000000f930400f212040002120400091
:10a1540021286000019d023c08c8468c0921400f5b
:10a164000cc8478c2120400021286000019d023c3e
:10a1740010c8468c511d400f14c8478c2120400044
:10a18400462e400f212860001400bf8f0800e00312
:04a194001800bd27cb
:020000040000fa
:020000041d00dd
:10a19800d8ffbd272400bfaf2000b4af1c00b3af69
:10a1a8001800b2af1400b1af1000b0af01a0103c5e
:10a1b800c841028e0900401001a0123c2400bf8f44
:10a1c8002000b48f1c00b38f1800b28f1400b18f19
:10a1d8001000b08f0800e0032800bd27d041438e4f
:10a1e8003d00605001a0033c01a0133ccc41628ead
:10a1f8003b0040500000043c828f030082a702000d
:10a2080000e0657c0200313a00e0447c0200943aa8
:10a218000a18b100218860000a1094008431400fa8
:10a2280021a040000000438c0400448c2b10230222
:10a23800240040102120640000a0023c7000422449
:10a2480000e0427c2b106200ddff40142400bf8f29
:10a258002b108302050040142b1064002b1084027d
:10a2680004004054212080022b106400d4ff4010c9
:10a278002400bf8f00a0023c700042244217020055
:10a28800050005241b0045140400052400a0023c19
:10a298002518620025208200d04143aecc4164ae2f
:10a2a800c84103ae2400bf8f2000b48f1c00b38fb9
:10a2b8001800b28f1400b18f1000b08f0800e003af
:10a2c8002800bd272b102402dcff401000a0023c10
:10a2d8009628400b211820027c28400b004263245a
:10a2e8000000842401a0023c004242248028400b44
:10a2f80021104400070045140080023c2518620024
:10a3080025108200d04143aecc4162aeab28400b51
:10a31800c84103aed04144ae21188000ab28400ba1
:04a32800c84103ae77
:020000040000fa
:020000041d00dd
:10a32c0080bf023c205c44ac80bf033c105c628c60
:10a33c0001004230fdff401080bf023c205c438c8a
:10a34c0005000324205c43ac80bf033c105c628c92
:10a35c0001004230fdff401080bf023c205c428c6b
:10a36c000800e00300000000e8ffbd271400bfafa9
:10a37c00cb28400f010004241400bf8f0800e00319
:10a38c001800bd27e8ffbd271400bfafdd28400f24
:10a39c0000000000008042241b62043cc3978434fc
:10a3ac001800440010180000431a0300c32f0200c9
:10a3bc0023186500c0280300403103002328c50082
:10a3cc00c03005002328c5002318a300c0180300c3
:10a3dc0023104300c0280200401102002310450046
:10a3ec000019020023106200180044001020000025
:10a3fc0043220400c31702003930400f232082008f
:10a40c001400bf8f0800e0031800bd27e8ffbd272c
:10a41c001400bfafcb28400f212000001400bf8fc9
:10a42c000800e0031800bd2780bf023c005c40ac74
:10a43c0080bf023c205c428c0400032480bf023ca1
:10a44c00305c43ac80bf023c105c438c8431037c99
:10a45c00105c43ac80bf023c005c448c01000324c4
:10a46c004429647c005c44ac005c448c04e7647c50
:10a47c00005c44ac005c448c8452647c005c44ac56
:10a48c00005c448cc45a047c005c44ac005c448c7e
:10a49c00444a647c005c44ac005c448cc47b647cab
:0ca4ac00005c44ac0800e003000000006d
:020000040000fa
:020000041d00dd
:10a4b800d8ffbd272400bfaf2000b4af1c00b3af46
:10a4c8001800b2af1400b1af1000b0af21988000ef
:10a4d80021a0a0003800a297080042302180c000c7
:10a4e800140040102188e0002120a0002128c0008d
:10a4f800b92f400f21306002ffff032403004310ef
:10a508002a9011021c00401621206002211020020e
:10a518000a1012022400bf8f2000b48f1c00b38fd2
:10a528001800b28f1400b18f1000b08f0800e0033c
:10a538002800bd272a90c7001d0040162328e600e2
:10a548002120800221280002b92f400f213060020b
:10a55800211020020a1012022400bf8f2000b48f9d
:10a568001c00b38f1800b28f1400b18f1000b08f89
:10a578000800e0032800bd2723283002019d063c7f
:10a58800622d400f64bcc624211020020a1012025a
:10a598002400bf8f2000b48f1c00b38f1800b28f27
:10a5a8001400b18f1000b08f0800e0032800bd2709
:10a5b800019d063c622d400f64bcc624ffff0324a6
:10a5c800dfff4314211020020a1012022400bf8f5b
:10a5d8002000b48f1c00b38f1800b28f1400b18f05
:0ca5e8001000b08f0800e0032800bd2721
:020000040000fa
:020000041d00dd
:10a5f400e0ffbd271c00bfaf1800b2af1400b1af1d
:10a604001000b0afffff12242800921021888000b0
:10a614002180a0001800a28c2120a0001000428cf0
:10a6240009f840000200052421004010ffff022425
:10a634000000028e37005210000000000c00028e51
:10a64400170040500400038e0400028e0800038e9d
:10a654002b1862001c0060100000038effff4224d0
:10a66400040002ae01006324000003ae0000439026
:10a6740001007154000051a0100003962110200223
:10a684004429037c100003a61c00bf8f1800b28f5e
:10a694001400b18f1000b08f0800e0032000bd2724
:10a6a400ffff02241100625010000396ffff0224f2
:10a6b4001c00bf8f1800b28f1400b18f1000b08f30
:10a6c4000800e0032000bd27e7ff60500100632479
:10a6d400211020021c00bf8f1800b28f1400b18f0c
:10a6e4001000b08f0800e0032000bd27040011ae65
:10a6f400211020024429037c100003a61c00bf8ff4
:10a704001800b28f1400b18f1000b08f0800e0035e
:10a714002000bd27d72d400f212000029129400b96
:04a724000c00028e95
:020000040000fa
:020000041d00dd
:10a72800feff0924405005004058070025586401e1
:10a738002558660125504b01030040150000000014
:10a748003c00001000000224020080104040050078
:10a7580001000825e0ff013c010021342b0801011c
:10a7680037002010000000000200c0104040070021
:10a7780001000825e0ff013c010021342b080101fc
:10a788002f002010000000001600a10400000000a7
:10a798000300e0040000000026000010ffff022470
:10a7a8002b508600232086002b58aa002328aa00b5
:10a7b8002b50a70025504b01030040112328a70068
:10a7c8001c000010010002242550a40003004011c1
:10a7d8000000000017000010ffff02241500001001
:10a7e800000002240300e104000000001100001032
:10a7f800010002242b508600232086002b58aa0033
:10a808002328aa002b50a70025504b010300401114
:10a818002328a70007000010ffff02242550a400ea
:10a828000300401100000000020000100100022493
:10a83800000002240800e0030000000000000000ff
:0ca84800fcff00102510090000000000bb
:020000040000fa
:020000041d00dd
:10a8540025380400254005000080013c2458a1004f
:10a8640040480500424d0900ffff2c25fe07812dbd
:10a87400370020100000000033040a24235049014b
:10a88400350041292f00201000000000200041293c
:10a894000600201400000000e0ff4a250000042404
:10a8a400062845010500001004284501030040194d
:10a8b4000000000006204401042044012340050157
:10a8c4002338e4000000c4ac0400c5ac0800001543
:10a8d4000b0029250300e014000000000d00001007
:10a8e400000009242540e00000000724e0ff29259a
:10a8f4002020047107008010000000002348240178
:10a9040022500400065047010438870004408800a0
:10a9140025400a01c22207004065080025208c005a
:10a9240040280800022b0500006509002528ac001a
:10a934002528ab0025100400251805000800e003b5
:10a94400000000000400cbacfaff00100000c0ac13
:10a95400fcff201100000000f8ff053c0000042467
:10a964000000c4acf3ff00100400c5ac00000000fc
:020000040000fa
:020000041d00dd
:10a97400e0ffbd271c00bfaf1800b1af1400b0af9b
:10a984002180e0011400e58d1000e28d1900a21071
:10a99400218880000800e28d0100a32421284500bd
:10a9a400140003ae0d0020120000b1a00400028eba
:10a9b4000a004010ffff11240730400f0000048eee
:10a9c40021884000ffff02240500221221102002ea
:10a9d4000400028effff4224040002ae2110200274
:10a9e4001c00bf8f1800b18f1400b08f0800e00363
:10a9f4002000bd270c00e48d8000a52407008010f2
:10aa04001000e5ad6617400f000000000c0002ae18
:10aa14001400058e672a400b080002ae4612400f50
:10aa24002120a0000800038e0c0002ae80006824e0
:10aa340003006788070066880b0065880f00648838
:10aa44000000679804006698080065980c006498f4
:10aa540010006324000047ac040046ac080045ac79
:10aa64000c0044acf2ff6814100042240c00028e67
:0caa74001400058e672a400b080002ae9b
:020000040000fa
:020000041d00dd
:10aa800000202020202020202020282828282820be
:10aa900020202020202020202020202020202020b6
:10aaa0002080101010101010101010101010101026
:10aab000100404040404040404040410101010100e
:10aac00010104141414141410101010101010101d8
:10aad000010101010101010101010101101010102a
:10aae00010104242424242420202020202020202aa
:10aaf00002020202020202020202020210101010fe
:10ab00002000000000000000000000000000000025
:10ab10000000000000000000000000000000000035
:10ab20000000000000000000000000000000000025
:10ab30000000000000000000000000000000000015
:10ab40000000000000000000000000000000000005
:10ab500000000000000000000000000000000000f5
:10ab600000000000000000000000000000000000e5
:10ab700000000000000000000000000000000000d5
:04ab800000000000d1
:020000040000fa
:020000041d00dd
:10ab8400e0ffbd271c00bfaf1800b2af1400b1af87
:10ab94001000b0af4032400f2190800001a0103c63
:10aba400183c10260800038e0400718c0408117ce4
:10abb40023203202efff8424212082001b00820024
:10abc400f401400012900000ffff522602904272ee
:10abd4002a1042020800401000000000211000006a
:10abe4001c00bf8f1800b28f1400b18f1000b08ffb
:10abf4000800e0032000bd276630400f212000003c
:10ac04000800038e21187100f5ff43142110000081
:10ac14006630400f23201200ffff03240a00431074
:10ac240001a0023c7c41448c0800038e238832023c
:10ac34000100313623909200040071ac7c4152ac87
:10ac4400f92a400b010002246630400f2120000045
:10ac54000800038e2320430010008528e0ffa05441
:10ac64002110000001a0053c103ca58c0100843497
:10ac74002310450001a0053c7c41a2acf82a400bfe
:04ac8400040064acb8
:020000040000fa
:020000041d00dd
:10ac8800c03d867cffffc824fe00082dc24f04008b
:10ac98002b00001100b0877c81ffc6248000023c95
:10aca8002510e2002130c5007f00c3241800601879
:10acb800c0100200070044300d008014c000447c1e
:10acc800ff00642824008010c2100200c005447ce4
:10acd800020080502118000000b0427c004a0900a0
:10ace80025186900c01d03000800e0032510620054
:10acf8000300422421104400c2260200f1ff801004
:10ad0800ff00642842100200322b400b010063242c
:10ad180082ff0324231866001b0064281200805059
:10ad2800211000009e00c424042082000610620046
:10ad38002b180400251062002f2b400b0100032460
:10ad48000300c014000000000900e0142018e3709c
:10ad58000800e0032110800000120900ff004234bf
:10ad68000800e003c0150200392b400b2118000031
:10ad7800f8ff6224041047008aff06242b2b400b9f
:04ad88002330c300b1
:020000040000fa
:020000041d00dd
:10ad8c00d8ffbd272400bfaf2000b1af1c00b0af6f
:10ad9c002180a0000c00a28c2d0040102188800086
:10adac000000a28c01004224ffff03241e0043106c
:10adbc000000a2ac8a2e400f212000020000048e5d
:10adcc000400028effff842401004324000004ae23
:10addc00040003ae000051a00a0002240700225216
:10adec0010000296211020022400bf8f2000b18f8a
:10adfc001c00b08f0800e0032800bd27080042307b
:10ae0c00f9ff4010211020028a2e400f2120000251
:10ae1c00211020022400bf8f2000b18f1c00b08fa6
:10ae2c000800e0032800bd270800a28ce1ff4014b5
:10ae3c00000000001000a2940400a0ac0c00a0ac18
:10ae4c00100042340000a0ac702b400b1000a2a4e8
:10ae5c001000a427010005248d30400f1000b1a371
:10ae6c00000000ae211020022400bf8f2000b18f03
:0cae7c001c00b08f0800e0032800bd2778
:020000040000fa
:020000041d00dd
:10ae88000300823034004014ff00a630ff00a530d4
:10ae9800004a05000000828c25282501004c050089
:10aea8002548250126182201fefe053cfffea53493
:10aeb80027400300211865002738020021104500ab
:10aec800241803012410e2002510620080800a3c47
:10aed80080804a3524104a002000405400008290a7
:10aee800040084240000828c2618220127400300d5
:10aef8002118650027380200211045002418030195
:10af08002410e2002510620024104a001300405467
:10af180000008290040084240000828c26182201fc
:10af2800274003002118650027380200211045003a
:10af3800241803012410e2002510620024104a009e
:10af4800e8ff405004008424d92b400b0000829075
:10af5800060040100100842400008290fcff461483
:10af6800000000000800e003211080000800e00352
:04af780021100000a4
:020000040000fa
:020000041d00dd
:10af7c00e8ffbd271400bfaf00a0023c0800438cc3
:10af8c000a00605480bf043c0000023c00004224d4
:10af9c00240040100000023c0000000c00000000e7
:10afac001400bf8f0800e0031800bd271060842434
:10afbc00fbff8010ffff022402000224200062101d
:10afcc0080bf023c80bf023c0060428c80bf053ccd
:10afdc003060a5240080423003004014008003340c
:10afec0080bf023c086043ac0000828c0100423000
:10affc000900401400000000052c400ba0000224a6
:10b00c0005004010000000000000838c010063303c
:10b01c00fbff6010ffff42240000a28cec2b400bc6
:10b02c001400bf8f000042240b00405080bf043c32
:10b03c000000000c00000000ec2b400b1400bf8f34
:10b04c000068428c80bf053c3068a52480bf043c5e
:10b05c00f82b400b10688424f42b400b10608424d4
:020000040000fa
:020000041d00dd
:10b06c00a8ffbd270400a1af0800a2af0c00a3af3e
:10b07c001000a4af1400a5af1800a6af1c00a7af1a
:10b08c002000a8af2400a9af2800aaaf2c00abafba
:10b09c003000acaf3400adaf3800aeaf3c00afaf5a
:10b0ac004000b8af4400b9af4800bfaf1240000039
:10b0bc004c00a8af104000005000a8af019d1a3cf6
:10b0cc00c8c25a2700000000006804400060054018
:10b0dc0009f84003000000005000a88f1100000187
:10b0ec004c00a88f130000010400a18f0800a28f50
:10b0fc000c00a38f1000a48f1400a58f1800a68f2e
:10b10c001c00a78f2000a88f2400a98f2800aa8fcd
:10b11c002c00ab8f3000ac8f3400ad8f3800ae8f6d
:10b12c003c00af8f4000b88f4400b98f4800bf8ff0
:0cb13c005800bd27c000000018000042b1
:020000040000fa
:020000041d00dd
:10b14800e8ffbd271400bfaf00a0023c0800428cf6
:10b158000a004014211880000000023c000042242c
:10b16800200040100000023c0000000c000000001d
:10b178001400bf8f0800e0031800bd2780bf043cff
:10b1880010608424fbff80101400bf8f0100052489
:10b198001b00451080bf023c80bf023c206842244f
:10b1a80080bf053c1868a52480bf063c0868c624f3
:10b1b80080bf043c10688424008007340000c7acba
:10b1c800000406240000a6ac0000858c0001a53010
:10b1d800fdffa01000000000000043ac5f2c400bf6
:10b1e8001400bf8f00004224ecff401080bf023cd7
:10b1f8000000000c000000005f2c400b1400bf8f03
:10b208002060422480bf053c1860a52480bf063c0e
:08b21800702c400b0860c624f5
:020000040000fa
:020000041d00dd
:10b22000e0ffbd271c00bfaf1800b0af01a0103c6d
:10b23000c841028e10004010000000001b00801862
:10b24000211844002b206200110080540c000324bc
:10b2500001a0043ccc41848c2b2083000c00805442
:10b260000c000324c84103ae1c00bf8f1800b08f30
:10b270000800e0032000bd276628400f1000a4af9f
:10b28000c841028eedff40141000a48f0c0003246f
:10b2900000a0023c6c0043acffff02241c00bf8fe7
:10b2a0001800b08f0800e0032000bd272b204300ca
:10b2b0000500801401a0043cd041848c2b20640044
:10b2c000e9ff8050c84103ae1600032400a0023cf1
:10b2d0006c0043acffff02241c00bf8f1800b08f2e
:08b2e0000800e0032000bd2777
:020000040000fa
:020000041d00dd
:10b2e800e0ffbd271c00bfaf1800b1af1400b0af1e
:10b2f8002180a0001800a28c21888000010005246c
:10b308001000428c09f84000212000020e00401075
:10b31800ffff02240000028effff422411004004b8
:10b32800000002ae10000296080042300b004014e4
:10b338000a0002240400038e211020020100642464
:10b34800040004ae000071a01c00bf8f1800b18f6c
:10b358001400b08f0800e0032000bd27f6ff225636
:10b368000400038e1800028e212020020400428c63
:10b3780009f84000212800021c00bf8f1800b18f77
:0cb388001400b08f0800e0032000bd2777
:020000040000fa
:020000041d00dd
:10b39400c23d0400ff00e7300080013c24308100fe
:10b3a400ffffe924fe00212d0d0020100000000005
:10b3b4008003e724404a0400024b09002530c900f9
:10b3c400402f0400004d07002530c900251005005a
:10b3d400251806000800e00300000000000000003b
:10b3e4000000052421208400f6ff801000000000e6
:10b3f4000900e01400000000ffffe724212084007e
:10b404008000013c2b088100fbff20140000000099
:10b41400e7ff001000000000ff07072400ff013cc5
:10b42400010021342b088100e6ff201400000000f5
:0cb43400e4ff0010f8ff063c00000000e0
:020000040000fa
:020000041d00dd
:10b44000e0ffbd271c00bfaf1800b2af1400b1afc2
:10b450001000b0af01a0103c00a0113c2190800072
:10b460001a32400fd44104260400228ed44104260f
:10b47000010003241e32400f380043ac0400228e2a
:10b480001000508c0a0000560400028e332d400b31
:10b490003400428c80180300211803020000638ce2
:10b4a000ffff422409f86000040002ae0400028e8f
:10b4b000f8ff401c010043240000108efcff0056e2
:10b4c0000400028e0400228e3400428c03004010df
:10b4d0000000000009f84000000000004232400f68
:04b4e00021204002e5
:020000040000fa
:020000041d00dd
:10b4e400e8ffbd271400bfaf1000b0af218080007b
:10b4f40000a0023c0400438c0800828c019d053ca2
:10b50400b4c5a5241b004010340065ac0c00038ea8
:10b5140004006050100002960800028e040002ae7f
:10b5240010000296000003ae0200433400104430c1
:10b5340006008010100003a60800423007004014e3
:10b54400000000000463037c100003a61400bf8ff6
:10b554001000b08f0800e0031800bd274432400fec
:10b5640012000486f7ff401410000396522d400b7e
:10b57400f7ff6330ed2f400f00000000452d400b16
:04b584000c00038e26
:020000040000fa
:020000041d00dd
:10b58800d8ffbd272400bfaf2000b4af1c00b3af65
:10b598001800b2af1400b1af1000b0af2180a00006
:10b5a80021a080002198c00020001224ffff112450
:10b5b800110000122100022e211840020b1802026d
:10b5c800212060022128600021308002b92f400f1d
:10b5d80023800302f6ff51142400bf8f2000b48f8c
:10b5e8001c00b38f1800b28f1400b18f1000b08ff9
:10b5f8000800e0032800bd27211000002400bf8fa9
:10b608002000b48f1c00b38f1800b28f1400b18fc4
:0cb618001000b08f0800e0032800bd27e0
:020000040000fa
:020000041d00dd
:10b62400e0ffbd271c00bfaf1800b2af1400b1afdc
:10b634001000b0af21808000ffff1124019d123c57
:10b64400972d400b81aa5226000063808800633046
:10b65400100060501000038e0730400f21200002bc
:10b66400f9ff5114211852001000038e040011ae8a
:10b67400ffff0224ffff6324100003ae1c00bf8ff2
:10b684001800b28f1400b18f1000b08f0800e003cf
:10b694002000bd27040002ae21100000ffff632438
:10b6a400100003ae1c00bf8f1800b28f1400b18fbe
:0cb6b4001000b08f0800e0032000bd274c
:020000040000fa
:020000041d00dd
:10b6c000feff082440300400403805002548c7002c
:10b6d0001b0020110000000000ff013c010021348c
:10b6e0002b08c1001a0020100000000000ff013ce0
:10b6f000010021342b08e10015002010000000009b
:10b700000200810442300600233006000200a1043a
:10b7100042380700233807002a08c700030020101a
:10b720000000000007000010ffff02242a08e600c6
:10b73000030020100000000002000010010002249d
:10b74000000002240800e0030000000000000000e8
:0cb75000fcff00102510080000000000a5
:020000040000fa
:020000041d00dd
:10b75c00e8ffbd271400bfaf1000b0af0800828c0b
:10b76c001d004010218080000c00028e12004054fd
:10b77c000800028effff0224040002ae10000296a5
:10b78c00000000ae0100433400104430060080106d
:10b79c00100003a60800423009004014000000000d
:10b7ac000463037c100003a61400bf8f1000b08f3d
:10b7bc000800e0031800bd27e22d400b040002ae88
:10b7cc004432400f12000486f5ff4014100003961b
:10b7dc00eb2d400bf7ff6330ed2f400f0000000006
:08b7ec00de2d400b0c00028e63
:020000040000fa
:020000041d00dd
:10b7f400030083301e006014211080000000828c3e
:10b80400fefe073cfffee734211847002710020024
:10b814008080063c8080c6342418620024186600a8
:10b824001300601421108000040042240000438ca3
:10b8340021286700271803002418a3002418660091
:10b844000c00605400004380040042240000438c38
:10b8540021286700271803002418a3002418660071
:10b86400f2ff6050040042241e2e400b000043806f
:10b8740000004380feff6054010042240800e003fe
:04b884002310440049
:020000040000fa
:020000041d00dd
:10b88800c03a0500425504002538ea000080013c12
:10b898002538e1004050050042550a001e040624e0
:10b8a8002330ca000c00c018000000002000c12c82
:10b8b8000200201400000000000007340200a10468
:10b8c8000638c70023380700251007000800e003e2
:10b8d80000000000000000000200801000000000ce
:10b8e8000100a534f07f013c010021342b08a100a0
:10b8f8000300201400000000f4ff00100080023c48
:10b90800ff7f023cf1ff0010ffff423400000000ff
:020000040000fa
:020000041d00dd
:10b91800c03a0500425504002538ea000080013c81
:10b928002538e1004050050042550a001e0406244f
:10b938002330ca000c00c004000000002000c12c05
:10b948000200201400000000000007340200a104d7
:10b958000638c70023380700251007000800e00351
:10b96800000000000000000002008010000000003d
:10b978000100a534f07f013c010021342b08a1000f
:10b988000300201400000000f4ff00100080023cb7
:0cb99800f2ff0010ffff0224000000007e
:020000040000fa
:020000041d00dd
:10b9a4002118e003009d083cc85708250000098db4
:10b9b400180020110400082500000a8d0400082541
:10b9c40000000b8d090060110400082500000c9193
:10b9d400ffff4a250100082500002ca1fbff4015ac
:10b9e400010029250500001000000000000020a12e
:10b9f400ffff4a25fdff4015010029250300082506
:10ba0400fcff0a24244048010000098de7ff2015ab
:10ba14000000000021f860000800e00300000000be
:04ba2400000000001e
:020000040000fa
:020000041d00dd
:10ba2800e8ffbd271400bfaf1000b0af100082942c
:10ba38000200423013004010218080000000858cf5
:10ba48000c00a004211000000c00828c0600a250fb
:10ba58000800038e0800848c8d30400f2328450091
:10ba68000c00028e0800038e000002ae040003ae34
:10ba7800211000001400bf8f1000b08f0800e003f1
:10ba88001800bd27ffff0224040082ac211000002b
:10ba98001400bf8f1000b08f0800e0031800bd2706
:020000040000fa
:020000041d00dd
:10baa800d8ffbd272400bfaf2000b1af1c00b0af46
:10bab8000280c57007000012211000001000e394f6
:10bac800010063300800601000a0033c0900042452
:10bad8006c0064ac2400bf8f2000b18f1c00b08fb5
:10bae8000800e0032800bd27218880002120e0000d
:10baf8008a2e400f1000a6af212020028d30400f63
:10bb0800212800021000a68f2110c0002400bf8f3a
:10bb18002000b18f1c00b08f0800e0032800bd276b
:020000040000fa
:020000041d00dd
:10bb2800002a04000080013c2528a100c23d040031
:10bb3800ff00e7309e0006242330c7000d00c01820
:10bb4800000000002000c1280300201400000000ad
:10bb58000500001000000224020081040628c50028
:10bb680023280500251005000800e0030000000058
:10bb780000000000807f013c010021342b08810077
:10bb88000300201400000000f7ff00100080023cb2
:10bb9800ff7f023cf4ff0010ffff4234000000006a
:020000040000fa
:020000041d00dd
:10bba800002a04000080013c2528a100c23d0400b1
:10bbb800ff00e7309e0006242330c7000d00c004b4
:10bbc800000000002000c12803002014000000002d
:10bbd8000500001000000224020081040628c500a8
:10bbe80023280500251005000800e00300000000d8
:10bbf80000000000807f013c010021342b088100f7
:10bc08000300201400000000f7ff00100080023c31
:0cbc1800f5ff0010ffff022400000000f8
:020000040000fa
:020000041d00dd
:10bc28004e614e002d496e66000000002b496e667d
:10bc380000000000286e756c6c2900003030303030
:10bc480030303030303030303030303030303030ec
:10bc5800303030303030303030303030202020201c
:10bc680020202020202020202020202020202020cc
:10bc7800202020202020202020202020000000003c
:10bc880000000000000024407b14ae47e17a843fa6
:08bc9800000000000000104054
:020000040000fa
:020000041d00dd
:10bca000e8ffbd271400bfaf1000b0af21808000b7
:10bcb0001800828c1000428c09f840000200052414
:10bcc00009004010ffff02240000028effff422403
:10bcd00009004004000002ae0400028e010043246b
:10bce000040003ae000042901400bf8f1000b08f1c
:10bcf0000800e0031800bd271800028e0000428ce7
:10bd000009f84000212000021400bf8f1000b08ffe
:08bd10000800e0031800bd2744
:020000040000fa
:020000041d00dd
:10bd180000000524254805002538050025300400c5
:10bd28000c00c010000000000600c1040000000064
:10bd38000080093c2b50050023280500233006000d
:10bd48002330ca001e0407242040c8702338e800a6
:10bd580004300601c24205004055060025400a018c
:10bd68004050060002530a0025482a0100550700e2
:10bd780025482a0125100800251809000800e003b5
:08bd88000000000000000000b3
:020000040000fa
:020000041d00dd
:10bd9000c0ffbd273c00bfaf3800b0af218080009e
:10bda0004800a6af4c00a7afffff02242200a2a7c5
:10bdb000810002242000a2a7fd2d400f3000a5af76
:10bdc0004800a3271000a4273000a58f2130600071
:10bdd0001000a2af1c00a2af1800b0af1400b0afab
:10bde000019d023cdcc742242800a2af970c400f03
:10bdf0002c00a3af3c00bf8f3800b08f0800e003d9
:04be00004000bd271a
:020000040000fa
:020000041d00dd
:10be08002564000025640d0a000000002564202533
:10be18006400000025660d0a000000002566000089
:10be2800256620256600000025662025660d0a0087
:10be38003130300a0000000025642025640d0a0016
:10be48002566202566202566000000002566202539
:10be5800662025660d0a00000000c8c20000c8421e
:10be6800000000000000594000000000003eaf4004
:020000040000fa
:020000041d00dd
:10be7800c8ffbd273400bfaf4000a22721188000ab
:10be88004000a6af1000a427213040004400a7af0f
:10be9800ffff07242200a7a7820007242000a7a7e6
:10bea800ff7f073cfeffe7341000a7af1800a3afe1
:10beb8001400a3af019d033cdcc763242800a3af93
:10bec8009c0f400f2c00a2af1400a38f000060a0ad
:0cbed8003400bf8f0800e0033800bd27d5
:020000040000fa
:020000041d00dd
:10bee400d8ffbd272400bfaf2000b3af1c00b2af02
:10bef4001800b1af1400b0af218080002190c000c1
:10bf040021888500c92f400bffff13240100102650
:10bf1400ba2c400fffff0482050053102400bf8f8a
:10bf2400faff111621284002211000002400bf8fbf
:10bf34002000b38f1c00b28f1800b18f1400b08f93
:08bf44000800e0032800bd27fe
:020000040000fa
:020000041d00dd
:10bf4c00e8ffbd272b108500120040141400bfaf72
:10bf5c002110a6002b1082000e004010ffffc224ff
:10bf6c00211882002128a2000600c0102338660088
:10bf7c00ffffa5240100a690ffff6324fcff6714bc
:10bf8c00010066a0211080001400bf8f0800e003a0
:10bf9c001800bd277931400f000000001400bf8f3e
:08bfac000800e0031800bd27a6
:020000040000fa
:020000041d00dd
:10bfb400e8ffbd271400bfaf1000b0af21808000a0
:10bfc4000c00848c0e0080580c0000ae4612400f0a
:10bfd4000000000009004010080002ae10000396a3
:10bfe400040002ae10006234100002a61400bf8fd9
:10bff4001000b08f0800e0031800bd270c0000ae4d
:10c00400ffff0224040002ae1400bf8f1000b08fa3
:08c014000800e0031800bd273d
:020000040000fa
:020000041d00dd
:10c01c00e0ffbd271c00bfaf1800b1af1400b0afdc
:10c02c000400828cffff11240a0051102180800033
:10c03c00040091ac1000038e01006324100003aec9
:10c04c001c00bf8f1800b18f1400b08f0800e003e4
:10c05c002000bd27282f400f0000848cf5ff5114c1
:10c06c001c00bf8f1800b18f1400b08f0800e003c4
:04c07c002000bd27bc
:020000040000fa
:020000041d00dd
:10c08000e8ffbd271400bfaf1000b0af21808000d3
:10c090000800848c100080101400bf8f10000296de
:10c0a000100042300d0040501000b08fd823400fd8
:10c0b0000000000010000296080000aec420027cc0
:10c0c0000c0000ae000000aeffff0324040003ae2e
:10c0d000100002a61400bf8f1000b08f0800e0030c
:04c0e0001800bd2760
:020000040000fa
:020000041d00dd
:10c0e4000080013c12008010243081000200810491
:10c0f40000000000232004009e00052420388770df
:10c104002328a7000420e400800084248000882cd5
:10c114002128a800034204000100083123208800dc
:10c124004020040042220400c04505002520880068
:10c13400251086000800e003000000000000000055
:020000040000fa
:020000041d00dd
:10c144000000043ce8ffbd270000842403008010a5
:10c154001400bfaf09f88000000000000000843024
:10c164000000a530009d083c482a082509f8000174
:10c17400000000000000023c0000422403004010c4
:10c184000000000009f8400000000000f9ff001062
:04c1940000000000a7
:020000040000fa
:020000041d00dd
:10c19800e0ffbd271c00bfaf1800b1af1400b0af5f
:10c1a800882c400f218880000700201a2180400039
:10c1b800ffff0224040002122120000221280000af
:10c1c8008f31400f21302002211000021c00bf8f48
:10c1d8001800b18f1400b08f0800e0032000bd27bd
:020000040000fa
:020000041d00dd
:10c1e800e8ffbd271400bfaf0600800421108000bf
:10c1f8003930400f000000001400bf8f0800e00332
:10c208001800bd2742200400010042303930400f99
:10c2180025208200212040001825400f21284000b9
:0cc228001400bf8f0800e0031800bd27c1
:020000040000fa
:020000041d00dd
:10c23400e0ffbd271c00bfaf1800b1af1400b0afc2
:10c2440009008010218080000700a0102188a00030
:10c2540000000482ffff3126522c400f01001026fb
:10c26400fcff2056000004821c00bf8f1800b18f11
:0cc274001400b08f0800e0032000bd277c
:020000040000fa
:020000041d00dd
:10c280000000023c00004224050040100000023c77
:10c290000000422403004010019d023c3f0000705a
:10c2a000019d023ca0c34224050040100000000094
:10c2b000e8ffbd271400bfaf09f8400000000000f0
:08c2c000b030400b000000004b
:020000040000fa
:020000041d00dd
:10c2c8000000023c00004224050040100000023c2f
:10c2d8000000422403004010019d023c3f00007012
:10c2e800019d023ca0c3422405004010000000004c
:10c2f800e8ffbd271400bfaf09f8400000000000a8
:08c30800c230400b00000000f0
:020000040000fa
:020000041d00dd
:10c310000000023c00004224070040100000023ce4
:10c320000000422405004050019d023c3f00007087
:10c330000800e00300000000019d023ca0c342246d
:10c34000030040100000000009f840000000000059
:08c350000800e00300000000fa
:020000040000fa
:020000041d00dd
:10c358000000000000001440000000000000394008
:10c3680000000000008883400000000084d71741c7
:10c378000080e03779c34142176e05b5b5b89344dc
:10c38800f5f93fe9034f3849321d30f948778252b1
:08c398003cbf737fdd4f15650a
:020000040000fa
:020000041d00dd
:10c3a00000606041c000000099aa033c81bf023ccc
:10c3b0005566632430f240ac30f243ac6655033c22
:10c3c000aa99633430f243ac81bf023c01000324dc
:10c3d00018f643ac81bf023c10f6428cea30400ba9
:10c3e00000000000e8ffbd271400bfaf1000b0af91
:10c3f000462f400f21808000080001061400bf8fe7
:10c40000019d043c18c8868c1cc8878c21204000e4
:10c41000531d400f212860001400bf8f1000b08f03
:08c420000800e0031800bd272d
:020000040000fa
:020000041d00dd
:10c42800e8ffbd271400bfaf1000b0af01a0103c5b
:10c438001a32400fd441042600a0023c0400428c6a
:10c44800d4410426010003241e32400f380043acb7
:10c458001400bf8f1000b08f0800e0031800bd273c
:020000040000fa
:020000041d00dd
:10c468000900c0102110800020000224231046007b
:10c47800070040180620c400041045000618c5002f
:10c488000800e003251044000800e0032118a0007c
:10c4980023100200211800000800e00306104500e0
:10c4a8000900c01021108000200003242318660012
:10c4b800070060180428c500061864000410c400aa
:10c4c8000800e003251865000800e0032118a00013
:10c4d80023180300211000000800e003041864007a
:020000040000fa
:020000041d00dd
:10c4e8000000828c03004010211000000800e003c7
:10c4f80000000000e8ffbd271400bfaf02000224bf
:10c5080009f8a000000082ac211000001400bf8fc1
:08c518000800e0031800bd2734
:020000040000fa
:020000041d00dd
:10c520000400828cffff032403004310000080ac52
:10c530000800e003040083ace8ffbd271400bfaf90
:10c54000df2b400f010004241400bf8f0800e0031c
:04c550001800bd27eb
:020000040000fa
:020000041d00dd
:10c55400100083942428a3000700a01001000224e3
:10c5640040006334100083a40900032400a0023cab
:10c574006c0043ac211000000800e0030000000040
:020000040000fa
:020000041d00dd
:10c584003031323334353637000000003031323345
:10c594003435363738394142434445466162636431
:10c5a40065660000303132333435363738390000af
:020000040000fa
:020000041d00dd
:10c5b40001a0023cf841428c07004010000000003a
:10c5c400e8ffbd271400bfaf09f8400000000000d9
:10c5d4001400bf8f1800bd270800e003000000000e
:020000040000fa
:020000041d00dd
:10c5e40021108000213886000600c0102118800028
:10c5f4000100a524ffffa69001006324fcff67143b
:0cc60400ffff66a00800e003000000003b
:020000040000fa
:020000041d00dd
:10c6100001a0033cb041622401000424080044aca2
:10c6200001a0043c00428424b04164ac0000033cff
:0cc63000000063240800e003040043ac99
:020000040000fa
:020000041d00dd
:10c63c000700c01021108000ff00a53021308600bb
:10c64c002118800001006324feff6614ffff65a023
:08c65c000800e00300000000eb
:020000040000fa
:020000041d00dd
:10c66400e8ffbd271400bfaf00a0023c0400428cc9
:10c67400ba2c400f0400458c1400bf8f0800e0035f
:04c684001800bd27b6
:020000040000fa
:020000041d00dd
:10c68800e8ffbd271400bfaf00a0023c0400428ca5
:10c69800282f400f0000448c1400bf8f0800e003cf
:04c6a8001800bd2792
:020000040000fa
:020000041d00dd
:10c6ac00e8ffbd271400bfaf9c0f400f0000000037
:0cc6bc001400bf8f0800e0031800bd2729
:020000040000fa
:020000041d00dd
:10c6c800e8ffbd271400bfafba2c400f00000000e0
:0cc6d8001400bf8f0800e0031800bd270d
:020000040000fa
:020000041d00dd
:10c6e400e8ffbd271400bfaf970c400f0000000007
:0cc6f4001400bf8f0800e0031800bd27f1
:020000040000fa
:020000041d00dd
:10c70000e8ffbd271400bfaf5d1e400f0000000012
:0cc710001400bf8f0800e0031800bd27d4
:020000040000fa
:020000041d00dd
:10c71c00e8ffbd271400bfaf3320400f000000001e
:0cc72c001400bf8f0800e0031800bd27b8
:020000040000fa
:020000041d00dd
:10c73800e8ffbd271400bfaf282f400f00000000fe
:0cc748001400bf8f0800e0031800bd279c
:020000040000fa
:020000041d00dd
:10c754000080013c2628a1002510040025180500ae
:0cc764000800e0030000000000000000de
:020000040000fa
:020000041d00dd
:10c7700000601a40bfff1b3cffff7b3724d05b03e8
:08c7800000609a40180000421d
:020000040000fa
:020000041d00dd
:10c788000000a0400000c84100401c4420bcbe4836
:08c79800ca1b0e52aec59d64e0
:020000040000fa
:020000041d00dd
:10c7a00000a0023c0400428c010003240800e003c6
:04c7b000380043ac5e
:020000040000fa
:020000041d00dd
:10c7b40020c5009d8cad009d28ba009da8ba009d9f
:04c7c40054c5009dbb
:020000040000fa
:020000041d00dd
:10c7c80000a0023c0400428c010003240800e0039e
:04c7d800380043ac36
:020000040000fa
:020000041d00dd
:10c7dc0030c8009d38c8009d40c8009d48c8009dc9
:04c7ec0050c8009d94
:020000040000fa
:020000041d00dd
:10c7f0000080013c261081000800e00300000000da
:04c800000000000034
:020000040000fa
:020000041d00dd
:10c808001c7c613255300f4000000000000e9f4034
:08c81800000000000000f041e7
:020000040000fa
:020000041d00dd
:08c820000800e0030000000025
:020000040000fa
:020000041d00dd
:08c828000800e003000000001d
:020000040000fa
:020000041d00dd
:08c830000800e003ffff0224f1
:020000040000fa
:020000041d00dd
:08c838000800e003211080005c
:020000040000fa
:020000041d00dd
:08c840000800e00321100000d4
:020000040000fa
:020000041d00dd
:08c848000800e00321100000cc
:020000040000fa
:020000041d00dd
:08c850000800e00301000224ce
:020000040000fa
:020000041d00dd
:08c858000800e00321100000bc
:020000040000fa
:020000041d00dd
:08c860000800e00321100000b4
:020000040000fa
:020000041d00dd
:08c868000800e00321100000ac
:020000040000fa
:020000041d00dd
:08c870000800e00321100000a4
:020000040000fa
:020000041d00dd
:08c878000800e003211000009c
:020000040000fa
:020000041d00dd
:08c880000800e0032110000094
:020000040000fa
:020000041d00dd
:08c888000800e003211000008c
:020000040000fa
:020000041d00dd
:08c890000800e0032110000084
:020000040000fa
:020000041d00dd
:08c898000800e003211000007c
:020000040000fa
:020000041d00dd
:08c8a0000800e0032110000074
:020000040000fa
:020000041d00dd
:08c8a8000800e003ffff022479
:020000040000fa
:020000041d00dd
:08c8b0000800e0030000000095
:020000040000fa
:020000041d00dd
:08c8b8000800e003000000008d
:020000040000fa
:020000041d00dd
:08c8c0000800e0030000000085
:020000040000fa
:020000041d00dd
:08c8c8000800e003000000007d
:020000040000fa
:020000041d00dd
:08c8d0000800e0030000000075
:020000040000fa
:020000041d00dd
:08c8d8000800e003000000006d
:020000040000fa
:020000041d00dd
:08c8e0000800e003ffff022441
:020000040000fa
:020000041d00dd
:08c8e8000800e003ffff022439
:020000040000fa
:020000041d00dd
:08c8f0000800e0032110000024
:020000040000fa
:020000041d00dd
:08c8f8000800e0032110a0007c
:020000040000fa
:020000041d00dd
:08c900000800e003800002249e
:020000040000fa
:020000041d00dd
:08c908004232400b0000000068
:020000040000fa
:020000041d00dd
:08c910000800e0032110000003
:00000001FF
