
out.elf:     file format elf32-tradlittlemips


Disassembly of section .config_BFC02FF0:

bfc02ff0 <__config_BFC02FF0>:
bfc02ff0:	ff ff fe fa                                         ....

Disassembly of section .config_BFC02FF4:

bfc02ff4 <__config_BFC02FF4>:
bfc02ff4:	d9 79 f8 ff                                         .y..

Disassembly of section .config_BFC02FF8:

bfc02ff8 <__config_BFC02FF8>:
bfc02ff8:	db ce 6c ff                                         ..l.

Disassembly of section .config_BFC02FFC:

bfc02ffc <__config_BFC02FFC>:
bfc02ffc:	ff ff ff 7e                                         ...~

Disassembly of section .reset:

bd001970 <_reset>:
bd001970:	0f40065e 	jal	bd001978 <_startup>
bd001974:	00000000 	nop

bd001978 <_startup>:
bd001978:	401a6000 	mfc0	k0,c0_status
bd00197c:	7f5a04c0 	ext	k0,k0,0x13,0x1
bd001980:	13400005 	beqz	k0,bd001998 <_no_nmi>
bd001984:	00000000 	nop
bd001988:	3c1a9d01 	lui	k0,0x9d01
bd00198c:	275ac770 	addiu	k0,k0,-14480
bd001990:	03400008 	jr	k0
bd001994:	00000000 	nop

bd001998 <_no_nmi>:
bd001998:	3c1da002 	lui	sp,0xa002
bd00199c:	27bdfff0 	addiu	sp,sp,-16
bd0019a0:	3c1ca000 	lui	gp,0xa000
bd0019a4:	279c7ff0 	addiu	gp,gp,32752
bd0019a8:	40096002 	mfc0	t1,c0_srsctl
bd0019ac:	01205820 	add	t3,t1,zero
bd0019b0:	7d2a1e80 	ext	t2,t1,0x1a,0x4
bd0019b4:	7d494984 	ins	t1,t2,0x6,0x4
bd0019b8:	40896002 	mtc0	t1,c0_srsctl
bd0019bc:	000000c0 	ehb
bd0019c0:	41dce000 	wrpgpr	gp,gp
bd0019c4:	408b6002 	mtc0	t3,c0_srsctl
bd0019c8:	000000c0 	ehb
bd0019cc:	3c089d01 	lui	t0,0x9d01
bd0019d0:	2508c820 	addiu	t0,t0,-14304
bd0019d4:	0100f809 	jalr	t0
bd0019d8:	00000000 	nop

bd0019dc <_start_bss_init>:
bd0019dc:	3c08a000 	lui	t0,0xa000
bd0019e0:	2508000c 	addiu	t0,t0,12
bd0019e4:	3c09a000 	lui	t1,0xa000
bd0019e8:	25290070 	addiu	t1,t1,112
bd0019ec:	10000003 	b	bd0019fc <_bss_check>
bd0019f0:	00000000 	nop

bd0019f4 <_bss_init>:
bd0019f4:	ad000000 	sw	zero,0(t0)
bd0019f8:	25080004 	addiu	t0,t0,4

bd0019fc <_bss_check>:
bd0019fc:	0109082b 	sltu	at,t0,t1
bd001a00:	1420fffc 	bnez	at,bd0019f4 <_bss_init>
bd001a04:	00000000 	nop
bd001a08:	3c089d01 	lui	t0,0x9d01
bd001a0c:	2508b9a4 	addiu	t0,t0,-18012
bd001a10:	0100f809 	jalr	t0
bd001a14:	00000000 	nop
bd001a18:	3c090000 	lui	t1,0x0
bd001a1c:	25290000 	addiu	t1,t1,0
bd001a20:	11200010 	beqz	t1,bd001a64 <_ramfunc_done>
bd001a24:	00000000 	nop
bd001a28:	3c090002 	lui	t1,0x2
bd001a2c:	25290000 	addiu	t1,t1,0
bd001a30:	3c0abf88 	lui	t2,0xbf88
bd001a34:	254a2010 	addiu	t2,t2,8208
bd001a38:	ad490000 	sw	t1,0(t2)
bd001a3c:	3c090002 	lui	t1,0x2
bd001a40:	25290000 	addiu	t1,t1,0
bd001a44:	3c0abf88 	lui	t2,0xbf88
bd001a48:	254a2020 	addiu	t2,t2,8224
bd001a4c:	ad490000 	sw	t1,0(t2)
bd001a50:	3c090002 	lui	t1,0x2
bd001a54:	25290000 	addiu	t1,t1,0
bd001a58:	3c0abf88 	lui	t2,0xbf88
bd001a5c:	254a2030 	addiu	t2,t2,8240
bd001a60:	ad490000 	sw	t1,0(t2)

bd001a64 <_ramfunc_done>:
bd001a64:	40804800 	mtc0	zero,c0_count
bd001a68:	240affff 	li	t2,-1
bd001a6c:	408a5800 	mtc0	t2,c0_compare
bd001a70:	3c080040 	lui	t0,0x40
bd001a74:	400a6000 	mfc0	t2,c0_status
bd001a78:	010a5025 	or	t2,t0,t2
bd001a7c:	408a6000 	mtc0	t2,c0_status
bd001a80:	3c099d00 	lui	t1,0x9d00
bd001a84:	25290000 	addiu	t1,t1,0
bd001a88:	000000c0 	ehb
bd001a8c:	40897801 	mtc0	t1,c0_ebase
bd001a90:	3c090000 	lui	t1,0x0
bd001a94:	25290001 	addiu	t1,t1,1
bd001a98:	240a0000 	li	t2,0
bd001a9c:	7d2a4944 	ins	t2,t1,0x5,0x5
bd001aa0:	408a6001 	mtc0	t2,c0_intctl
bd001aa4:	3c090080 	lui	t1,0x80
bd001aa8:	40896800 	mtc0	t1,c0_cause
bd001aac:	40088000 	mfc0	t0,c0_config
bd001ab0:	7d090580 	ext	t1,t0,0x16,0x1
bd001ab4:	00094c40 	sll	t1,t1,0x11
bd001ab8:	40086000 	mfc0	t0,c0_status
bd001abc:	3c010058 	lui	at,0x58
bd001ac0:	01014024 	and	t0,t0,at
bd001ac4:	01284025 	or	t0,t1,t0
bd001ac8:	40886000 	mtc0	t0,c0_status
bd001acc:	000000c0 	ehb
bd001ad0:	3c089d01 	lui	t0,0x9d01
bd001ad4:	2508c828 	addiu	t0,t0,-14296
bd001ad8:	0100f809 	jalr	t0
bd001adc:	00000000 	nop
bd001ae0:	40086000 	mfc0	t0,c0_status
bd001ae4:	3c01ffbf 	lui	at,0xffbf
bd001ae8:	3421ffff 	ori	at,at,0xffff
bd001aec:	01014024 	and	t0,t0,at
bd001af0:	40886000 	mtc0	t0,c0_status
bd001af4:	30840000 	andi	a0,a0,0x0
bd001af8:	30a50000 	andi	a1,a1,0x0
bd001afc:	3c089d01 	lui	t0,0x9d01
bd001b00:	2508c144 	addiu	t0,t0,-16060
bd001b04:	01000008 	jr	t0
bd001b08:	00000000 	nop

Disassembly of section .bev_excpt:

bd001cf0 <_bev_exception>:
bd001cf0:	3c1a9d01 	lui	k0,0x9d01
bd001cf4:	275ac280 	addiu	k0,k0,-15744
bd001cf8:	03400008 	jr	k0
bd001cfc:	00000000 	nop

Disassembly of section .app_excpt:

9d000180 <_gen_exception>:
9d000180:	3c1a9d01 	lui	k0,0x9d01
9d000184:	275ab06c 	addiu	k0,k0,-20372
9d000188:	03400008 	jr	k0
9d00018c:	00000000 	nop

Disassembly of section .vector_0:

9d000200 <__vector_dispatch_0>:
9d000200:	0b4030c4 	j	9d00c310 <.LFE0>
9d000204:	00000000 	nop

Disassembly of section .vector_1:

9d000220 <__vector_dispatch_1>:
9d000220:	0b4030c4 	j	9d00c310 <.LFE0>
9d000224:	00000000 	nop

Disassembly of section .vector_2:

9d000240 <__vector_dispatch_2>:
9d000240:	0b4030c4 	j	9d00c310 <.LFE0>
9d000244:	00000000 	nop

Disassembly of section .vector_3:

9d000260 <__vector_dispatch_3>:
9d000260:	0b4030c4 	j	9d00c310 <.LFE0>
9d000264:	00000000 	nop

Disassembly of section .vector_4:

9d000280 <__vector_dispatch_4>:
9d000280:	0b4030c4 	j	9d00c310 <.LFE0>
9d000284:	00000000 	nop

Disassembly of section .vector_5:

9d0002a0 <__vector_dispatch_5>:
9d0002a0:	0b4030c4 	j	9d00c310 <.LFE0>
9d0002a4:	00000000 	nop

Disassembly of section .vector_6:

9d0002c0 <__vector_dispatch_6>:
9d0002c0:	0b4030c4 	j	9d00c310 <.LFE0>
9d0002c4:	00000000 	nop

Disassembly of section .vector_7:

9d0002e0 <__vector_dispatch_7>:
9d0002e0:	0b4030c4 	j	9d00c310 <.LFE0>
9d0002e4:	00000000 	nop

Disassembly of section .vector_8:

9d000300 <__vector_dispatch_8>:
9d000300:	0b40087d 	j	9d0021f4 <CurrController>
9d000304:	00000000 	nop

Disassembly of section .vector_9:

9d000320 <__vector_dispatch_9>:
9d000320:	0b4030c4 	j	9d00c310 <.LFE0>
9d000324:	00000000 	nop

Disassembly of section .vector_10:

9d000340 <__vector_dispatch_10>:
9d000340:	0b4030c4 	j	9d00c310 <.LFE0>
9d000344:	00000000 	nop

Disassembly of section .vector_11:

9d000360 <__vector_dispatch_11>:
9d000360:	0b4030c4 	j	9d00c310 <.LFE0>
9d000364:	00000000 	nop

Disassembly of section .vector_12:

9d000380 <__vector_dispatch_12>:
9d000380:	0b4030c4 	j	9d00c310 <.LFE0>
9d000384:	00000000 	nop

Disassembly of section .vector_13:

9d0003a0 <__vector_dispatch_13>:
9d0003a0:	0b4030c4 	j	9d00c310 <.LFE0>
9d0003a4:	00000000 	nop

Disassembly of section .vector_14:

9d0003c0 <__vector_dispatch_14>:
9d0003c0:	0b4030c4 	j	9d00c310 <.LFE0>
9d0003c4:	00000000 	nop

Disassembly of section .vector_15:

9d0003e0 <__vector_dispatch_15>:
9d0003e0:	0b4030c4 	j	9d00c310 <.LFE0>
9d0003e4:	00000000 	nop

Disassembly of section .vector_16:

9d000400 <__vector_dispatch_16>:
9d000400:	0b400780 	j	9d001e00 <PosController>
9d000404:	00000000 	nop

Disassembly of section .vector_17:

9d000420 <__vector_dispatch_17>:
9d000420:	0b4030c4 	j	9d00c310 <.LFE0>
9d000424:	00000000 	nop

Disassembly of section .vector_18:

9d000440 <__vector_dispatch_18>:
9d000440:	0b4030c4 	j	9d00c310 <.LFE0>
9d000444:	00000000 	nop

Disassembly of section .vector_19:

9d000460 <__vector_dispatch_19>:
9d000460:	0b4030c4 	j	9d00c310 <.LFE0>
9d000464:	00000000 	nop

Disassembly of section .vector_20:

9d000480 <__vector_dispatch_20>:
9d000480:	0b4030c4 	j	9d00c310 <.LFE0>
9d000484:	00000000 	nop

Disassembly of section .vector_21:

9d0004a0 <__vector_dispatch_21>:
9d0004a0:	0b4030c4 	j	9d00c310 <.LFE0>
9d0004a4:	00000000 	nop

Disassembly of section .vector_22:

9d0004c0 <__vector_dispatch_22>:
9d0004c0:	0b4030c4 	j	9d00c310 <.LFE0>
9d0004c4:	00000000 	nop

Disassembly of section .vector_23:

9d0004e0 <__vector_dispatch_23>:
9d0004e0:	0b4030c4 	j	9d00c310 <.LFE0>
9d0004e4:	00000000 	nop

Disassembly of section .vector_24:

9d000500 <__vector_dispatch_24>:
9d000500:	0b4030c4 	j	9d00c310 <.LFE0>
9d000504:	00000000 	nop

Disassembly of section .vector_25:

9d000520 <__vector_dispatch_25>:
9d000520:	0b4030c4 	j	9d00c310 <.LFE0>
9d000524:	00000000 	nop

Disassembly of section .vector_26:

9d000540 <__vector_dispatch_26>:
9d000540:	0b4030c4 	j	9d00c310 <.LFE0>
9d000544:	00000000 	nop

Disassembly of section .vector_27:

9d000560 <__vector_dispatch_27>:
9d000560:	0b4030c4 	j	9d00c310 <.LFE0>
9d000564:	00000000 	nop

Disassembly of section .vector_28:

9d000580 <__vector_dispatch_28>:
9d000580:	0b4030c4 	j	9d00c310 <.LFE0>
9d000584:	00000000 	nop

Disassembly of section .vector_29:

9d0005a0 <__vector_dispatch_29>:
9d0005a0:	0b4030c4 	j	9d00c310 <.LFE0>
9d0005a4:	00000000 	nop

Disassembly of section .vector_30:

9d0005c0 <__vector_dispatch_30>:
9d0005c0:	0b4030c4 	j	9d00c310 <.LFE0>
9d0005c4:	00000000 	nop

Disassembly of section .vector_31:

9d0005e0 <__vector_dispatch_31>:
9d0005e0:	0b4030c4 	j	9d00c310 <.LFE0>
9d0005e4:	00000000 	nop

Disassembly of section .vector_32:

9d000600 <__vector_dispatch_32>:
9d000600:	0b4030c4 	j	9d00c310 <.LFE0>
9d000604:	00000000 	nop

Disassembly of section .vector_33:

9d000620 <__vector_dispatch_33>:
9d000620:	0b4030c4 	j	9d00c310 <.LFE0>
9d000624:	00000000 	nop

Disassembly of section .vector_34:

9d000640 <__vector_dispatch_34>:
9d000640:	0b4030c4 	j	9d00c310 <.LFE0>
9d000644:	00000000 	nop

Disassembly of section .vector_35:

9d000660 <__vector_dispatch_35>:
9d000660:	0b4030c4 	j	9d00c310 <.LFE0>
9d000664:	00000000 	nop

Disassembly of section .vector_36:

9d000680 <__vector_dispatch_36>:
9d000680:	0b4030c4 	j	9d00c310 <.LFE0>
9d000684:	00000000 	nop

Disassembly of section .vector_37:

9d0006a0 <__vector_dispatch_37>:
9d0006a0:	0b4030c4 	j	9d00c310 <.LFE0>
9d0006a4:	00000000 	nop

Disassembly of section .vector_38:

9d0006c0 <__vector_dispatch_38>:
9d0006c0:	0b4030c4 	j	9d00c310 <.LFE0>
9d0006c4:	00000000 	nop

Disassembly of section .vector_39:

9d0006e0 <__vector_dispatch_39>:
9d0006e0:	0b4030c4 	j	9d00c310 <.LFE0>
9d0006e4:	00000000 	nop

Disassembly of section .vector_40:

9d000700 <__vector_dispatch_40>:
9d000700:	0b4030c4 	j	9d00c310 <.LFE0>
9d000704:	00000000 	nop

Disassembly of section .vector_41:

9d000720 <__vector_dispatch_41>:
9d000720:	0b4030c4 	j	9d00c310 <.LFE0>
9d000724:	00000000 	nop

Disassembly of section .vector_42:

9d000740 <__vector_dispatch_42>:
9d000740:	0b4030c4 	j	9d00c310 <.LFE0>
9d000744:	00000000 	nop

Disassembly of section .vector_43:

9d000760 <__vector_dispatch_43>:
9d000760:	0b4030c4 	j	9d00c310 <.LFE0>
9d000764:	00000000 	nop

Disassembly of section .vector_44:

9d000780 <__vector_dispatch_44>:
9d000780:	0b4030c4 	j	9d00c310 <.LFE0>
9d000784:	00000000 	nop

Disassembly of section .vector_45:

9d0007a0 <__vector_dispatch_45>:
9d0007a0:	0b4030c4 	j	9d00c310 <.LFE0>
9d0007a4:	00000000 	nop

Disassembly of section .vector_46:

9d0007c0 <__vector_dispatch_46>:
9d0007c0:	0b4030c4 	j	9d00c310 <.LFE0>
9d0007c4:	00000000 	nop

Disassembly of section .vector_47:

9d0007e0 <__vector_dispatch_47>:
9d0007e0:	0b4030c4 	j	9d00c310 <.LFE0>
9d0007e4:	00000000 	nop

Disassembly of section .vector_48:

9d000800 <__vector_dispatch_48>:
9d000800:	0b4030c4 	j	9d00c310 <.LFE0>
9d000804:	00000000 	nop

Disassembly of section .vector_49:

9d000820 <__vector_dispatch_49>:
9d000820:	0b4030c4 	j	9d00c310 <.LFE0>
9d000824:	00000000 	nop

Disassembly of section .vector_50:

9d000840 <__vector_dispatch_50>:
9d000840:	0b4030c4 	j	9d00c310 <.LFE0>
9d000844:	00000000 	nop

Disassembly of section .vector_51:

9d000860 <__vector_dispatch_51>:
9d000860:	0b4030c4 	j	9d00c310 <.LFE0>
9d000864:	00000000 	nop

Disassembly of section ._debug_exception:

bfc00480 <__DbgExecReturn>:
bfc00480:	409bf800 	mtc0	k1,c0_desave
bfc00484:	000000c0 	ehb
bfc00488:	3c1b9d01 	lui	k1,0x9d01
bfc0048c:	277bc3a0 	addiu	k1,k1,-15456
bfc00490:	13600002 	beqz	k1,bfc0049c <__DbgExecReturn+0x1c>
bfc00494:	00000000 	nop
bfc00498:	409bc000 	mtc0	k1,c0_depc
bfc0049c:	401bf800 	mfc0	k1,c0_desave
bfc004a0:	000000c0 	ehb
bfc004a4:	4200001f 	deret
bfc004a8:	00000000 	nop

Disassembly of section .text:

9d001e00 <PosController>:
static volatile int tcounter = 0;               //used to iterate thru the array
static volatile int ePos = 0;
/* Position Controller */

void __ISR(_TIMER_4_VECTOR, IPL6SOFT) PosController(void)
{ // _TIMER_4_VECTOR = 8
9d001e00:	415de800 	rdpgpr	sp,sp
9d001e04:	401a7000 	mfc0	k0,c0_epc
9d001e08:	401b6000 	mfc0	k1,c0_status
9d001e0c:	27bdff78 	addiu	sp,sp,-136
9d001e10:	afba0084 	sw	k0,132(sp)
9d001e14:	401a6002 	mfc0	k0,c0_srsctl
9d001e18:	afbb0080 	sw	k1,128(sp)
9d001e1c:	afba007c 	sw	k0,124(sp)
9d001e20:	7c1b7844 	ins	k1,zero,0x1,0xf
9d001e24:	377b1800 	ori	k1,k1,0x1800
9d001e28:	409b6000 	mtc0	k1,c0_status
9d001e2c:	afbf006c 	sw	ra,108(sp)
9d001e30:	afb90068 	sw	t9,104(sp)
9d001e34:	afb80064 	sw	t8,100(sp)
9d001e38:	afb50060 	sw	s5,96(sp)
9d001e3c:	afb4005c 	sw	s4,92(sp)
9d001e40:	afb30058 	sw	s3,88(sp)
9d001e44:	afb20054 	sw	s2,84(sp)
9d001e48:	afb10050 	sw	s1,80(sp)
9d001e4c:	afb0004c 	sw	s0,76(sp)
9d001e50:	afaf0048 	sw	t7,72(sp)
9d001e54:	afae0044 	sw	t6,68(sp)
9d001e58:	afad0040 	sw	t5,64(sp)
9d001e5c:	afac003c 	sw	t4,60(sp)
9d001e60:	afab0038 	sw	t3,56(sp)
9d001e64:	afaa0034 	sw	t2,52(sp)
9d001e68:	afa90030 	sw	t1,48(sp)
9d001e6c:	afa8002c 	sw	t0,44(sp)
9d001e70:	afa70028 	sw	a3,40(sp)
9d001e74:	afa60024 	sw	a2,36(sp)
9d001e78:	afa50020 	sw	a1,32(sp)
9d001e7c:	afa4001c 	sw	a0,28(sp)
9d001e80:	afa30018 	sw	v1,24(sp)
9d001e84:	afa20014 	sw	v0,20(sp)
9d001e88:	afa10010 	sw	at,16(sp)
9d001e8c:	00001012 	mflo	v0
9d001e90:	afa20074 	sw	v0,116(sp)
9d001e94:	00001810 	mfhi	v1
9d001e98:	afa30070 	sw	v1,112(sp)

  // static float uPos;
  // static float uPosNew;
  switch (get_mode())
9d001e9c:	0f402642 	jal	9d009908 <get_mode>
9d001ea0:	00000000 	nop

9d001ea4 <.LVL0>:
9d001ea4:	24030003 	li	v1,3
9d001ea8:	10430005 	beq	v0,v1,9d001ec0 <.LBB2>
9d001eac:	24030004 	li	v1,4
9d001eb0:	10430043 	beq	v0,v1,9d001fc0 <.LBB3>
9d001eb4:	3c02bf88 	lui	v0,0xbf88
9d001eb8:	0b40084d 	j	9d002134 <.LBE3+0x8>
9d001ebc:	00000000 	nop

9d001ec0 <.LBB2>:
  {
  case HOLD:
  {
    float r, s;
    r = DesAng;
9d001ec0:	8f908044 	lw	s0,-32700(gp)
    s = encoder_angle();
9d001ec4:	0f4028e4 	jal	9d00a390 <encoder_angle>
9d001ec8:	00000000 	nop

9d001ecc <.LVL2>:
    ePos = r - s;
9d001ecc:	02002021 	move	a0,s0
9d001ed0:	0f402516 	jal	9d009458 <__subsf3>
9d001ed4:	00402821 	move	a1,v0
9d001ed8:	0f402eca 	jal	9d00bb28 <__fixsfsi>
9d001edc:	00402021 	move	a0,v0
9d001ee0:	af828030 	sw	v0,-32720(gp)
    EintPos += ePos;
9d001ee4:	8f838050 	lw	v1,-32688(gp)
9d001ee8:	8f828030 	lw	v0,-32720(gp)
9d001eec:	00621021 	addu	v0,v1,v0
9d001ef0:	af828050 	sw	v0,-32688(gp)
    EdotPos = ePos - eprev;
9d001ef4:	8f838030 	lw	v1,-32720(gp)
9d001ef8:	8f828048 	lw	v0,-32696(gp)
9d001efc:	00621023 	subu	v0,v1,v0
9d001f00:	af82804c 	sw	v0,-32692(gp)

    if (EintPos > 1000)
9d001f04:	8f828050 	lw	v0,-32688(gp)
9d001f08:	284203e9 	slti	v0,v0,1001
9d001f0c:	14400004 	bnez	v0,9d001f20 <.LVL2+0x54>
9d001f10:	240203e8 	li	v0,1000
    { // ADDED: integrator anti-windup
      EintPos = 1000;
9d001f14:	af828050 	sw	v0,-32688(gp)
9d001f18:	0b4007ce 	j	9d001f38 <.LVL2+0x6c>
9d001f1c:	00000000 	nop
    }
    else if (EintPos < -1000)
9d001f20:	8f828050 	lw	v0,-32688(gp)
9d001f24:	2842fc18 	slti	v0,v0,-1000
9d001f28:	10400003 	beqz	v0,9d001f38 <.LVL2+0x6c>
9d001f2c:	00000000 	nop
    { //ADDED:integrator anti-windup
      EintPos = -1000;
9d001f30:	2402fc18 	li	v0,-1000
9d001f34:	af828050 	sw	v0,-32688(gp)
    }

    uPos = (KpPos * ePos) + (KiPos * EintPos) + (KdPos * EdotPos); //the position controller
9d001f38:	8f848030 	lw	a0,-32720(gp)
9d001f3c:	8f90805c 	lw	s0,-32676(gp)
9d001f40:	8f948050 	lw	s4,-32688(gp)
9d001f44:	8f938058 	lw	s3,-32680(gp)
9d001f48:	8f92804c 	lw	s2,-32692(gp)
9d001f4c:	8f918054 	lw	s1,-32684(gp)
9d001f50:	0f403039 	jal	9d00c0e4 <__floatsisf>
9d001f54:	00000000 	nop
9d001f58:	00402021 	move	a0,v0
9d001f5c:	0f402724 	jal	9d009c90 <.LFE9>
9d001f60:	02002821 	move	a1,s0
9d001f64:	00408021 	move	s0,v0
9d001f68:	0f403039 	jal	9d00c0e4 <__floatsisf>
9d001f6c:	02802021 	move	a0,s4
9d001f70:	00402021 	move	a0,v0
9d001f74:	0f402724 	jal	9d009c90 <.LFE9>
9d001f78:	02602821 	move	a1,s3
9d001f7c:	02002021 	move	a0,s0
9d001f80:	0f402518 	jal	9d009460 <__addsf3>
9d001f84:	00402821 	move	a1,v0
9d001f88:	00408021 	move	s0,v0
9d001f8c:	0f403039 	jal	9d00c0e4 <__floatsisf>
9d001f90:	02402021 	move	a0,s2
9d001f94:	00402021 	move	a0,v0
9d001f98:	0f402724 	jal	9d009c90 <.LFE9>
9d001f9c:	02202821 	move	a1,s1
9d001fa0:	02002021 	move	a0,s0
9d001fa4:	0f402518 	jal	9d009460 <__addsf3>
9d001fa8:	00402821 	move	a1,v0
9d001fac:	af828040 	sw	v0,-32704(gp)
    //uPosNew = uPos;
    eprev = ePos;
9d001fb0:	8f828030 	lw	v0,-32720(gp)
9d001fb4:	af828048 	sw	v0,-32696(gp)


    break;
9d001fb8:	0b400851 	j	9d002144 <.LBE3+0x18>
9d001fbc:	3c02bf80 	lui	v0,0xbf80

9d001fc0 <.LBB3>:
  case TRACK:
  {

    static float rt, st;
    //read the encoder, ref is given by user
    rt = TrajREFarray[tcounter];                   //new to the track mode
9d001fc0:	8f838034 	lw	v1,-32716(gp)
9d001fc4:	00031880 	sll	v1,v1,0x2
9d001fc8:	3c02a001 	lui	v0,0xa001
9d001fcc:	24429cb0 	addiu	v0,v0,-25424
9d001fd0:	00621021 	addu	v0,v1,v0
9d001fd4:	8c420000 	lw	v0,0(v0)
    st = encoder_angle();
9d001fd8:	0f4028e4 	jal	9d00a390 <encoder_angle>
9d001fdc:	af82802c 	sw	v0,-32724(gp)

9d001fe0 <.LVL14>:
9d001fe0:	00408021 	move	s0,v0
    
    ePos = rt - st;
9d001fe4:	8f84802c 	lw	a0,-32724(gp)
9d001fe8:	0f402516 	jal	9d009458 <__subsf3>
9d001fec:	00402821 	move	a1,v0
9d001ff0:	0f402eca 	jal	9d00bb28 <__fixsfsi>
9d001ff4:	00402021 	move	a0,v0
9d001ff8:	af828030 	sw	v0,-32720(gp)
    EintPos += ePos;
9d001ffc:	8f838050 	lw	v1,-32688(gp)
9d002000:	8f828030 	lw	v0,-32720(gp)
9d002004:	00621021 	addu	v0,v1,v0
9d002008:	af828050 	sw	v0,-32688(gp)
    EdotPos = ePos - eprev;
9d00200c:	8f838030 	lw	v1,-32720(gp)
9d002010:	8f828048 	lw	v0,-32696(gp)
9d002014:	00621023 	subu	v0,v1,v0
9d002018:	af82804c 	sw	v0,-32692(gp)

    if (EintPos > 1000)
9d00201c:	8f828050 	lw	v0,-32688(gp)
9d002020:	284203e9 	slti	v0,v0,1001
9d002024:	14400004 	bnez	v0,9d002038 <.LVL14+0x58>
9d002028:	240203e8 	li	v0,1000
    { // ADDED: integrator anti-windup
      EintPos = 1000;
9d00202c:	af828050 	sw	v0,-32688(gp)
9d002030:	0b400813 	j	9d00204c <.LVL14+0x6c>
9d002034:	00000000 	nop
    }
    else if (EintPos < -1000)
9d002038:	8f828050 	lw	v0,-32688(gp)
9d00203c:	2842fc18 	slti	v0,v0,-1000
9d002040:	10400002 	beqz	v0,9d00204c <.LVL14+0x6c>
9d002044:	2402fc18 	li	v0,-1000
    { //ADDED:integrator anti-windup
      EintPos = -1000;
9d002048:	af828050 	sw	v0,-32688(gp)
    }

    uPos = (KpPos * ePos) + (KiPos * EintPos) + (KdPos * EdotPos); //the position controller
9d00204c:	8f848030 	lw	a0,-32720(gp)
9d002050:	8f91805c 	lw	s1,-32676(gp)
9d002054:	8f958050 	lw	s5,-32688(gp)
9d002058:	8f948058 	lw	s4,-32680(gp)
9d00205c:	8f93804c 	lw	s3,-32692(gp)
9d002060:	8f928054 	lw	s2,-32684(gp)
9d002064:	0f403039 	jal	9d00c0e4 <__floatsisf>
9d002068:	00000000 	nop
9d00206c:	00402021 	move	a0,v0
9d002070:	0f402724 	jal	9d009c90 <.LFE9>
9d002074:	02202821 	move	a1,s1
9d002078:	00408821 	move	s1,v0
9d00207c:	0f403039 	jal	9d00c0e4 <__floatsisf>
9d002080:	02a02021 	move	a0,s5
9d002084:	00402021 	move	a0,v0
9d002088:	0f402724 	jal	9d009c90 <.LFE9>
9d00208c:	02802821 	move	a1,s4
9d002090:	02202021 	move	a0,s1
9d002094:	0f402518 	jal	9d009460 <__addsf3>
9d002098:	00402821 	move	a1,v0
9d00209c:	00408821 	move	s1,v0
9d0020a0:	0f403039 	jal	9d00c0e4 <__floatsisf>
9d0020a4:	02602021 	move	a0,s3
9d0020a8:	00402021 	move	a0,v0
9d0020ac:	0f402724 	jal	9d009c90 <.LFE9>
9d0020b0:	02402821 	move	a1,s2
9d0020b4:	02202021 	move	a0,s1
9d0020b8:	0f402518 	jal	9d009460 <__addsf3>
9d0020bc:	00402821 	move	a1,v0
9d0020c0:	af828040 	sw	v0,-32704(gp)
    //uPosNew = uPos;
    eprev = ePos;    
9d0020c4:	8f828030 	lw	v0,-32720(gp)
9d0020c8:	af828048 	sw	v0,-32696(gp)


    TrajSAMParray[tcounter] = st;    
9d0020cc:	8f838034 	lw	v1,-32716(gp)
9d0020d0:	00031880 	sll	v1,v1,0x2
9d0020d4:	3c02a000 	lui	v0,0xa000
9d0020d8:	24420070 	addiu	v0,v0,112
9d0020dc:	00621021 	addu	v0,v1,v0
9d0020e0:	ac500000 	sw	s0,0(v0)
    //increment the counter
    tcounter++;
9d0020e4:	8f828034 	lw	v0,-32716(gp)
9d0020e8:	24420001 	addiu	v0,v0,1
9d0020ec:	af828034 	sw	v0,-32716(gp)
    //get out to avoid indexing past the array capacity
    if(tcounter == Traj_N){
9d0020f0:	8f838034 	lw	v1,-32716(gp)
9d0020f4:	8f828038 	lw	v0,-32712(gp)
9d0020f8:	54620012 	bnel	v1,v0,9d002144 <.LBE3+0x18>
9d0020fc:	3c02bf80 	lui	v0,0xbf80
      DesAng = TrajREFarray[Traj_N-1];      //set holding angle
9d002100:	8f838038 	lw	v1,-32712(gp)
9d002104:	2463ffff 	addiu	v1,v1,-1
9d002108:	00031880 	sll	v1,v1,0x2
9d00210c:	3c02a001 	lui	v0,0xa001
9d002110:	24429cb0 	addiu	v0,v0,-25424
9d002114:	00621021 	addu	v0,v1,v0
9d002118:	8c420000 	lw	v0,0(v0)
9d00211c:	af828044 	sw	v0,-32700(gp)
      StoringData = 0;
9d002120:	af808060 	sw	zero,-32672(gp)
      set_mode(HOLD);
9d002124:	0f402640 	jal	9d009900 <set_mode>
9d002128:	24040003 	li	a0,3

9d00212c <.LBE3>:
    break;
  }
  }
  // NU32_LED1 = !NU32_LED1;
  // OC1RS = 1000; // insert line(s) to set OC1RS
  TMR4 = 0;
9d00212c:	0b400851 	j	9d002144 <.LBE3+0x18>
9d002130:	3c02bf80 	lui	v0,0xbf80

    break;
  }
  default:
  {
    NU32_LED2 = 0; // turn on LED2 to indicate an error
9d002134:	90436160 	lbu	v1,24928(v0)
9d002138:	7c030844 	ins	v1,zero,0x1,0x1
9d00213c:	a0436160 	sb	v1,24928(v0)
    break;
  }
  }
  // NU32_LED1 = !NU32_LED1;
  // OC1RS = 1000; // insert line(s) to set OC1RS
  TMR4 = 0;
9d002140:	3c02bf80 	lui	v0,0xbf80
9d002144:	ac400c10 	sw	zero,3088(v0)
  IFS0bits.T4IF = 0; // insert line to clear interrupt flag
9d002148:	3c02bf88 	lui	v0,0xbf88
9d00214c:	8c431030 	lw	v1,4144(v0)
9d002150:	7c038404 	ins	v1,zero,0x10,0x1
9d002154:	ac431030 	sw	v1,4144(v0)
}
9d002158:	8fa20074 	lw	v0,116(sp)
9d00215c:	00400013 	mtlo	v0
9d002160:	8fa30070 	lw	v1,112(sp)
9d002164:	00600011 	mthi	v1
9d002168:	8fbf006c 	lw	ra,108(sp)
9d00216c:	8fb90068 	lw	t9,104(sp)
9d002170:	8fb80064 	lw	t8,100(sp)
9d002174:	8fb50060 	lw	s5,96(sp)
9d002178:	8fb4005c 	lw	s4,92(sp)
9d00217c:	8fb30058 	lw	s3,88(sp)
9d002180:	8fb20054 	lw	s2,84(sp)
9d002184:	8fb10050 	lw	s1,80(sp)
9d002188:	8fb0004c 	lw	s0,76(sp)
9d00218c:	8faf0048 	lw	t7,72(sp)
9d002190:	8fae0044 	lw	t6,68(sp)
9d002194:	8fad0040 	lw	t5,64(sp)
9d002198:	8fac003c 	lw	t4,60(sp)
9d00219c:	8fab0038 	lw	t3,56(sp)
9d0021a0:	8faa0034 	lw	t2,52(sp)
9d0021a4:	8fa90030 	lw	t1,48(sp)
9d0021a8:	8fa8002c 	lw	t0,44(sp)
9d0021ac:	8fa70028 	lw	a3,40(sp)
9d0021b0:	8fa60024 	lw	a2,36(sp)
9d0021b4:	8fa50020 	lw	a1,32(sp)
9d0021b8:	8fa4001c 	lw	a0,28(sp)
9d0021bc:	8fa30018 	lw	v1,24(sp)
9d0021c0:	8fa20014 	lw	v0,20(sp)
9d0021c4:	8fa10010 	lw	at,16(sp)
9d0021c8:	41606000 	di
9d0021cc:	000000c0 	ehb
9d0021d0:	8fba0084 	lw	k0,132(sp)
9d0021d4:	8fbb0080 	lw	k1,128(sp)
9d0021d8:	409a7000 	mtc0	k0,c0_epc
9d0021dc:	8fba007c 	lw	k0,124(sp)
9d0021e0:	27bd0088 	addiu	sp,sp,136
9d0021e4:	409a6002 	mtc0	k0,c0_srsctl
9d0021e8:	41dde800 	wrpgpr	sp,sp
9d0021ec:	409b6000 	mtc0	k1,c0_status
9d0021f0:	42000018 	eret

9d0021f4 <CurrController>:

/* Current Controller */
void __ISR(_TIMER_2_VECTOR, IPL5SOFT) CurrController(void)
{                         // _TIMER_2_VECTOR = 8
9d0021f4:	415de800 	rdpgpr	sp,sp
9d0021f8:	401a7000 	mfc0	k0,c0_epc
9d0021fc:	401b6000 	mfc0	k1,c0_status
9d002200:	27bdff80 	addiu	sp,sp,-128
9d002204:	afba007c 	sw	k0,124(sp)
9d002208:	401a6002 	mfc0	k0,c0_srsctl
9d00220c:	afbb0078 	sw	k1,120(sp)
9d002210:	afba0074 	sw	k0,116(sp)
9d002214:	7c1b7844 	ins	k1,zero,0x1,0xf
9d002218:	377b1400 	ori	k1,k1,0x1400
9d00221c:	409b6000 	mtc0	k1,c0_status
9d002220:	afbf0064 	sw	ra,100(sp)
9d002224:	afb90060 	sw	t9,96(sp)
9d002228:	afb8005c 	sw	t8,92(sp)
9d00222c:	afb20058 	sw	s2,88(sp)
9d002230:	afb10054 	sw	s1,84(sp)
9d002234:	afb00050 	sw	s0,80(sp)
9d002238:	afaf004c 	sw	t7,76(sp)
9d00223c:	afae0048 	sw	t6,72(sp)
9d002240:	afad0044 	sw	t5,68(sp)
9d002244:	afac0040 	sw	t4,64(sp)
9d002248:	afab003c 	sw	t3,60(sp)
9d00224c:	afaa0038 	sw	t2,56(sp)
9d002250:	afa90034 	sw	t1,52(sp)
9d002254:	afa80030 	sw	t0,48(sp)
9d002258:	afa7002c 	sw	a3,44(sp)
9d00225c:	afa60028 	sw	a2,40(sp)
9d002260:	afa50024 	sw	a1,36(sp)
9d002264:	afa40020 	sw	a0,32(sp)
9d002268:	afa3001c 	sw	v1,28(sp)
9d00226c:	afa20018 	sw	v0,24(sp)
9d002270:	afa10014 	sw	at,20(sp)
9d002274:	00001012 	mflo	v0
9d002278:	afa2006c 	sw	v0,108(sp)
9d00227c:	00001810 	mfhi	v1
9d002280:	afa30068 	sw	v1,104(sp)
  static int counter = 0; // initialize counter once
  //static int eCurr;
  static float uCurr;
  static float uCurrNew;

  switch (get_mode())
9d002284:	0f402642 	jal	9d009908 <get_mode>
9d002288:	00000000 	nop

9d00228c <.LVL26>:
9d00228c:	00402021 	move	a0,v0
9d002290:	2c420005 	sltiu	v0,v0,5
9d002294:	104001be 	beqz	v0,9d002990 <.LVL70+0x1a4>
9d002298:	00042080 	sll	a0,a0,0x2
9d00229c:	3c029d00 	lui	v0,0x9d00
9d0022a0:	244222b4 	addiu	v0,v0,8884
9d0022a4:	00442021 	addu	a0,v0,a0
9d0022a8:	8c820000 	lw	v0,0(a0)
9d0022ac:	00400008 	jr	v0
9d0022b0:	00000000 	nop
9d0022b4:	9d0022c8 	0x9d0022c8
9d0022b8:	9d0022d8 	0x9d0022d8
9d0022bc:	9d0023b4 	0x9d0023b4
9d0022c0:	9d002618 	0x9d002618
9d0022c4:	9d0027d4 	0x9d0027d4
  {
  case IDLE: // dummy command for demonstration purposes
  {
    /* Put the H-Bridge in Brake Mode */
    OC1RS = 0;
9d0022c8:	3c02bf80 	lui	v0,0xbf80
9d0022cc:	ac403020 	sw	zero,12320(v0)

    break;
9d0022d0:	0b400a69 	j	9d0029a4 <.LVL70+0x1b8>
9d0022d4:	3c02bf80 	lui	v0,0xbf80
  }
  case PWM: // addition command for demonstration purposes
  {
    if (PWMinput < 0)
9d0022d8:	8f848074 	lw	a0,-32652(gp)
9d0022dc:	0f402db0 	jal	9d00b6c0 <__eqsf2>
9d0022e0:	00002821 	move	a1,zero
9d0022e4:	04410017 	bgez	v0,9d002344 <.LVL26+0xb8>
9d0022e8:	00000000 	nop
    {
      OC1RS = (PWMinput / -100) * (PR3 + 1); // Calculating new duty cycle based on client
9d0022ec:	8f848074 	lw	a0,-32652(gp)
9d0022f0:	3c02bf80 	lui	v0,0xbf80
9d0022f4:	8c510a20 	lw	s1,2592(v0)
9d0022f8:	3c029d01 	lui	v0,0x9d01
9d0022fc:	0f4025b4 	jal	9d0096d0 <__divsf3>
9d002300:	8c45be60 	lw	a1,-16800(v0)
9d002304:	00408021 	move	s0,v0
9d002308:	0f40307a 	jal	9d00c1e8 <.LCFI11>
9d00230c:	26240001 	addiu	a0,s1,1
9d002310:	02002021 	move	a0,s0
9d002314:	0f402724 	jal	9d009c90 <.LFE9>
9d002318:	00402821 	move	a1,v0
9d00231c:	0f402eea 	jal	9d00bba8 <__fixunssfsi>
9d002320:	00402021 	move	a0,v0
9d002324:	3c03bf80 	lui	v1,0xbf80
9d002328:	ac623020 	sw	v0,12320(v1)
      DIRECTION_PIN = REV;                   // Going in reverse
9d00232c:	3c02bf88 	lui	v0,0xbf88
9d002330:	944360e0 	lhu	v1,24800(v0)
9d002334:	7c030844 	ins	v1,zero,0x1,0x1
9d002338:	a44360e0 	sh	v1,24800(v0)
9d00233c:	0b400a69 	j	9d0029a4 <.LVL70+0x1b8>
9d002340:	3c02bf80 	lui	v0,0xbf80
    }
    else if (PWMinput >= 0)
9d002344:	8f858074 	lw	a1,-32652(gp)
9d002348:	0f402db0 	jal	9d00b6c0 <__eqsf2>
9d00234c:	00002021 	move	a0,zero
9d002350:	5c400194 	bgtzl	v0,9d0029a4 <.LVL70+0x1b8>
9d002354:	3c02bf80 	lui	v0,0xbf80
    {
      OC1RS = (PWMinput / 100) * (PR3 + 1); // Calculating new duty cycle based on client
9d002358:	8f848074 	lw	a0,-32652(gp)
9d00235c:	3c02bf80 	lui	v0,0xbf80
9d002360:	8c510a20 	lw	s1,2592(v0)
9d002364:	3c029d01 	lui	v0,0x9d01
9d002368:	0f4025b4 	jal	9d0096d0 <__divsf3>
9d00236c:	8c45be64 	lw	a1,-16796(v0)
9d002370:	00408021 	move	s0,v0
9d002374:	0f40307a 	jal	9d00c1e8 <.LCFI11>
9d002378:	26240001 	addiu	a0,s1,1
9d00237c:	02002021 	move	a0,s0
9d002380:	0f402724 	jal	9d009c90 <.LFE9>
9d002384:	00402821 	move	a1,v0
9d002388:	0f402eea 	jal	9d00bba8 <__fixunssfsi>
9d00238c:	00402021 	move	a0,v0
9d002390:	3c03bf80 	lui	v1,0xbf80
9d002394:	ac623020 	sw	v0,12320(v1)
      DIRECTION_PIN = FWD;                  // Going forward
9d002398:	3c02bf88 	lui	v0,0xbf88
9d00239c:	944360e0 	lhu	v1,24800(v0)
9d0023a0:	24040001 	li	a0,1
9d0023a4:	7c830844 	ins	v1,a0,0x1,0x1
9d0023a8:	a44360e0 	sh	v1,24800(v0)
  }
  }

  // LATDINV = 0b10;
  // OC1RS = 1000; // insert line(s) to set OC1RS
  TMR2 = 0;
9d0023ac:	0b400a69 	j	9d0029a4 <.LVL70+0x1b8>
9d0023b0:	3c02bf80 	lui	v0,0xbf80
  }
  case ITEST:
  {
    static volatile int amplitude = 200;
    /*Making the reference waveform*/
    if (counter < PLOT_PTS)
9d0023b4:	8f908028 	lw	s0,-32728(gp)
9d0023b8:	2a020064 	slti	v0,s0,100
9d0023bc:	10400027 	beqz	v0,9d00245c <.LVL38+0xc>
9d0023c0:	8f828028 	lw	v0,-32728(gp)
    {
      // Toggling between +200 and−200 mA every 25 counts
      if (counter % 25 == 0)
9d0023c4:	3c0251eb 	lui	v0,0x51eb
9d0023c8:	3442851f 	ori	v0,v0,0x851f
9d0023cc:	02020018 	mult	s0,v0
9d0023d0:	00001010 	mfhi	v0
9d0023d4:	000210c3 	sra	v0,v0,0x3
9d0023d8:	00101fc3 	sra	v1,s0,0x1f
9d0023dc:	00431023 	subu	v0,v0,v1
9d0023e0:	000218c0 	sll	v1,v0,0x3
9d0023e4:	00022140 	sll	a0,v0,0x5
9d0023e8:	00831823 	subu	v1,a0,v1
9d0023ec:	00621021 	addu	v0,v1,v0
9d0023f0:	16020004 	bne	s0,v0,9d002404 <.LVL26+0x178>
9d0023f4:	00000000 	nop
      {
        amplitude *= -1; //flip sign every 25
9d0023f8:	8f828010 	lw	v0,-32752(gp)
9d0023fc:	00021023 	negu	v0,v0
9d002400:	af828010 	sw	v0,-32752(gp)
      }
      ADCarray[counter] = current_read(0);
9d002404:	0f40284e 	jal	9d00a138 <current_read>
9d002408:	00002021 	move	a0,zero

9d00240c <.LVL37>:
9d00240c:	00108080 	sll	s0,s0,0x2
9d002410:	3c03a001 	lui	v1,0xa001
9d002414:	246338f0 	addiu	v1,v1,14576
9d002418:	02038021 	addu	s0,s0,v1
9d00241c:	ae020000 	sw	v0,0(s0)
      REFarray[counter] = amplitude;
9d002420:	8f828028 	lw	v0,-32728(gp)
9d002424:	8f848010 	lw	a0,-32752(gp)
9d002428:	00022880 	sll	a1,v0,0x2
9d00242c:	3c03a001 	lui	v1,0xa001
9d002430:	24633a80 	addiu	v1,v1,14976
9d002434:	00a31821 	addu	v1,a1,v1
9d002438:	ac640000 	sw	a0,0(v1)

      // Set mode to IDLE at count = 99
      if (counter == PLOT_PTS - 1)
9d00243c:	24030063 	li	v1,99
9d002440:	14430006 	bne	v0,v1,9d00245c <.LVL38+0xc>
9d002444:	8f828028 	lw	v0,-32728(gp)
      {
        set_mode(IDLE);
9d002448:	0f402640 	jal	9d009900 <set_mode>
9d00244c:	00002021 	move	a0,zero

9d002450 <.LVL38>:
        counter = 0;
9d002450:	af808028 	sw	zero,-32728(gp)
        StoringData = 0; // tell main data is ready to be sent to MATLAB
9d002454:	af808060 	sw	zero,-32672(gp)
      }
    }

    static int r, s;
    r = REFarray[counter];
9d002458:	8f828028 	lw	v0,-32728(gp)
9d00245c:	00021080 	sll	v0,v0,0x2
9d002460:	3c03a001 	lui	v1,0xa001
9d002464:	24633a80 	addiu	v1,v1,14976
9d002468:	00431821 	addu	v1,v0,v1
9d00246c:	8c630000 	lw	v1,0(v1)
    s = ADCarray[counter];
9d002470:	3c04a001 	lui	a0,0xa001
9d002474:	248438f0 	addiu	a0,a0,14576
9d002478:	00441021 	addu	v0,v0,a0
9d00247c:	8c420000 	lw	v0,0(v0)

    eCurr = r - s; //calculate error
9d002480:	00621023 	subu	v0,v1,v0
9d002484:	af828064 	sw	v0,-32668(gp)
    EintCurr += eCurr;
9d002488:	8f838068 	lw	v1,-32664(gp)
9d00248c:	8f828064 	lw	v0,-32668(gp)
9d002490:	00621021 	addu	v0,v1,v0
9d002494:	af828068 	sw	v0,-32664(gp)

    if (EintCurr > 1000)
9d002498:	8f828068 	lw	v0,-32664(gp)
9d00249c:	284203e9 	slti	v0,v0,1001
9d0024a0:	14400004 	bnez	v0,9d0024b4 <.LVL38+0x64>
9d0024a4:	240203e8 	li	v0,1000
    { // ADDED: integrator anti-windup
      EintCurr = 1000;
9d0024a8:	af828068 	sw	v0,-32664(gp)
9d0024ac:	0b400932 	j	9d0024c8 <.LVL38+0x78>
9d0024b0:	00000000 	nop
    }
    else if (EintCurr < -1000)
9d0024b4:	8f828068 	lw	v0,-32664(gp)
9d0024b8:	2842fc18 	slti	v0,v0,-1000
9d0024bc:	10400002 	beqz	v0,9d0024c8 <.LVL38+0x78>
9d0024c0:	2402fc18 	li	v0,-1000
    { //ADDED:integrator anti-windup
      EintCurr = -1000;
9d0024c4:	af828068 	sw	v0,-32664(gp)
    }

    uCurr = (KpCurr * eCurr) + (KiCurr * EintCurr); //the current controller
9d0024c8:	8f848064 	lw	a0,-32668(gp)
9d0024cc:	8f908070 	lw	s0,-32656(gp)
9d0024d0:	8f928068 	lw	s2,-32664(gp)
9d0024d4:	8f91806c 	lw	s1,-32660(gp)
9d0024d8:	0f403039 	jal	9d00c0e4 <__floatsisf>
9d0024dc:	00000000 	nop
9d0024e0:	00402021 	move	a0,v0
9d0024e4:	0f402724 	jal	9d009c90 <.LFE9>
9d0024e8:	02002821 	move	a1,s0
9d0024ec:	00408021 	move	s0,v0
9d0024f0:	0f403039 	jal	9d00c0e4 <__floatsisf>
9d0024f4:	02402021 	move	a0,s2
9d0024f8:	00402021 	move	a0,v0
9d0024fc:	0f402724 	jal	9d009c90 <.LFE9>
9d002500:	02202821 	move	a1,s1
9d002504:	02002021 	move	a0,s0
9d002508:	0f402518 	jal	9d009460 <__addsf3>
9d00250c:	00402821 	move	a1,v0
9d002510:	00408021 	move	s0,v0
    uCurrNew = uCurr;
9d002514:	af828024 	sw	v0,-32732(gp)

    if (uCurrNew > 100.0)
9d002518:	3c039d01 	lui	v1,0x9d01
9d00251c:	8c64be64 	lw	a0,-16796(v1)
9d002520:	0f402db0 	jal	9d00b6c0 <__eqsf2>
9d002524:	00402821 	move	a1,v0
9d002528:	04430005 	bgezl	v0,9d002540 <.LVL38+0xf0>
9d00252c:	02002021 	move	a0,s0
    {
      uCurrNew = 100.0;
9d002530:	3c029d01 	lui	v0,0x9d01
9d002534:	8c42be64 	lw	v0,-16796(v0)
9d002538:	0b40096a 	j	9d0025a8 <.LVL38+0x158>
9d00253c:	af828024 	sw	v0,-32732(gp)
    }
    else if (uCurrNew < -100.0)
9d002540:	3c029d01 	lui	v0,0x9d01
9d002544:	0f402db0 	jal	9d00b6c0 <__eqsf2>
9d002548:	8c45be60 	lw	a1,-16800(v0)
9d00254c:	04400008 	bltz	v0,9d002570 <.LVL38+0x120>
9d002550:	3c029d01 	lui	v0,0x9d01
    {
      uCurrNew = -100.0;
    }

    /*Set direction bit*/
    if (uCurrNew < 0.0)
9d002554:	02002021 	move	a0,s0
9d002558:	0f402db0 	jal	9d00b6c0 <__eqsf2>
9d00255c:	00002821 	move	a1,zero
9d002560:	04400004 	bltz	v0,9d002574 <.LVL38+0x124>
9d002564:	02002021 	move	a0,s0
      DIRECTION_PIN = REV;
    }
    else 
    {
      // OC1RS = (unsigned int)((uCurrNew / 100.0) * (float)(3999));
      DIRECTION_PIN = FWD;
9d002568:	0b40096b 	j	9d0025ac <.LVL38+0x15c>
9d00256c:	3c02bf88 	lui	v0,0xbf88
    {
      uCurrNew = -100.0;
    }

    /*Set direction bit*/
    if (uCurrNew < 0.0)
9d002570:	8c44be60 	lw	a0,-16800(v0)
    {

      uCurrNew = abs(uCurrNew); //bring to positive
9d002574:	0f402eca 	jal	9d00bb28 <__fixsfsi>
9d002578:	00000000 	nop
9d00257c:	000227c3 	sra	a0,v0,0x1f
9d002580:	00821026 	xor	v0,a0,v0
9d002584:	0f403039 	jal	9d00c0e4 <__floatsisf>
9d002588:	00442023 	subu	a0,v0,a0
9d00258c:	af828024 	sw	v0,-32732(gp)
      // OC1RS = (unsigned int)((uCurrNew / 100.0) * (float)(3999));
      DIRECTION_PIN = REV;
9d002590:	3c02bf88 	lui	v0,0xbf88
9d002594:	944360e0 	lhu	v1,24800(v0)
9d002598:	7c030844 	ins	v1,zero,0x1,0x1
9d00259c:	a44360e0 	sh	v1,24800(v0)
9d0025a0:	0b40096f 	j	9d0025bc <.LVL38+0x16c>
9d0025a4:	00000000 	nop
    }
    else 
    {
      // OC1RS = (unsigned int)((uCurrNew / 100.0) * (float)(3999));
      DIRECTION_PIN = FWD;
9d0025a8:	3c02bf88 	lui	v0,0xbf88
9d0025ac:	944360e0 	lhu	v1,24800(v0)
9d0025b0:	24040001 	li	a0,1
9d0025b4:	7c830844 	ins	v1,a0,0x1,0x1
9d0025b8:	a44360e0 	sh	v1,24800(v0)
    }
    /*Update the duty cycle PWM*/

    //char test[BUF_SIZE];
    OC1RS = (unsigned int)((uCurrNew / 100.0) * (float)(3999));
9d0025bc:	0f402ce5 	jal	9d00b394 <__extendsfdf2>
9d0025c0:	8f848024 	lw	a0,-32732(gp)
9d0025c4:	00402021 	move	a0,v0
9d0025c8:	00602821 	move	a1,v1
9d0025cc:	3c029d01 	lui	v0,0x9d01
9d0025d0:	8c46be68 	lw	a2,-16792(v0)
9d0025d4:	0f4018c7 	jal	9d00631c <__divdf3>
9d0025d8:	8c47be6c 	lw	a3,-16788(v0)
9d0025dc:	00402021 	move	a0,v0
9d0025e0:	00602821 	move	a1,v1
9d0025e4:	3c029d01 	lui	v0,0x9d01
9d0025e8:	8c46be70 	lw	a2,-16784(v0)
9d0025ec:	0f402109 	jal	9d008424 <.LFE23>
9d0025f0:	8c47be74 	lw	a3,-16780(v0)
9d0025f4:	00402021 	move	a0,v0
9d0025f8:	0f402e46 	jal	9d00b918 <__fixunsdfsi>
9d0025fc:	00602821 	move	a1,v1
9d002600:	3c03bf80 	lui	v1,0xbf80
9d002604:	ac623020 	sw	v0,12320(v1)
    //sprintf(test, "%d\r\n", OC1RS);
    //NU32_WriteUART3(test);

    counter++;
9d002608:	8f828028 	lw	v0,-32728(gp)
9d00260c:	24420001 	addiu	v0,v0,1
    break;
9d002610:	0b400a68 	j	9d0029a0 <.LVL70+0x1b4>
9d002614:	af828028 	sw	v0,-32728(gp)
  }
  case HOLD:
  {
    static int rp, sp;
    rp = uPos;
9d002618:	8f848040 	lw	a0,-32704(gp)
9d00261c:	0f402eca 	jal	9d00bb28 <__fixsfsi>
9d002620:	00000000 	nop
9d002624:	af828020 	sw	v0,-32736(gp)
    sp = current_read(0);
9d002628:	0f40284e 	jal	9d00a138 <current_read>
9d00262c:	00002021 	move	a0,zero

9d002630 <.LVL54>:

    eCurr = rp - sp; //calculate error
9d002630:	8f838020 	lw	v1,-32736(gp)
9d002634:	00621023 	subu	v0,v1,v0
9d002638:	af828064 	sw	v0,-32668(gp)
    EintCurr += eCurr;
9d00263c:	8f838068 	lw	v1,-32664(gp)
9d002640:	8f828064 	lw	v0,-32668(gp)
9d002644:	00621021 	addu	v0,v1,v0
9d002648:	af828068 	sw	v0,-32664(gp)

    if (EintCurr > 1000)
9d00264c:	8f828068 	lw	v0,-32664(gp)
9d002650:	284203e9 	slti	v0,v0,1001
9d002654:	14400004 	bnez	v0,9d002668 <.LVL54+0x38>
9d002658:	240203e8 	li	v0,1000
    { // ADDED: integrator anti-windup
      EintCurr = 1000;
9d00265c:	af828068 	sw	v0,-32664(gp)
9d002660:	0b40099f 	j	9d00267c <.LVL54+0x4c>
9d002664:	00000000 	nop
    }
    else if (EintCurr < -1000)
9d002668:	8f828068 	lw	v0,-32664(gp)
9d00266c:	2842fc18 	slti	v0,v0,-1000
9d002670:	10400002 	beqz	v0,9d00267c <.LVL54+0x4c>
9d002674:	2402fc18 	li	v0,-1000
    { //ADDED:integrator anti-windup
      EintCurr = -1000;
9d002678:	af828068 	sw	v0,-32664(gp)
    }

    uCurr = (KpCurr * eCurr) + (KiCurr * EintCurr); //the current controller
9d00267c:	8f848064 	lw	a0,-32668(gp)
9d002680:	8f908070 	lw	s0,-32656(gp)
9d002684:	8f928068 	lw	s2,-32664(gp)
9d002688:	8f91806c 	lw	s1,-32660(gp)
9d00268c:	0f403039 	jal	9d00c0e4 <__floatsisf>
9d002690:	00000000 	nop
9d002694:	00402021 	move	a0,v0
9d002698:	0f402724 	jal	9d009c90 <.LFE9>
9d00269c:	02002821 	move	a1,s0
9d0026a0:	00408021 	move	s0,v0
9d0026a4:	0f403039 	jal	9d00c0e4 <__floatsisf>
9d0026a8:	02402021 	move	a0,s2
9d0026ac:	00402021 	move	a0,v0
9d0026b0:	0f402724 	jal	9d009c90 <.LFE9>
9d0026b4:	02202821 	move	a1,s1
9d0026b8:	02002021 	move	a0,s0
9d0026bc:	0f402518 	jal	9d009460 <__addsf3>
9d0026c0:	00402821 	move	a1,v0
9d0026c4:	00408021 	move	s0,v0
    uCurrNew = uCurr;
9d0026c8:	af828024 	sw	v0,-32732(gp)

    if (uCurrNew > 100.0)
9d0026cc:	3c039d01 	lui	v1,0x9d01
9d0026d0:	8c64be64 	lw	a0,-16796(v1)
9d0026d4:	0f402db0 	jal	9d00b6c0 <__eqsf2>
9d0026d8:	00402821 	move	a1,v0
9d0026dc:	04430005 	bgezl	v0,9d0026f4 <.LVL54+0xc4>
9d0026e0:	02002021 	move	a0,s0
    {
      uCurrNew = 100.0;
9d0026e4:	3c029d01 	lui	v0,0x9d01
9d0026e8:	8c42be64 	lw	v0,-16796(v0)
9d0026ec:	0b4009d7 	j	9d00275c <.LVL54+0x12c>
9d0026f0:	af828024 	sw	v0,-32732(gp)
    }
    else if (uCurrNew < -100.0)
9d0026f4:	3c029d01 	lui	v0,0x9d01
9d0026f8:	0f402db0 	jal	9d00b6c0 <__eqsf2>
9d0026fc:	8c45be60 	lw	a1,-16800(v0)
9d002700:	04400008 	bltz	v0,9d002724 <.LVL54+0xf4>
9d002704:	3c029d01 	lui	v0,0x9d01
    {
      uCurrNew = -100.0;
    }

    /*Set direction bit*/
    if (uCurrNew < 0.0)
9d002708:	02002021 	move	a0,s0
9d00270c:	0f402db0 	jal	9d00b6c0 <__eqsf2>
9d002710:	00002821 	move	a1,zero
9d002714:	04400004 	bltz	v0,9d002728 <.LVL54+0xf8>
9d002718:	02002021 	move	a0,s0
      DIRECTION_PIN = REV;
    }
    else
    {
      //OC1RS = (unsigned int)((uCurrNew / 100.0) * (float)(3999));
      DIRECTION_PIN = FWD;
9d00271c:	0b4009d8 	j	9d002760 <.LVL54+0x130>
9d002720:	3c02bf88 	lui	v0,0xbf88
    {
      uCurrNew = -100.0;
    }

    /*Set direction bit*/
    if (uCurrNew < 0.0)
9d002724:	8c44be60 	lw	a0,-16800(v0)
    {

      uCurrNew = abs(uCurrNew); //bring to positive
9d002728:	0f402eca 	jal	9d00bb28 <__fixsfsi>
9d00272c:	00000000 	nop
9d002730:	000227c3 	sra	a0,v0,0x1f
9d002734:	00821026 	xor	v0,a0,v0
9d002738:	0f403039 	jal	9d00c0e4 <__floatsisf>
9d00273c:	00442023 	subu	a0,v0,a0
9d002740:	af828024 	sw	v0,-32732(gp)
      //OC1RS = (unsigned int)((uCurrNew / 100.0) * (float)(3999));
      DIRECTION_PIN = REV;
9d002744:	3c02bf88 	lui	v0,0xbf88
9d002748:	944360e0 	lhu	v1,24800(v0)
9d00274c:	7c030844 	ins	v1,zero,0x1,0x1
9d002750:	a44360e0 	sh	v1,24800(v0)
9d002754:	0b4009dd 	j	9d002774 <.LVL54+0x144>
9d002758:	3c02bf88 	lui	v0,0xbf88
    }
    else
    {
      //OC1RS = (unsigned int)((uCurrNew / 100.0) * (float)(3999));
      DIRECTION_PIN = FWD;
9d00275c:	3c02bf88 	lui	v0,0xbf88
9d002760:	944360e0 	lhu	v1,24800(v0)
9d002764:	24040001 	li	a0,1
9d002768:	7c830844 	ins	v1,a0,0x1,0x1
9d00276c:	a44360e0 	sh	v1,24800(v0)
    }
    NU32_LED1 = 0;
9d002770:	3c02bf88 	lui	v0,0xbf88
9d002774:	90436160 	lbu	v1,24928(v0)
9d002778:	7c030004 	ins	v1,zero,0x0,0x1
9d00277c:	a0436160 	sb	v1,24928(v0)
    /*Update the duty cycle PWM*/
    OC1RS = (unsigned int)((uCurrNew / 100.0) * (float)(3999));
9d002780:	0f402ce5 	jal	9d00b394 <__extendsfdf2>
9d002784:	8f848024 	lw	a0,-32732(gp)
9d002788:	00402021 	move	a0,v0
9d00278c:	00602821 	move	a1,v1
9d002790:	3c029d01 	lui	v0,0x9d01
9d002794:	8c46be68 	lw	a2,-16792(v0)
9d002798:	0f4018c7 	jal	9d00631c <__divdf3>
9d00279c:	8c47be6c 	lw	a3,-16788(v0)
9d0027a0:	00402021 	move	a0,v0
9d0027a4:	00602821 	move	a1,v1
9d0027a8:	3c029d01 	lui	v0,0x9d01
9d0027ac:	8c46be70 	lw	a2,-16784(v0)
9d0027b0:	0f402109 	jal	9d008424 <.LFE23>
9d0027b4:	8c47be74 	lw	a3,-16780(v0)
9d0027b8:	00402021 	move	a0,v0
9d0027bc:	0f402e46 	jal	9d00b918 <__fixunsdfsi>
9d0027c0:	00602821 	move	a1,v1
9d0027c4:	3c03bf80 	lui	v1,0xbf80
9d0027c8:	ac623020 	sw	v0,12320(v1)

    break;
9d0027cc:	0b400a69 	j	9d0029a4 <.LVL70+0x1b8>
9d0027d0:	3c02bf80 	lui	v0,0xbf80
  }
  case TRACK:
  {
    // HOLD does the work here
    static int rp, sp;
    rp = uPos;
9d0027d4:	8f848040 	lw	a0,-32704(gp)
9d0027d8:	0f402eca 	jal	9d00bb28 <__fixsfsi>
9d0027dc:	00000000 	nop
9d0027e0:	af82801c 	sw	v0,-32740(gp)
    sp = current_read(0);
9d0027e4:	0f40284e 	jal	9d00a138 <current_read>
9d0027e8:	00002021 	move	a0,zero

9d0027ec <.LVL70>:

    eCurr = rp - sp; //calculate error
9d0027ec:	8f83801c 	lw	v1,-32740(gp)
9d0027f0:	00621023 	subu	v0,v1,v0
9d0027f4:	af828064 	sw	v0,-32668(gp)
    EintCurr += eCurr;
9d0027f8:	8f838068 	lw	v1,-32664(gp)
9d0027fc:	8f828064 	lw	v0,-32668(gp)
9d002800:	00621021 	addu	v0,v1,v0
9d002804:	af828068 	sw	v0,-32664(gp)

    if (EintCurr > 1000)
9d002808:	8f828068 	lw	v0,-32664(gp)
9d00280c:	284203e9 	slti	v0,v0,1001
9d002810:	14400004 	bnez	v0,9d002824 <.LVL70+0x38>
9d002814:	240203e8 	li	v0,1000
    { // ADDED: integrator anti-windup
      EintCurr = 1000;
9d002818:	af828068 	sw	v0,-32664(gp)
9d00281c:	0b400a0e 	j	9d002838 <.LVL70+0x4c>
9d002820:	00000000 	nop
    }
    else if (EintCurr < -1000)
9d002824:	8f828068 	lw	v0,-32664(gp)
9d002828:	2842fc18 	slti	v0,v0,-1000
9d00282c:	10400002 	beqz	v0,9d002838 <.LVL70+0x4c>
9d002830:	2402fc18 	li	v0,-1000
    { //ADDED:integrator anti-windup
      EintCurr = -1000;
9d002834:	af828068 	sw	v0,-32664(gp)
    }

    uCurr = (KpCurr * eCurr) + (KiCurr * EintCurr); //the current controller
9d002838:	8f848064 	lw	a0,-32668(gp)
9d00283c:	8f908070 	lw	s0,-32656(gp)
9d002840:	8f928068 	lw	s2,-32664(gp)
9d002844:	8f91806c 	lw	s1,-32660(gp)
9d002848:	0f403039 	jal	9d00c0e4 <__floatsisf>
9d00284c:	00000000 	nop
9d002850:	00402021 	move	a0,v0
9d002854:	0f402724 	jal	9d009c90 <.LFE9>
9d002858:	02002821 	move	a1,s0
9d00285c:	00408021 	move	s0,v0
9d002860:	0f403039 	jal	9d00c0e4 <__floatsisf>
9d002864:	02402021 	move	a0,s2
9d002868:	00402021 	move	a0,v0
9d00286c:	0f402724 	jal	9d009c90 <.LFE9>
9d002870:	02202821 	move	a1,s1
9d002874:	02002021 	move	a0,s0
9d002878:	0f402518 	jal	9d009460 <__addsf3>
9d00287c:	00402821 	move	a1,v0
9d002880:	00408021 	move	s0,v0
    uCurrNew = uCurr;
9d002884:	af828024 	sw	v0,-32732(gp)

    if (uCurrNew > 100.0)
9d002888:	3c039d01 	lui	v1,0x9d01
9d00288c:	8c64be64 	lw	a0,-16796(v1)
9d002890:	0f402db0 	jal	9d00b6c0 <__eqsf2>
9d002894:	00402821 	move	a1,v0
9d002898:	04430005 	bgezl	v0,9d0028b0 <.LVL70+0xc4>
9d00289c:	02002021 	move	a0,s0
    {
      uCurrNew = 100.0;
9d0028a0:	3c029d01 	lui	v0,0x9d01
9d0028a4:	8c42be64 	lw	v0,-16796(v0)
9d0028a8:	0b400a46 	j	9d002918 <.LVL70+0x12c>
9d0028ac:	af828024 	sw	v0,-32732(gp)
    }
    else if (uCurrNew < -100.0)
9d0028b0:	3c029d01 	lui	v0,0x9d01
9d0028b4:	0f402db0 	jal	9d00b6c0 <__eqsf2>
9d0028b8:	8c45be60 	lw	a1,-16800(v0)
9d0028bc:	04400008 	bltz	v0,9d0028e0 <.LVL70+0xf4>
9d0028c0:	3c029d01 	lui	v0,0x9d01
    {
      uCurrNew = -100.0;
    }

    /*Set direction bit*/
    if (uCurrNew < 0.0)
9d0028c4:	02002021 	move	a0,s0
9d0028c8:	0f402db0 	jal	9d00b6c0 <__eqsf2>
9d0028cc:	00002821 	move	a1,zero
9d0028d0:	04400004 	bltz	v0,9d0028e4 <.LVL70+0xf8>
9d0028d4:	02002021 	move	a0,s0
      DIRECTION_PIN = REV;
    }
    else
    {
      //OC1RS = (unsigned int)((uCurrNew / 100.0) * (float)(3999));
      DIRECTION_PIN = FWD;
9d0028d8:	0b400a47 	j	9d00291c <.LVL70+0x130>
9d0028dc:	3c02bf88 	lui	v0,0xbf88
    {
      uCurrNew = -100.0;
    }

    /*Set direction bit*/
    if (uCurrNew < 0.0)
9d0028e0:	8c44be60 	lw	a0,-16800(v0)
    {

      uCurrNew = abs(uCurrNew); //bring to positive
9d0028e4:	0f402eca 	jal	9d00bb28 <__fixsfsi>
9d0028e8:	00000000 	nop
9d0028ec:	000227c3 	sra	a0,v0,0x1f
9d0028f0:	00821026 	xor	v0,a0,v0
9d0028f4:	0f403039 	jal	9d00c0e4 <__floatsisf>
9d0028f8:	00442023 	subu	a0,v0,a0
9d0028fc:	af828024 	sw	v0,-32732(gp)
      //OC1RS = (unsigned int)((uCurrNew / 100.0) * (float)(3999));
      DIRECTION_PIN = REV;
9d002900:	3c02bf88 	lui	v0,0xbf88
9d002904:	944360e0 	lhu	v1,24800(v0)
9d002908:	7c030844 	ins	v1,zero,0x1,0x1
9d00290c:	a44360e0 	sh	v1,24800(v0)
9d002910:	0b400a4c 	j	9d002930 <.LVL70+0x144>
9d002914:	3c02bf88 	lui	v0,0xbf88
    }
    else
    {
      //OC1RS = (unsigned int)((uCurrNew / 100.0) * (float)(3999));
      DIRECTION_PIN = FWD;
9d002918:	3c02bf88 	lui	v0,0xbf88
9d00291c:	944360e0 	lhu	v1,24800(v0)
9d002920:	24040001 	li	a0,1
9d002924:	7c830844 	ins	v1,a0,0x1,0x1
9d002928:	a44360e0 	sh	v1,24800(v0)
    }
    NU32_LED1 = 0;
9d00292c:	3c02bf88 	lui	v0,0xbf88
9d002930:	90436160 	lbu	v1,24928(v0)
9d002934:	7c030004 	ins	v1,zero,0x0,0x1
9d002938:	a0436160 	sb	v1,24928(v0)
    /*Update the duty cycle PWM*/
    OC1RS = (unsigned int)((uCurrNew / 100.0) * (float)(3999));
9d00293c:	0f402ce5 	jal	9d00b394 <__extendsfdf2>
9d002940:	8f848024 	lw	a0,-32732(gp)
9d002944:	00402021 	move	a0,v0
9d002948:	00602821 	move	a1,v1
9d00294c:	3c029d01 	lui	v0,0x9d01
9d002950:	8c46be68 	lw	a2,-16792(v0)
9d002954:	0f4018c7 	jal	9d00631c <__divdf3>
9d002958:	8c47be6c 	lw	a3,-16788(v0)
9d00295c:	00402021 	move	a0,v0
9d002960:	00602821 	move	a1,v1
9d002964:	3c029d01 	lui	v0,0x9d01
9d002968:	8c46be70 	lw	a2,-16784(v0)
9d00296c:	0f402109 	jal	9d008424 <.LFE23>
9d002970:	8c47be74 	lw	a3,-16780(v0)
9d002974:	00402021 	move	a0,v0
9d002978:	0f402e46 	jal	9d00b918 <__fixunsdfsi>
9d00297c:	00602821 	move	a1,v1
9d002980:	3c03bf80 	lui	v1,0xbf80
9d002984:	ac623020 	sw	v0,12320(v1)

    break;
9d002988:	0b400a69 	j	9d0029a4 <.LVL70+0x1b8>
9d00298c:	3c02bf80 	lui	v0,0xbf80
  }
  default:
  {
    NU32_LED2 = 0; // turn on LED2 to indicate an error
9d002990:	3c02bf88 	lui	v0,0xbf88
9d002994:	90436160 	lbu	v1,24928(v0)
9d002998:	7c030844 	ins	v1,zero,0x1,0x1
9d00299c:	a0436160 	sb	v1,24928(v0)
  }
  }

  // LATDINV = 0b10;
  // OC1RS = 1000; // insert line(s) to set OC1RS
  TMR2 = 0;
9d0029a0:	3c02bf80 	lui	v0,0xbf80
9d0029a4:	ac400810 	sw	zero,2064(v0)
  IFS0bits.T2IF = 0; // insert line to clear interrupt flag
9d0029a8:	3c02bf88 	lui	v0,0xbf88
9d0029ac:	8c431030 	lw	v1,4144(v0)
9d0029b0:	7c034204 	ins	v1,zero,0x8,0x1
9d0029b4:	ac431030 	sw	v1,4144(v0)
}
9d0029b8:	8fa2006c 	lw	v0,108(sp)
9d0029bc:	00400013 	mtlo	v0
9d0029c0:	8fa30068 	lw	v1,104(sp)
9d0029c4:	00600011 	mthi	v1
9d0029c8:	8fbf0064 	lw	ra,100(sp)
9d0029cc:	8fb90060 	lw	t9,96(sp)
9d0029d0:	8fb8005c 	lw	t8,92(sp)
9d0029d4:	8fb20058 	lw	s2,88(sp)
9d0029d8:	8fb10054 	lw	s1,84(sp)
9d0029dc:	8fb00050 	lw	s0,80(sp)
9d0029e0:	8faf004c 	lw	t7,76(sp)
9d0029e4:	8fae0048 	lw	t6,72(sp)
9d0029e8:	8fad0044 	lw	t5,68(sp)
9d0029ec:	8fac0040 	lw	t4,64(sp)
9d0029f0:	8fab003c 	lw	t3,60(sp)
9d0029f4:	8faa0038 	lw	t2,56(sp)
9d0029f8:	8fa90034 	lw	t1,52(sp)
9d0029fc:	8fa80030 	lw	t0,48(sp)
9d002a00:	8fa7002c 	lw	a3,44(sp)
9d002a04:	8fa60028 	lw	a2,40(sp)
9d002a08:	8fa50024 	lw	a1,36(sp)
9d002a0c:	8fa40020 	lw	a0,32(sp)
9d002a10:	8fa3001c 	lw	v1,28(sp)
9d002a14:	8fa20018 	lw	v0,24(sp)
9d002a18:	8fa10014 	lw	at,20(sp)
9d002a1c:	41606000 	di
9d002a20:	000000c0 	ehb
9d002a24:	8fba007c 	lw	k0,124(sp)
9d002a28:	8fbb0078 	lw	k1,120(sp)
9d002a2c:	409a7000 	mtc0	k0,c0_epc
9d002a30:	8fba0074 	lw	k0,116(sp)
9d002a34:	27bd0080 	addiu	sp,sp,128
9d002a38:	409a6002 	mtc0	k0,c0_srsctl
9d002a3c:	41dde800 	wrpgpr	sp,sp
9d002a40:	409b6000 	mtc0	k1,c0_status
9d002a44:	42000018 	eret

9d002a48 <main>:

int main()
{
9d002a48:	27bdfe18 	addiu	sp,sp,-488
9d002a4c:	afbf01e4 	sw	ra,484(sp)
9d002a50:	afbe01e0 	sw	s8,480(sp)
9d002a54:	afb701dc 	sw	s7,476(sp)
9d002a58:	afb601d8 	sw	s6,472(sp)
9d002a5c:	afb501d4 	sw	s5,468(sp)
9d002a60:	afb401d0 	sw	s4,464(sp)
9d002a64:	afb301cc 	sw	s3,460(sp)
9d002a68:	afb201c8 	sw	s2,456(sp)
9d002a6c:	afb101c4 	sw	s1,452(sp)

  int pin_val = 0;
  adc_init();
9d002a70:	0f4027fd 	jal	9d009ff4 <.LFE23>
9d002a74:	afb001c0 	sw	s0,448(sp)

9d002a78 <.LVL86>:

  set_mode(IDLE);
9d002a78:	0f402640 	jal	9d009900 <set_mode>
9d002a7c:	00002021 	move	a0,zero

9d002a80 <.LVL87>:
  char buffer[BUF_SIZE];
  char message[BUF_SIZE]; // message to and from MATLAB
  NU32_Startup();         // cache on, min flash wait, interrupts on, LED/button init, UART init
9d002a80:	0f4026b3 	jal	9d009acc <NU32_Startup>
9d002a84:	00000000 	nop

9d002a88 <.LVL88>:
  NU32_LED1 = 1;          // turn off the LEDs
9d002a88:	3c02bf88 	lui	v0,0xbf88
9d002a8c:	90436160 	lbu	v1,24928(v0)
9d002a90:	24040001 	li	a0,1
9d002a94:	7c830004 	ins	v1,a0,0x0,0x1
9d002a98:	a0436160 	sb	v1,24928(v0)
  NU32_LED2 = 1;
9d002a9c:	90436160 	lbu	v1,24928(v0)
9d002aa0:	7c830844 	ins	v1,a0,0x1,0x1
9d002aa4:	a0436160 	sb	v1,24928(v0)
  __builtin_disable_interrupts();
9d002aa8:	41626000 	di	v0
9d002aac:	000000c0 	ehb
  // in future, initialize modules or peripherals here
  // ISR_init();
  encoder_init(); // SPI initialization for reading from the decoder chip
9d002ab0:	0f40290d 	jal	9d00a434 <encoder_init>
9d002ab4:	00000000 	nop

9d002ab8 <.LVL89>:
  currentISR_init();
9d002ab8:	0f402644 	jal	9d009910 <currentISR_init>
9d002abc:	00000000 	nop

9d002ac0 <.LVL90>:
  PWM_init();
9d002ac0:	0f402663 	jal	9d00998c <PWM_init>
9d002ac4:	00000000 	nop

9d002ac8 <.LVL91>:
  motor_output_init();
9d002ac8:	0f402689 	jal	9d009a24 <motor_output_init>
9d002acc:	00000000 	nop

9d002ad0 <.LVL92>:
  positionISR_init();
9d002ad0:	0f402693 	jal	9d009a4c <positionISR_init>
9d002ad4:	00000000 	nop

9d002ad8 <.LVL93>:

  __builtin_enable_interrupts();
9d002ad8:	41626020 	ei	v0
  {
    int i;
    // TRISDbits.TRISD2 = 0;		// make RD2 digital output to test 200Hz Controller
    // ODCDbits.ODCD2 = 0;				//Set as a buffered output (high or low)
    NU32_ReadUART3(buffer, BUF_SIZE); // we expect the next character to be a menu command
    NU32_LED2 = 1;                    // clear the error LED
9d002adc:	3c14bf88 	lui	s4,0xbf88
    switch (buffer[0])
9d002ae0:	3c159d00 	lui	s5,0x9d00
9d002ae4:	26b52b40 	addiu	s5,s5,11072
      /*Send the shits to matlab (current)*/
      sprintf(message, "%d\r\n", Traj_N);
      NU32_WriteUART3(message); 
      for (i = 0; i < Traj_N; i++)
      { // send plot data to MATLAB
        sprintf(message, "%f %f\r\n", TrajREFarray[i], TrajSAMParray[i]);
9d002ae8:	3c12a001 	lui	s2,0xa001
9d002aec:	26529cb0 	addiu	s2,s2,-25424
9d002af0:	3c13a000 	lui	s3,0xa000
9d002af4:	26730070 	addiu	s3,s3,112
  while (1)
  {
    int i;
    // TRISDbits.TRISD2 = 0;		// make RD2 digital output to test 200Hz Controller
    // ODCDbits.ODCD2 = 0;				//Set as a buffered output (high or low)
    NU32_ReadUART3(buffer, BUF_SIZE); // we expect the next character to be a menu command
9d002af8:	27a40020 	addiu	a0,sp,32
9d002afc:	0f4026f8 	jal	9d009be0 <NU32_ReadUART3>
9d002b00:	240500c8 	li	a1,200

9d002b04 <.LVL94>:
    NU32_LED2 = 1;                    // clear the error LED
9d002b04:	92826160 	lbu	v0,24928(s4)
9d002b08:	24030001 	li	v1,1
9d002b0c:	7c620844 	ins	v0,v1,0x1,0x1
9d002b10:	a2826160 	sb	v0,24928(s4)
    switch (buffer[0])
9d002b14:	93a20020 	lbu	v0,32(sp)
9d002b18:	2442ff9f 	addiu	v0,v0,-97
9d002b1c:	304300ff 	andi	v1,v0,0xff
9d002b20:	2c630019 	sltiu	v1,v1,25
9d002b24:	106001c8 	beqz	v1,9d003248 <.LVL182+0x18>
9d002b28:	304200ff 	andi	v0,v0,0xff
9d002b2c:	00021080 	sll	v0,v0,0x2
9d002b30:	02a21021 	addu	v0,s5,v0
9d002b34:	8c420000 	lw	v0,0(v0)
9d002b38:	00400008 	jr	v0
9d002b3c:	00000000 	nop
9d002b40:	9d002d14 	0x9d002d14
9d002b44:	9d002d40 	0x9d002d40
9d002b48:	9d002c58 	0x9d002c58
9d002b4c:	9d002c84 	0x9d002c84
9d002b50:	9d002cbc 	0x9d002cbc
9d002b54:	9d002d6c 	0x9d002d6c
9d002b58:	9d002de4 	0x9d002de4
9d002b5c:	9d002e38 	0x9d002e38
9d002b60:	9d002f0c 	0x9d002f0c
9d002b64:	9d002f74 	0x9d002f74
9d002b68:	9d002e88 	0x9d002e88
9d002b6c:	9d002fd8 	0x9d002fd8
9d002b70:	9d003040 	0x9d003040
9d002b74:	9d0030e8 	0x9d0030e8
9d002b78:	9d003190 	0x9d003190
9d002b7c:	9d002dd4 	0x9d002dd4
9d002b80:	9d002c48 	0x9d002c48
9d002b84:	9d002ce8 	0x9d002ce8
9d002b88:	9d003248 	0x9d003248
9d002b8c:	9d003248 	0x9d003248
9d002b90:	9d003248 	0x9d003248
9d002b94:	9d003248 	0x9d003248
9d002b98:	9d003248 	0x9d003248
9d002b9c:	9d002bf0 	0x9d002bf0
9d002ba0:	9d002ba4 	0x9d002ba4

9d002ba4 <.LBB15>:
    {
    case 'y': // dummy command for demonstration purposes
    {
      int n = 0;
9d002ba4:	afa001b0 	sw	zero,432(sp)
      NU32_ReadUART3(buffer, BUF_SIZE);
9d002ba8:	27a40020 	addiu	a0,sp,32
9d002bac:	0f4026f8 	jal	9d009be0 <NU32_ReadUART3>
9d002bb0:	240500c8 	li	a1,200

9d002bb4 <.LVL95>:
      sscanf(buffer, "%d", &n);
9d002bb4:	27a40020 	addiu	a0,sp,32
9d002bb8:	3c059d01 	lui	a1,0x9d01
9d002bbc:	24a5be08 	addiu	a1,a1,-16888
9d002bc0:	0f402f64 	jal	9d00bd90 <_sscanf_cdfFnopuxX>
9d002bc4:	27a601b0 	addiu	a2,sp,432

9d002bc8 <.LVL96>:
      sprintf(buffer, "%d\r\n", n + 1); // return the number + 1
9d002bc8:	27a40020 	addiu	a0,sp,32
9d002bcc:	3c029d01 	lui	v0,0x9d01
9d002bd0:	2445be0c 	addiu	a1,v0,-16884
9d002bd4:	8fa601b0 	lw	a2,432(sp)
9d002bd8:	0f402f9e 	jal	9d00be78 <_sprintf_cdfFnopuxX>
9d002bdc:	24c60001 	addiu	a2,a2,1

9d002be0 <.LVL97>:
      NU32_WriteUART3(buffer);
9d002be0:	0f402715 	jal	9d009c54 <NU32_WriteUART3>
9d002be4:	27a40020 	addiu	a0,sp,32

9d002be8 <.LBE15>:
  while (1)
  {
    int i;
    // TRISDbits.TRISD2 = 0;		// make RD2 digital output to test 200Hz Controller
    // ODCDbits.ODCD2 = 0;				//Set as a buffered output (high or low)
    NU32_ReadUART3(buffer, BUF_SIZE); // we expect the next character to be a menu command
9d002be8:	0b400abf 	j	9d002afc <.LVL93+0x24>
9d002bec:	27a40020 	addiu	a0,sp,32

9d002bf0 <.LBB16>:
      NU32_WriteUART3(buffer);
      break;
    }
    case 'x': // addition command for demonstration purposes
    {
      int n = 0;
9d002bf0:	afa001b4 	sw	zero,436(sp)
      int o = 0;
9d002bf4:	afa001b0 	sw	zero,432(sp)
      NU32_ReadUART3(buffer, BUF_SIZE);
9d002bf8:	27a40020 	addiu	a0,sp,32
9d002bfc:	0f4026f8 	jal	9d009be0 <NU32_ReadUART3>
9d002c00:	240500c8 	li	a1,200

9d002c04 <.LVL99>:
      sscanf(buffer, "%d %d", &n, &o);
9d002c04:	27a40020 	addiu	a0,sp,32
9d002c08:	3c059d01 	lui	a1,0x9d01
9d002c0c:	24a5be14 	addiu	a1,a1,-16876
9d002c10:	27a601b4 	addiu	a2,sp,436
9d002c14:	0f402f64 	jal	9d00bd90 <_sscanf_cdfFnopuxX>
9d002c18:	27a701b0 	addiu	a3,sp,432

9d002c1c <.LVL100>:
      sprintf(buffer, "%d\r\n", n + o); // return the numbers added together
9d002c1c:	27a40020 	addiu	a0,sp,32
9d002c20:	3c039d01 	lui	v1,0x9d01
9d002c24:	2465be0c 	addiu	a1,v1,-16884
9d002c28:	8fa201b0 	lw	v0,432(sp)
9d002c2c:	8fa601b4 	lw	a2,436(sp)
9d002c30:	0f402f9e 	jal	9d00be78 <_sprintf_cdfFnopuxX>
9d002c34:	00c23021 	addu	a2,a2,v0

9d002c38 <.LVL101>:
      NU32_WriteUART3(buffer);
9d002c38:	0f402715 	jal	9d009c54 <NU32_WriteUART3>
9d002c3c:	27a40020 	addiu	a0,sp,32

9d002c40 <.LBE16>:
  while (1)
  {
    int i;
    // TRISDbits.TRISD2 = 0;		// make RD2 digital output to test 200Hz Controller
    // ODCDbits.ODCD2 = 0;				//Set as a buffered output (high or low)
    NU32_ReadUART3(buffer, BUF_SIZE); // we expect the next character to be a menu command
9d002c40:	0b400abf 	j	9d002afc <.LVL93+0x24>
9d002c44:	27a40020 	addiu	a0,sp,32
      break;
    }
    case 'q':
    {
      // handle q for quit. Later you may want to return to IDLE mode here.
      set_mode(IDLE);
9d002c48:	0f402640 	jal	9d009900 <set_mode>
9d002c4c:	00002021 	move	a0,zero

9d002c50 <.LVL103>:
      break;
9d002c50:	0b400abf 	j	9d002afc <.LVL93+0x24>
9d002c54:	27a40020 	addiu	a0,sp,32
    }
    case 'c':
    {
      sprintf(buffer, "%d\r\n", encoder_counts());
9d002c58:	0f4028dd 	jal	9d00a374 <encoder_counts>
9d002c5c:	00000000 	nop

9d002c60 <.LVL104>:
9d002c60:	27a40020 	addiu	a0,sp,32
9d002c64:	3c039d01 	lui	v1,0x9d01
9d002c68:	2465be0c 	addiu	a1,v1,-16884
9d002c6c:	0f402f9e 	jal	9d00be78 <_sprintf_cdfFnopuxX>
9d002c70:	00403021 	move	a2,v0

9d002c74 <.LVL105>:
      NU32_WriteUART3(buffer); // send encoder count to client
9d002c74:	0f402715 	jal	9d009c54 <NU32_WriteUART3>
9d002c78:	27a40020 	addiu	a0,sp,32

9d002c7c <.LVL106>:
      break;
9d002c7c:	0b400abf 	j	9d002afc <.LVL93+0x24>
9d002c80:	27a40020 	addiu	a0,sp,32
    }
    case 'd':
    {
      sprintf(buffer, "%f\r\n", encoder_angle());
9d002c84:	0f4028e4 	jal	9d00a390 <encoder_angle>
9d002c88:	00000000 	nop

9d002c8c <.LVL107>:
9d002c8c:	0f402ce5 	jal	9d00b394 <__extendsfdf2>
9d002c90:	00402021 	move	a0,v0
9d002c94:	27a40020 	addiu	a0,sp,32
9d002c98:	3c059d01 	lui	a1,0x9d01
9d002c9c:	24a5be1c 	addiu	a1,a1,-16868
9d002ca0:	00403021 	move	a2,v0
9d002ca4:	0f402f9e 	jal	9d00be78 <_sprintf_cdfFnopuxX>
9d002ca8:	00603821 	move	a3,v1

9d002cac <.LVL109>:
      NU32_WriteUART3(buffer); // send encoder count in degrees to client
9d002cac:	0f402715 	jal	9d009c54 <NU32_WriteUART3>
9d002cb0:	27a40020 	addiu	a0,sp,32

9d002cb4 <.LVL110>:
      break;
9d002cb4:	0b400abf 	j	9d002afc <.LVL93+0x24>
9d002cb8:	27a40020 	addiu	a0,sp,32
    }
    case 'e':
    {
      sprintf(buffer, "%d\r\n", encoder_reset());
9d002cbc:	0f402906 	jal	9d00a418 <encoder_reset>
9d002cc0:	00000000 	nop

9d002cc4 <.LVL111>:
9d002cc4:	27a40020 	addiu	a0,sp,32
9d002cc8:	3c039d01 	lui	v1,0x9d01
9d002ccc:	2465be0c 	addiu	a1,v1,-16884
9d002cd0:	0f402f9e 	jal	9d00be78 <_sprintf_cdfFnopuxX>
9d002cd4:	00403021 	move	a2,v0

9d002cd8 <.LVL112>:
      NU32_WriteUART3(buffer); // send encoder count reset value to client
9d002cd8:	0f402715 	jal	9d009c54 <NU32_WriteUART3>
9d002cdc:	27a40020 	addiu	a0,sp,32

9d002ce0 <.LVL113>:
      break;
9d002ce0:	0b400abf 	j	9d002afc <.LVL93+0x24>
9d002ce4:	27a40020 	addiu	a0,sp,32
    }
    case 'r':
    {
      sprintf(buffer, "%d\r\n", get_mode());
9d002ce8:	0f402642 	jal	9d009908 <get_mode>
9d002cec:	00000000 	nop

9d002cf0 <.LVL114>:
9d002cf0:	27a40020 	addiu	a0,sp,32
9d002cf4:	3c039d01 	lui	v1,0x9d01
9d002cf8:	2465be0c 	addiu	a1,v1,-16884
9d002cfc:	0f402f9e 	jal	9d00be78 <_sprintf_cdfFnopuxX>
9d002d00:	00403021 	move	a2,v0

9d002d04 <.LVL115>:
      NU32_WriteUART3(buffer);
9d002d04:	0f402715 	jal	9d009c54 <NU32_WriteUART3>
9d002d08:	27a40020 	addiu	a0,sp,32

9d002d0c <.LVL116>:
      break;
9d002d0c:	0b400abf 	j	9d002afc <.LVL93+0x24>
9d002d10:	27a40020 	addiu	a0,sp,32
    }
    case 'a':
    {
      sprintf(buffer, "%d\r\n", adc_avg(pin_val));
9d002d14:	0f402833 	jal	9d00a0cc <adc_avg>
9d002d18:	00002021 	move	a0,zero

9d002d1c <.LVL117>:
9d002d1c:	27a40020 	addiu	a0,sp,32
9d002d20:	3c039d01 	lui	v1,0x9d01
9d002d24:	2465be0c 	addiu	a1,v1,-16884
9d002d28:	0f402f9e 	jal	9d00be78 <_sprintf_cdfFnopuxX>
9d002d2c:	00403021 	move	a2,v0

9d002d30 <.LVL118>:
      NU32_WriteUART3(buffer);
9d002d30:	0f402715 	jal	9d009c54 <NU32_WriteUART3>
9d002d34:	27a40020 	addiu	a0,sp,32

9d002d38 <.LVL119>:
      break;
9d002d38:	0b400abf 	j	9d002afc <.LVL93+0x24>
9d002d3c:	27a40020 	addiu	a0,sp,32
    }
    case 'b':
    {
      sprintf(buffer, "%d\r\n", current_read(pin_val));
9d002d40:	0f40284e 	jal	9d00a138 <current_read>
9d002d44:	00002021 	move	a0,zero

9d002d48 <.LVL120>:
9d002d48:	27a40020 	addiu	a0,sp,32
9d002d4c:	3c039d01 	lui	v1,0x9d01
9d002d50:	2465be0c 	addiu	a1,v1,-16884
9d002d54:	0f402f9e 	jal	9d00be78 <_sprintf_cdfFnopuxX>
9d002d58:	00403021 	move	a2,v0

9d002d5c <.LVL121>:
      NU32_WriteUART3(buffer);
9d002d5c:	0f402715 	jal	9d009c54 <NU32_WriteUART3>
9d002d60:	27a40020 	addiu	a0,sp,32

9d002d64 <.LVL122>:
      break;
9d002d64:	0b400abf 	j	9d002afc <.LVL93+0x24>
9d002d68:	27a40020 	addiu	a0,sp,32

9d002d6c <.LBB17>:
    }
    case 'f': // Set PWM
    {

      float pwm_val = 0;
9d002d6c:	00001021 	move	v0,zero
9d002d70:	afa201b0 	sw	v0,432(sp)
      NU32_ReadUART3(buffer, BUF_SIZE);
9d002d74:	27a40020 	addiu	a0,sp,32
9d002d78:	0f4026f8 	jal	9d009be0 <NU32_ReadUART3>
9d002d7c:	240500c8 	li	a1,200

9d002d80 <.LVL123>:
      sscanf(buffer, "%f", &pwm_val);
9d002d80:	27a40020 	addiu	a0,sp,32
9d002d84:	3c059d01 	lui	a1,0x9d01
9d002d88:	24a5be24 	addiu	a1,a1,-16860
9d002d8c:	0f402f64 	jal	9d00bd90 <_sscanf_cdfFnopuxX>
9d002d90:	27a601b0 	addiu	a2,sp,432

9d002d94 <.LVL124>:
      sprintf(buffer, "%f\r\n", pwm_val); // return the client value
9d002d94:	0f402ce5 	jal	9d00b394 <__extendsfdf2>
9d002d98:	8fa401b0 	lw	a0,432(sp)
9d002d9c:	27a40020 	addiu	a0,sp,32
9d002da0:	3c059d01 	lui	a1,0x9d01
9d002da4:	24a5be1c 	addiu	a1,a1,-16868
9d002da8:	00403021 	move	a2,v0
9d002dac:	0f402f9e 	jal	9d00be78 <_sprintf_cdfFnopuxX>
9d002db0:	00603821 	move	a3,v1

9d002db4 <.LVL126>:
      NU32_WriteUART3(buffer);
9d002db4:	0f402715 	jal	9d009c54 <NU32_WriteUART3>
9d002db8:	27a40020 	addiu	a0,sp,32

9d002dbc <.LVL127>:
      PWMinput = pwm_val;
9d002dbc:	8fa201b0 	lw	v0,432(sp)
9d002dc0:	af828074 	sw	v0,-32652(gp)
      set_mode(PWM);
9d002dc4:	0f402640 	jal	9d009900 <set_mode>
9d002dc8:	24040001 	li	a0,1

9d002dcc <.LBE17>:
  while (1)
  {
    int i;
    // TRISDbits.TRISD2 = 0;		// make RD2 digital output to test 200Hz Controller
    // ODCDbits.ODCD2 = 0;				//Set as a buffered output (high or low)
    NU32_ReadUART3(buffer, BUF_SIZE); // we expect the next character to be a menu command
9d002dcc:	0b400abf 	j	9d002afc <.LVL93+0x24>
9d002dd0:	27a40020 	addiu	a0,sp,32

      break;
    }
    case 'p': // Unpower motor
    {
      set_mode(IDLE);
9d002dd4:	0f402640 	jal	9d009900 <set_mode>
9d002dd8:	00002021 	move	a0,zero

9d002ddc <.LVL129>:
      break;
9d002ddc:	0b400abf 	j	9d002afc <.LVL93+0x24>
9d002de0:	27a40020 	addiu	a0,sp,32

9d002de4 <.LBB18>:
    }
    case 'g': // Set current gains
    {
      float Kp = 0;
9d002de4:	00001821 	move	v1,zero
9d002de8:	afa301b4 	sw	v1,436(sp)
      float Ki = 0;
9d002dec:	afa301b0 	sw	v1,432(sp)
      NU32_ReadUART3(buffer, BUF_SIZE);
9d002df0:	27a40020 	addiu	a0,sp,32
9d002df4:	0f4026f8 	jal	9d009be0 <NU32_ReadUART3>
9d002df8:	240500c8 	li	a1,200

9d002dfc <.LVL130>:
      sscanf(buffer, "%f %f", &Kp, &Ki);
9d002dfc:	27a40020 	addiu	a0,sp,32
9d002e00:	3c059d01 	lui	a1,0x9d01
9d002e04:	24a5be28 	addiu	a1,a1,-16856
9d002e08:	27a601b4 	addiu	a2,sp,436
9d002e0c:	0f402f64 	jal	9d00bd90 <_sscanf_cdfFnopuxX>
9d002e10:	27a701b0 	addiu	a3,sp,432

9d002e14 <.LVL131>:
      // sprintf(buffer,"Kp: %f Ki: %f\r\n", Kp, Ki); // return the numbers added together
      // NU32_WriteUART3(buffer);
      __builtin_disable_interrupts();
9d002e14:	41626000 	di	v0
9d002e18:	000000c0 	ehb
      KpCurr = Kp;
9d002e1c:	8fa201b4 	lw	v0,436(sp)
9d002e20:	af828070 	sw	v0,-32656(gp)
      KiCurr = Ki;
9d002e24:	8fa201b0 	lw	v0,432(sp)
9d002e28:	af82806c 	sw	v0,-32660(gp)
      __builtin_enable_interrupts();
9d002e2c:	41626020 	ei	v0

9d002e30 <.LBE18>:
  while (1)
  {
    int i;
    // TRISDbits.TRISD2 = 0;		// make RD2 digital output to test 200Hz Controller
    // ODCDbits.ODCD2 = 0;				//Set as a buffered output (high or low)
    NU32_ReadUART3(buffer, BUF_SIZE); // we expect the next character to be a menu command
9d002e30:	0b400abf 	j	9d002afc <.LVL93+0x24>
9d002e34:	27a40020 	addiu	a0,sp,32
      __builtin_enable_interrupts();
      break;
    }
    case 'h': // Get current gains
    {
      sprintf(buffer, "%f %f\r\n", KpCurr, KiCurr); // return the numbers added together
9d002e38:	8f848070 	lw	a0,-32656(gp)
9d002e3c:	8f96806c 	lw	s6,-32660(gp)
9d002e40:	0f402ce5 	jal	9d00b394 <__extendsfdf2>
9d002e44:	00000000 	nop
9d002e48:	00408021 	move	s0,v0
9d002e4c:	00608821 	move	s1,v1
9d002e50:	0f402ce5 	jal	9d00b394 <__extendsfdf2>
9d002e54:	02c02021 	move	a0,s6
9d002e58:	afa20010 	sw	v0,16(sp)
9d002e5c:	afa30014 	sw	v1,20(sp)
9d002e60:	27a40020 	addiu	a0,sp,32
9d002e64:	3c059d01 	lui	a1,0x9d01
9d002e68:	24a5be30 	addiu	a1,a1,-16848
9d002e6c:	02003021 	move	a2,s0
9d002e70:	0f402f9e 	jal	9d00be78 <_sprintf_cdfFnopuxX>
9d002e74:	02203821 	move	a3,s1

9d002e78 <.LVL134>:
      NU32_WriteUART3(buffer);
9d002e78:	0f402715 	jal	9d009c54 <NU32_WriteUART3>
9d002e7c:	27a40020 	addiu	a0,sp,32

9d002e80 <.LVL135>:
      break;
9d002e80:	0b400abf 	j	9d002afc <.LVL93+0x24>
9d002e84:	27a40020 	addiu	a0,sp,32
    }
    case 'k': // Test current gains
    {
      set_mode(ITEST);
9d002e88:	0f402640 	jal	9d009900 <set_mode>
9d002e8c:	24040002 	li	a0,2

9d002e90 <.LVL136>:
      StoringData = 1;
9d002e90:	24020001 	li	v0,1
9d002e94:	af828060 	sw	v0,-32672(gp)
      while (StoringData)
9d002e98:	8f828060 	lw	v0,-32672(gp)
9d002e9c:	1440fffe 	bnez	v0,9d002e98 <.LVL136+0x8>
9d002ea0:	00000000 	nop
      {
        ; //Collecting data
      }

      NU32_WriteUART3("100\n"); // Tells Matlab how many samples are coming
9d002ea4:	3c049d01 	lui	a0,0x9d01
9d002ea8:	0f402715 	jal	9d009c54 <NU32_WriteUART3>
9d002eac:	2484be38 	addiu	a0,a0,-16840

9d002eb0 <.LVL137>:
      for (i = 0; i < PLOT_PTS; i++)
9d002eb0:	00008021 	move	s0,zero
      { // send plot data to MATLAB
        sprintf(message, "%d %d\r\n", REFarray[i], ADCarray[i]);
9d002eb4:	3c1ea001 	lui	s8,0xa001
9d002eb8:	27de3a80 	addiu	s8,s8,14976
9d002ebc:	3c17a001 	lui	s7,0xa001
9d002ec0:	26f738f0 	addiu	s7,s7,14576
9d002ec4:	3c169d01 	lui	s6,0x9d01
9d002ec8:	26d6be40 	addiu	s6,s6,-16832
      {
        ; //Collecting data
      }

      NU32_WriteUART3("100\n"); // Tells Matlab how many samples are coming
      for (i = 0; i < PLOT_PTS; i++)
9d002ecc:	24110064 	li	s1,100
      { // send plot data to MATLAB
        sprintf(message, "%d %d\r\n", REFarray[i], ADCarray[i]);
9d002ed0:	00101080 	sll	v0,s0,0x2
9d002ed4:	005e1821 	addu	v1,v0,s8
9d002ed8:	8c660000 	lw	a2,0(v1)
9d002edc:	00571021 	addu	v0,v0,s7
9d002ee0:	8c470000 	lw	a3,0(v0)
9d002ee4:	27a400e8 	addiu	a0,sp,232
9d002ee8:	0f402f9e 	jal	9d00be78 <_sprintf_cdfFnopuxX>
9d002eec:	02c02821 	move	a1,s6

9d002ef0 <.LVL139>:
        NU32_WriteUART3(message);
9d002ef0:	0f402715 	jal	9d009c54 <NU32_WriteUART3>
9d002ef4:	27a400e8 	addiu	a0,sp,232

9d002ef8 <.LVL140>:
      {
        ; //Collecting data
      }

      NU32_WriteUART3("100\n"); // Tells Matlab how many samples are coming
      for (i = 0; i < PLOT_PTS; i++)
9d002ef8:	26100001 	addiu	s0,s0,1
9d002efc:	1611fff5 	bne	s0,s1,9d002ed4 <.LVL137+0x24>
9d002f00:	00101080 	sll	v0,s0,0x2
9d002f04:	0b400abf 	j	9d002afc <.LVL93+0x24>
9d002f08:	27a40020 	addiu	a0,sp,32

9d002f0c <.LBB19>:
      }
      break;
    }
    case 'i': // Set position gains
    {
      float Kp = 0;
9d002f0c:	00001021 	move	v0,zero
9d002f10:	afa201b8 	sw	v0,440(sp)
      float Ki = 0;
9d002f14:	afa201b4 	sw	v0,436(sp)
      float Kd = 0;
9d002f18:	afa201b0 	sw	v0,432(sp)
      NU32_ReadUART3(buffer, BUF_SIZE);
9d002f1c:	27a40020 	addiu	a0,sp,32
9d002f20:	0f4026f8 	jal	9d009be0 <NU32_ReadUART3>
9d002f24:	240500c8 	li	a1,200

9d002f28 <.LVL143>:
      sscanf(buffer, "%f %f %f", &Kp, &Ki, &Kd);
9d002f28:	27a201b0 	addiu	v0,sp,432
9d002f2c:	afa20010 	sw	v0,16(sp)
9d002f30:	27a40020 	addiu	a0,sp,32
9d002f34:	3c059d01 	lui	a1,0x9d01
9d002f38:	24a5be48 	addiu	a1,a1,-16824
9d002f3c:	27a601b8 	addiu	a2,sp,440
9d002f40:	0f402f64 	jal	9d00bd90 <_sscanf_cdfFnopuxX>
9d002f44:	27a701b4 	addiu	a3,sp,436

9d002f48 <.LVL144>:
      // sprintf(buffer,"Kp: %f Ki: %f\r\n", Kp, Ki); // return the numbers added together
      // NU32_WriteUART3(buffer);
      __builtin_disable_interrupts();
9d002f48:	41626000 	di	v0
9d002f4c:	000000c0 	ehb
      KpPos = Kp;
9d002f50:	8fa201b8 	lw	v0,440(sp)
9d002f54:	af82805c 	sw	v0,-32676(gp)
      KiPos = Ki;
9d002f58:	8fa201b4 	lw	v0,436(sp)
9d002f5c:	af828058 	sw	v0,-32680(gp)
      KdPos = Kd;
9d002f60:	8fa201b0 	lw	v0,432(sp)
9d002f64:	af828054 	sw	v0,-32684(gp)
      __builtin_enable_interrupts();
9d002f68:	41626020 	ei	v0

9d002f6c <.LBE19>:
  while (1)
  {
    int i;
    // TRISDbits.TRISD2 = 0;		// make RD2 digital output to test 200Hz Controller
    // ODCDbits.ODCD2 = 0;				//Set as a buffered output (high or low)
    NU32_ReadUART3(buffer, BUF_SIZE); // we expect the next character to be a menu command
9d002f6c:	0b400abf 	j	9d002afc <.LVL93+0x24>
9d002f70:	27a40020 	addiu	a0,sp,32
      __builtin_enable_interrupts();
      break;
    }
    case 'j': // Get position gains
    {
      sprintf(buffer, "%f %f %f\r\n", KpPos, KiPos, KdPos); // return the numbers added together
9d002f74:	8f84805c 	lw	a0,-32676(gp)
9d002f78:	8f978058 	lw	s7,-32680(gp)
9d002f7c:	8f968054 	lw	s6,-32684(gp)
9d002f80:	0f402ce5 	jal	9d00b394 <__extendsfdf2>
9d002f84:	00000000 	nop
9d002f88:	00408021 	move	s0,v0
9d002f8c:	00608821 	move	s1,v1
9d002f90:	0f402ce5 	jal	9d00b394 <__extendsfdf2>
9d002f94:	02e02021 	move	a0,s7
9d002f98:	afa20010 	sw	v0,16(sp)
9d002f9c:	afa30014 	sw	v1,20(sp)
9d002fa0:	0f402ce5 	jal	9d00b394 <__extendsfdf2>
9d002fa4:	02c02021 	move	a0,s6
9d002fa8:	afa20018 	sw	v0,24(sp)
9d002fac:	afa3001c 	sw	v1,28(sp)
9d002fb0:	27a40020 	addiu	a0,sp,32
9d002fb4:	3c059d01 	lui	a1,0x9d01
9d002fb8:	24a5be54 	addiu	a1,a1,-16812
9d002fbc:	02003021 	move	a2,s0
9d002fc0:	0f402f9e 	jal	9d00be78 <_sprintf_cdfFnopuxX>
9d002fc4:	02203821 	move	a3,s1

9d002fc8 <.LVL148>:
      NU32_WriteUART3(buffer);
9d002fc8:	0f402715 	jal	9d009c54 <NU32_WriteUART3>
9d002fcc:	27a40020 	addiu	a0,sp,32

9d002fd0 <.LVL149>:
      break;
9d002fd0:	0b400abf 	j	9d002afc <.LVL93+0x24>
9d002fd4:	27a40020 	addiu	a0,sp,32

9d002fd8 <.LBB20>:
    }
    case 'l': // Get user specified degree to go to
    {
      set_mode(IDLE);
9d002fd8:	0f402640 	jal	9d009900 <set_mode>
9d002fdc:	00002021 	move	a0,zero

9d002fe0 <.LVL150>:
      int des_ang = 0;
9d002fe0:	afa001b0 	sw	zero,432(sp)

      
      __builtin_disable_interrupts();
9d002fe4:	41626000 	di	v0
9d002fe8:	000000c0 	ehb
      EintPos = 0;
9d002fec:	af808050 	sw	zero,-32688(gp)
      EdotPos = 0;
9d002ff0:	af80804c 	sw	zero,-32692(gp)
      ePos = 0;
9d002ff4:	af808030 	sw	zero,-32720(gp)
      eCurr = 0;
9d002ff8:	af808064 	sw	zero,-32668(gp)
      EintCurr = 0;
9d002ffc:	af808068 	sw	zero,-32664(gp)
      NU32_ReadUART3(buffer, BUF_SIZE);
9d003000:	27a40020 	addiu	a0,sp,32
9d003004:	0f4026f8 	jal	9d009be0 <NU32_ReadUART3>
9d003008:	240500c8 	li	a1,200

9d00300c <.LVL151>:
      sscanf(buffer, "%d", &des_ang);
9d00300c:	27a40020 	addiu	a0,sp,32
9d003010:	3c059d01 	lui	a1,0x9d01
9d003014:	24a5be08 	addiu	a1,a1,-16888
9d003018:	0f402f64 	jal	9d00bd90 <_sscanf_cdfFnopuxX>
9d00301c:	27a601b0 	addiu	a2,sp,432

9d003020 <.LVL152>:
      // sprintf(buffer,"Kp: %f Ki: %f\r\n", Kp, Ki); // return the numbers added together
      // NU32_WriteUART3(buffer);
      DesAng = des_ang;
9d003020:	0f403039 	jal	9d00c0e4 <__floatsisf>
9d003024:	8fa401b0 	lw	a0,432(sp)
9d003028:	af828044 	sw	v0,-32700(gp)
      set_mode(HOLD);
9d00302c:	0f402640 	jal	9d009900 <set_mode>
9d003030:	24040003 	li	a0,3

9d003034 <.LVL154>:
      __builtin_enable_interrupts();
9d003034:	41626020 	ei	v0

9d003038 <.LBE20>:
  while (1)
  {
    int i;
    // TRISDbits.TRISD2 = 0;		// make RD2 digital output to test 200Hz Controller
    // ODCDbits.ODCD2 = 0;				//Set as a buffered output (high or low)
    NU32_ReadUART3(buffer, BUF_SIZE); // we expect the next character to be a menu command
9d003038:	0b400abf 	j	9d002afc <.LVL93+0x24>
9d00303c:	27a40020 	addiu	a0,sp,32

9d003040 <.LBB21>:
      __builtin_enable_interrupts();
      break;
    }
    case 'm': //Store step trajectory
    {
      set_mode(IDLE);
9d003040:	0f402640 	jal	9d009900 <set_mode>
9d003044:	00002021 	move	a0,zero

9d003048 <.LVL155>:
      int traj_N=0;
9d003048:	afa001b4 	sw	zero,436(sp)
      float traj_samp=0;
9d00304c:	00001821 	move	v1,zero
9d003050:	afa301b0 	sw	v1,432(sp)
      NU32_ReadUART3(message, BUF_SIZE); // wait for a message from MATLAB
9d003054:	27a400e8 	addiu	a0,sp,232
9d003058:	0f4026f8 	jal	9d009be0 <NU32_ReadUART3>
9d00305c:	240500c8 	li	a1,200

9d003060 <.LVL156>:
      sscanf(message, "%d", &traj_N);    //store the number of samples we are expecting locally
9d003060:	27a400e8 	addiu	a0,sp,232
9d003064:	3c059d01 	lui	a1,0x9d01
9d003068:	24a5be08 	addiu	a1,a1,-16888
9d00306c:	0f402f64 	jal	9d00bd90 <_sscanf_cdfFnopuxX>
9d003070:	27a601b4 	addiu	a2,sp,436

9d003074 <.LVL157>:
      __builtin_disable_interrupts();
9d003074:	41626000 	di	v0
9d003078:	000000c0 	ehb
      
      Traj_N = traj_N;                   //Update globally
9d00307c:	8fa201b4 	lw	v0,436(sp)
9d003080:	af828038 	sw	v0,-32712(gp)
      /*store each element */
      int t;
      for (t = 0; t < traj_N; t++)
9d003084:	18400014 	blez	v0,9d0030d8 <.LVL161+0x24>
9d003088:	00000000 	nop
9d00308c:	00008021 	move	s0,zero
      {
        /*store each element into the array*/
        NU32_ReadUART3(message, BUF_SIZE); // wait for a message from MATLAB
        sscanf(message, "%f", &traj_samp); //store the current ref sample locally
9d003090:	3c119d01 	lui	s1,0x9d01
9d003094:	2631be24 	addiu	s1,s1,-16860
      /*store each element */
      int t;
      for (t = 0; t < traj_N; t++)
      {
        /*store each element into the array*/
        NU32_ReadUART3(message, BUF_SIZE); // wait for a message from MATLAB
9d003098:	27a400e8 	addiu	a0,sp,232
9d00309c:	0f4026f8 	jal	9d009be0 <NU32_ReadUART3>
9d0030a0:	240500c8 	li	a1,200

9d0030a4 <.LVL160>:
        sscanf(message, "%f", &traj_samp); //store the current ref sample locally
9d0030a4:	27a400e8 	addiu	a0,sp,232
9d0030a8:	02202821 	move	a1,s1
9d0030ac:	0f402f64 	jal	9d00bd90 <_sscanf_cdfFnopuxX>
9d0030b0:	27a601b0 	addiu	a2,sp,432

9d0030b4 <.LVL161>:
        TrajREFarray[t] = traj_samp;       //store it in the global array
9d0030b4:	00101080 	sll	v0,s0,0x2
9d0030b8:	00521021 	addu	v0,v0,s2
9d0030bc:	8fa301b0 	lw	v1,432(sp)
9d0030c0:	ac430000 	sw	v1,0(v0)
      __builtin_disable_interrupts();
      
      Traj_N = traj_N;                   //Update globally
      /*store each element */
      int t;
      for (t = 0; t < traj_N; t++)
9d0030c4:	26100001 	addiu	s0,s0,1
9d0030c8:	8fa201b4 	lw	v0,436(sp)
9d0030cc:	0202102a 	slt	v0,s0,v0
9d0030d0:	5440fff2 	bnezl	v0,9d00309c <.LVL157+0x28>
9d0030d4:	27a400e8 	addiu	a0,sp,232
        TrajREFarray[t] = traj_samp;       //store it in the global array
      }
      
      // sprintf(message, "%d\r\n", traj_N);
      // NU32_WriteUART3(message);
      tcounter = 0; //reset the counter
9d0030d8:	af808034 	sw	zero,-32716(gp)
      __builtin_enable_interrupts();
9d0030dc:	41626020 	ei	v0

9d0030e0 <.LBE21>:
  while (1)
  {
    int i;
    // TRISDbits.TRISD2 = 0;		// make RD2 digital output to test 200Hz Controller
    // ODCDbits.ODCD2 = 0;				//Set as a buffered output (high or low)
    NU32_ReadUART3(buffer, BUF_SIZE); // we expect the next character to be a menu command
9d0030e0:	0b400abf 	j	9d002afc <.LVL93+0x24>
9d0030e4:	27a40020 	addiu	a0,sp,32

9d0030e8 <.LBB22>:
      __builtin_enable_interrupts();
      break;
    }
    case 'n': //Store cubic trajectory
    {
      set_mode(IDLE);
9d0030e8:	0f402640 	jal	9d009900 <set_mode>
9d0030ec:	00002021 	move	a0,zero

9d0030f0 <.LVL164>:
      int traj_N=0; 
9d0030f0:	afa001b4 	sw	zero,436(sp)
      float traj_samp=0;
9d0030f4:	00001021 	move	v0,zero
9d0030f8:	afa201b0 	sw	v0,432(sp)
      __builtin_disable_interrupts();
9d0030fc:	41626000 	di	v0
9d003100:	000000c0 	ehb
      NU32_ReadUART3(message, BUF_SIZE); // wait for a message from MATLAB
9d003104:	27a400e8 	addiu	a0,sp,232
9d003108:	0f4026f8 	jal	9d009be0 <NU32_ReadUART3>
9d00310c:	240500c8 	li	a1,200

9d003110 <.LVL165>:
      sscanf(message, "%d", &traj_N);    //store the number of samples we are expecting locally
9d003110:	27a400e8 	addiu	a0,sp,232
9d003114:	3c059d01 	lui	a1,0x9d01
9d003118:	24a5be08 	addiu	a1,a1,-16888
9d00311c:	0f402f64 	jal	9d00bd90 <_sscanf_cdfFnopuxX>
9d003120:	27a601b4 	addiu	a2,sp,436

9d003124 <.LVL166>:
      Traj_N = traj_N;                   //Update globally
9d003124:	8fa201b4 	lw	v0,436(sp)
9d003128:	af828038 	sw	v0,-32712(gp)
      /*store each element */
      int t;
      for (t = 0; t < traj_N; t++)
9d00312c:	18400014 	blez	v0,9d003180 <.LVL170+0x24>
9d003130:	00000000 	nop
9d003134:	00008021 	move	s0,zero
      {
        /*store each element into the array*/
        NU32_ReadUART3(message, BUF_SIZE); // wait for a message from MATLAB
        sscanf(message, "%f", &traj_samp); //store the current ref sample locally
9d003138:	3c119d01 	lui	s1,0x9d01
9d00313c:	2631be24 	addiu	s1,s1,-16860
      /*store each element */
      int t;
      for (t = 0; t < traj_N; t++)
      {
        /*store each element into the array*/
        NU32_ReadUART3(message, BUF_SIZE); // wait for a message from MATLAB
9d003140:	27a400e8 	addiu	a0,sp,232
9d003144:	0f4026f8 	jal	9d009be0 <NU32_ReadUART3>
9d003148:	240500c8 	li	a1,200

9d00314c <.LVL169>:
        sscanf(message, "%f", &traj_samp); //store the current ref sample locally
9d00314c:	27a400e8 	addiu	a0,sp,232
9d003150:	02202821 	move	a1,s1
9d003154:	0f402f64 	jal	9d00bd90 <_sscanf_cdfFnopuxX>
9d003158:	27a601b0 	addiu	a2,sp,432

9d00315c <.LVL170>:
        TrajREFarray[t] = traj_samp;       //store it in the global array
9d00315c:	00101080 	sll	v0,s0,0x2
9d003160:	00521021 	addu	v0,v0,s2
9d003164:	8fa301b0 	lw	v1,432(sp)
9d003168:	ac430000 	sw	v1,0(v0)
      NU32_ReadUART3(message, BUF_SIZE); // wait for a message from MATLAB
      sscanf(message, "%d", &traj_N);    //store the number of samples we are expecting locally
      Traj_N = traj_N;                   //Update globally
      /*store each element */
      int t;
      for (t = 0; t < traj_N; t++)
9d00316c:	26100001 	addiu	s0,s0,1
9d003170:	8fa201b4 	lw	v0,436(sp)
9d003174:	0202102a 	slt	v0,s0,v0
9d003178:	5440fff2 	bnezl	v0,9d003144 <.LVL166+0x20>
9d00317c:	27a400e8 	addiu	a0,sp,232
        TrajREFarray[t] = traj_samp;       //store it in the global array
      }
      
      // sprintf(message, "%d\r\n", traj_N);
      // NU32_WriteUART3(message);
      tcounter = 0; //reset the counter
9d003180:	af808034 	sw	zero,-32716(gp)
      __builtin_enable_interrupts();
9d003184:	41626020 	ei	v0

9d003188 <.LBE22>:
  while (1)
  {
    int i;
    // TRISDbits.TRISD2 = 0;		// make RD2 digital output to test 200Hz Controller
    // ODCDbits.ODCD2 = 0;				//Set as a buffered output (high or low)
    NU32_ReadUART3(buffer, BUF_SIZE); // we expect the next character to be a menu command
9d003188:	0b400abf 	j	9d002afc <.LVL93+0x24>
9d00318c:	27a40020 	addiu	a0,sp,32
      __builtin_enable_interrupts();
      break;
    }
    case 'o': //Execute trajectory
    {
      encoder_reset();
9d003190:	0f402906 	jal	9d00a418 <encoder_reset>
9d003194:	24100004 	li	s0,4

9d003198 <.LVL173>:
      set_mode(TRACK);
9d003198:	0f402640 	jal	9d009900 <set_mode>
9d00319c:	24040004 	li	a0,4

9d0031a0 <.LVL174>:
      while (get_mode() == TRACK)
9d0031a0:	0f402642 	jal	9d009908 <get_mode>
9d0031a4:	00000000 	nop

9d0031a8 <.LVL175>:
9d0031a8:	1050fffd 	beq	v0,s0,9d0031a0 <.LVL174>
9d0031ac:	00000000 	nop
      {
        ; //wait to get all data
      }
      int i;
      /*Send the shits to matlab (current)*/
      sprintf(message, "%d\r\n", Traj_N);
9d0031b0:	8f868038 	lw	a2,-32712(gp)
9d0031b4:	27a400e8 	addiu	a0,sp,232
9d0031b8:	3c039d01 	lui	v1,0x9d01
9d0031bc:	0f402f9e 	jal	9d00be78 <_sprintf_cdfFnopuxX>
9d0031c0:	2465be0c 	addiu	a1,v1,-16884

9d0031c4 <.LVL176>:
      NU32_WriteUART3(message); 
9d0031c4:	0f402715 	jal	9d009c54 <NU32_WriteUART3>
9d0031c8:	27a400e8 	addiu	a0,sp,232

9d0031cc <.LVL177>:
      for (i = 0; i < Traj_N; i++)
9d0031cc:	8f828038 	lw	v0,-32712(gp)
9d0031d0:	1840fe49 	blez	v0,9d002af8 <.LVL93+0x20>
9d0031d4:	0000b021 	move	s6,zero
      { // send plot data to MATLAB
        sprintf(message, "%f %f\r\n", TrajREFarray[i], TrajSAMParray[i]);
9d0031d8:	3c1e9d01 	lui	s8,0x9d01
9d0031dc:	27debe30 	addiu	s8,s8,-16848
9d0031e0:	00161080 	sll	v0,s6,0x2
9d0031e4:	00521821 	addu	v1,v0,s2
9d0031e8:	8c640000 	lw	a0,0(v1)
9d0031ec:	00531021 	addu	v0,v0,s3
9d0031f0:	8c570000 	lw	s7,0(v0)
9d0031f4:	0f402ce5 	jal	9d00b394 <__extendsfdf2>
9d0031f8:	26d60001 	addiu	s6,s6,1
9d0031fc:	00408021 	move	s0,v0
9d003200:	00608821 	move	s1,v1
9d003204:	0f402ce5 	jal	9d00b394 <__extendsfdf2>
9d003208:	02e02021 	move	a0,s7
9d00320c:	afa20010 	sw	v0,16(sp)
9d003210:	afa30014 	sw	v1,20(sp)
9d003214:	27a400e8 	addiu	a0,sp,232
9d003218:	03c02821 	move	a1,s8
9d00321c:	02003021 	move	a2,s0
9d003220:	0f402f9e 	jal	9d00be78 <_sprintf_cdfFnopuxX>
9d003224:	02203821 	move	a3,s1

9d003228 <.LVL181>:
        NU32_WriteUART3(message);
9d003228:	0f402715 	jal	9d009c54 <NU32_WriteUART3>
9d00322c:	27a400e8 	addiu	a0,sp,232

9d003230 <.LVL182>:
      }
      int i;
      /*Send the shits to matlab (current)*/
      sprintf(message, "%d\r\n", Traj_N);
      NU32_WriteUART3(message); 
      for (i = 0; i < Traj_N; i++)
9d003230:	8f828038 	lw	v0,-32712(gp)
9d003234:	02c2102a 	slt	v0,s6,v0
9d003238:	1440ffea 	bnez	v0,9d0031e4 <.LVL177+0x18>
9d00323c:	00161080 	sll	v0,s6,0x2
9d003240:	0b400abf 	j	9d002afc <.LVL93+0x24>
9d003244:	27a40020 	addiu	a0,sp,32
      }
      break;
    }
    default:
    {
      NU32_LED2 = 0; // turn on LED2 to indicate an error
9d003248:	92826160 	lbu	v0,24928(s4)
9d00324c:	7c020844 	ins	v0,zero,0x1,0x1
9d003250:	a2826160 	sb	v0,24928(s4)
      break;
9d003254:	0b400abf 	j	9d002afc <.LVL93+0x24>
9d003258:	27a40020 	addiu	a0,sp,32

Disassembly of section .text.do_scan:

9d00325c <do_scan>:
9d00325c:	27bdff00 	addiu	sp,sp,-256
9d003260:	afbf00fc 	sw	ra,252(sp)
9d003264:	afbe00f8 	sw	s8,248(sp)
9d003268:	afb700f4 	sw	s7,244(sp)
9d00326c:	afb600f0 	sw	s6,240(sp)
9d003270:	afb500ec 	sw	s5,236(sp)
9d003274:	afb400e8 	sw	s4,232(sp)
9d003278:	afb300e4 	sw	s3,228(sp)
9d00327c:	afb200e0 	sw	s2,224(sp)
9d003280:	afb100dc 	sw	s1,220(sp)
9d003284:	afb000d8 	sw	s0,216(sp)
9d003288:	00809821 	move	s3,a0
9d00328c:	8c820018 	lw	v0,24(a0)
9d003290:	00a08021 	move	s0,a1
9d003294:	24050002 	li	a1,2
9d003298:	8c420010 	lw	v0,16(v0)
9d00329c:	0040f809 	jalr	v0
9d0032a0:	00c08821 	move	s1,a2
9d0032a4:	104000a2 	beqz	v0,9d003530 <do_scan+0x2d4>
9d0032a8:	2402ffff 	li	v0,-1
9d0032ac:	afb30098 	sw	s3,152(sp)
9d0032b0:	afa2009c 	sw	v0,156(sp)
9d0032b4:	afb100a4 	sw	s1,164(sp)
9d0032b8:	afa000ac 	sw	zero,172(sp)
9d0032bc:	afa000b0 	sw	zero,176(sp)
9d0032c0:	afa000a8 	sw	zero,168(sp)
9d0032c4:	02002821 	move	a1,s0
9d0032c8:	0000f021 	move	s8,zero
9d0032cc:	3c109d01 	lui	s0,0x9d01
9d0032d0:	2610aa81 	addiu	s0,s0,-21887
9d0032d4:	3c159d00 	lui	s5,0x9d00
9d0032d8:	24a20001 	addiu	v0,a1,1
9d0032dc:	afa200a0 	sw	v0,160(sp)
9d0032e0:	80b10000 	lb	s1,0(a1)
9d0032e4:	12200012 	beqz	s1,9d003330 <do_scan+0xd4>
9d0032e8:	26b53454 	addiu	s5,s5,13396
9d0032ec:	17c00010 	bnez	s8,9d003330 <do_scan+0xd4>
9d0032f0:	24020025 	li	v0,37
9d0032f4:	12220033 	beq	s1,v0,9d0033c4 <do_scan+0x168>
9d0032f8:	02301021 	addu	v0,s1,s0
9d0032fc:	80420000 	lb	v0,0(v0)
9d003300:	30420088 	andi	v0,v0,0x88
9d003304:	10400021 	beqz	v0,9d00338c <do_scan+0x130>
9d003308:	27a40098 	addiu	a0,sp,152
9d00330c:	0f402d89 	jal	9d00b624 <_eat_white>
9d003310:	00000000 	nop
9d003314:	0040f021 	move	s8,v0
9d003318:	8fa500a0 	lw	a1,160(sp)
9d00331c:	24a20001 	addiu	v0,a1,1
9d003320:	afa200a0 	sw	v0,160(sp)
9d003324:	80b10000 	lb	s1,0(a1)
9d003328:	1620fff0 	bnez	s1,9d0032ec <do_scan+0x90>
9d00332c:	00000000 	nop
9d003330:	8fa4009c 	lw	a0,156(sp)
9d003334:	2402ffff 	li	v0,-1
9d003338:	10820005 	beq	a0,v0,9d003350 <do_scan+0xf4>
9d00333c:	00000000 	nop
9d003340:	96620010 	lhu	v0,16(s3)
9d003344:	30420080 	andi	v0,v0,0x80
9d003348:	1040008d 	beqz	v0,9d003580 <do_scan+0x324>
9d00334c:	2402ffff 	li	v0,-1
9d003350:	13c20075 	beq	s8,v0,9d003528 <do_scan+0x2cc>
9d003354:	8fa200ac 	lw	v0,172(sp)
9d003358:	8fa200b0 	lw	v0,176(sp)
9d00335c:	8fbf00fc 	lw	ra,252(sp)
9d003360:	8fbe00f8 	lw	s8,248(sp)
9d003364:	8fb700f4 	lw	s7,244(sp)
9d003368:	8fb600f0 	lw	s6,240(sp)
9d00336c:	8fb500ec 	lw	s5,236(sp)
9d003370:	8fb400e8 	lw	s4,232(sp)
9d003374:	8fb300e4 	lw	s3,228(sp)
9d003378:	8fb200e0 	lw	s2,224(sp)
9d00337c:	8fb100dc 	lw	s1,220(sp)
9d003380:	8fb000d8 	lw	s0,216(sp)
9d003384:	03e00008 	jr	ra
9d003388:	27bd0100 	addiu	sp,sp,256
9d00338c:	0f403007 	jal	9d00c01c <gsgetc>
9d003390:	00000000 	nop
9d003394:	2403ffff 	li	v1,-1
9d003398:	504301cf 	beql	v0,v1,9d003ad8 <do_scan+0x87c>
9d00339c:	241effff 	li	s8,-1
9d0033a0:	5222ffde 	beql	s1,v0,9d00331c <do_scan+0xc0>
9d0033a4:	8fa500a0 	lw	a1,160(sp)
9d0033a8:	afa2009c 	sw	v0,156(sp)
9d0033ac:	241e0001 	li	s8,1
9d0033b0:	8fa200a8 	lw	v0,168(sp)
9d0033b4:	2442ffff 	addiu	v0,v0,-1
9d0033b8:	afa200a8 	sw	v0,168(sp)
9d0033bc:	0b400cc7 	j	9d00331c <do_scan+0xc0>
9d0033c0:	8fa500a0 	lw	a1,160(sp)
9d0033c4:	24a20002 	addiu	v0,a1,2
9d0033c8:	afa200a0 	sw	v0,160(sp)
9d0033cc:	80b20001 	lb	s2,1(a1)
9d0033d0:	125101a2 	beq	s2,s1,9d003a5c <do_scan+0x800>
9d0033d4:	2402002a 	li	v0,42
9d0033d8:	124200dd 	beq	s2,v0,9d003750 <do_scan+0x4f4>
9d0033dc:	00008821 	move	s1,zero
9d0033e0:	02121021 	addu	v0,s0,s2
9d0033e4:	90420000 	lbu	v0,0(v0)
9d0033e8:	30420004 	andi	v0,v0,0x4
9d0033ec:	144000c1 	bnez	v0,9d0036f4 <do_scan+0x498>
9d0033f0:	3c167fff 	lui	s6,0x7fff
9d0033f4:	36d6ffff 	ori	s6,s6,0xffff
9d0033f8:	24020068 	li	v0,104
9d0033fc:	124200cc 	beq	s2,v0,9d003730 <do_scan+0x4d4>
9d003400:	afb600d0 	sw	s6,208(sp)
9d003404:	2a420069 	slti	v0,s2,105
9d003408:	144000b2 	bnez	v0,9d0036d4 <do_scan+0x478>
9d00340c:	2402006c 	li	v0,108
9d003410:	12420054 	beq	s2,v0,9d003564 <do_scan+0x308>
9d003414:	8fa300a0 	lw	v1,160(sp)
9d003418:	24020071 	li	v0,113
9d00341c:	16420005 	bne	s2,v0,9d003434 <do_scan+0x1d8>
9d003420:	8fa200a0 	lw	v0,160(sp)
9d003424:	36310800 	ori	s1,s1,0x800
9d003428:	24430001 	addiu	v1,v0,1
9d00342c:	afa300a0 	sw	v1,160(sp)
9d003430:	80520000 	lb	s2,0(v0)
9d003434:	2652ffbc 	addiu	s2,s2,-68
9d003438:	2e420035 	sltiu	v0,s2,53
9d00343c:	104001bf 	beqz	v0,9d003b3c <do_scan+0x8e0>
9d003440:	00129080 	sll	s2,s2,0x2
9d003444:	02b29021 	addu	s2,s5,s2
9d003448:	8e420000 	lw	v0,0(s2)
9d00344c:	00400008 	jr	v0
9d003450:	00000000 	nop
9d003454:	9d00359c 	0x9d00359c
9d003458:	9d00386c 	0x9d00386c
9d00345c:	9d00386c 	0x9d00386c
9d003460:	9d00386c 	0x9d00386c
9d003464:	9d003b3c 	0x9d003b3c
9d003468:	9d003b3c 	0x9d003b3c
9d00346c:	9d003b3c 	0x9d003b3c
9d003470:	9d003b3c 	0x9d003b3c
9d003474:	9d003b3c 	0x9d003b3c
9d003478:	9d003b3c 	0x9d003b3c
9d00347c:	9d003b3c 	0x9d003b3c
9d003480:	9d00385c 	0x9d00385c
9d003484:	9d003b3c 	0x9d003b3c
9d003488:	9d003b3c 	0x9d003b3c
9d00348c:	9d003b3c 	0x9d003b3c
9d003490:	9d003b3c 	0x9d003b3c
9d003494:	9d003b3c 	0x9d003b3c
9d003498:	9d00384c 	0x9d00384c
9d00349c:	9d003b3c 	0x9d003b3c
9d0034a0:	9d003b3c 	0x9d003b3c
9d0034a4:	9d003840 	0x9d003840
9d0034a8:	9d003b3c 	0x9d003b3c
9d0034ac:	9d003b3c 	0x9d003b3c
9d0034b0:	9d0037b0 	0x9d0037b0
9d0034b4:	9d003b3c 	0x9d003b3c
9d0034b8:	9d003b3c 	0x9d003b3c
9d0034bc:	9d003b3c 	0x9d003b3c
9d0034c0:	9d003b3c 	0x9d003b3c
9d0034c4:	9d003b3c 	0x9d003b3c
9d0034c8:	9d003b3c 	0x9d003b3c
9d0034cc:	9d003b3c 	0x9d003b3c
9d0034d0:	9d003770 	0x9d003770
9d0034d4:	9d0035a0 	0x9d0035a0
9d0034d8:	9d00386c 	0x9d00386c
9d0034dc:	9d00386c 	0x9d00386c
9d0034e0:	9d00386c 	0x9d00386c
9d0034e4:	9d003b3c 	0x9d003b3c
9d0034e8:	9d0037d8 	0x9d0037d8
9d0034ec:	9d003b3c 	0x9d003b3c
9d0034f0:	9d003b3c 	0x9d003b3c
9d0034f4:	9d003b3c 	0x9d003b3c
9d0034f8:	9d003b3c 	0x9d003b3c
9d0034fc:	9d0037e4 	0x9d0037e4
9d003500:	9d003764 	0x9d003764
9d003504:	9d003840 	0x9d003840
9d003508:	9d003b3c 	0x9d003b3c
9d00350c:	9d003b3c 	0x9d003b3c
9d003510:	9d003820 	0x9d003820
9d003514:	9d003b3c 	0x9d003b3c
9d003518:	9d0035a4 	0x9d0035a4
9d00351c:	9d003b3c 	0x9d003b3c
9d003520:	9d003b3c 	0x9d003b3c
9d003524:	9d003840 	0x9d003840
9d003528:	1440ff8c 	bnez	v0,9d00335c <do_scan+0x100>
9d00352c:	8fa200b0 	lw	v0,176(sp)
9d003530:	2402ffff 	li	v0,-1
9d003534:	8fbf00fc 	lw	ra,252(sp)
9d003538:	8fbe00f8 	lw	s8,248(sp)
9d00353c:	8fb700f4 	lw	s7,244(sp)
9d003540:	8fb600f0 	lw	s6,240(sp)
9d003544:	8fb500ec 	lw	s5,236(sp)
9d003548:	8fb400e8 	lw	s4,232(sp)
9d00354c:	8fb300e4 	lw	s3,228(sp)
9d003550:	8fb200e0 	lw	s2,224(sp)
9d003554:	8fb100dc 	lw	s1,220(sp)
9d003558:	8fb000d8 	lw	s0,216(sp)
9d00355c:	03e00008 	jr	ra
9d003560:	27bd0100 	addiu	sp,sp,256
9d003564:	24640001 	addiu	a0,v1,1
9d003568:	afa400a0 	sw	a0,160(sp)
9d00356c:	80720000 	lb	s2,0(v1)
9d003570:	12420119 	beq	s2,v0,9d0039d8 <do_scan+0x77c>
9d003574:	24620002 	addiu	v0,v1,2
9d003578:	0b400d0d 	j	9d003434 <do_scan+0x1d8>
9d00357c:	36310200 	ori	s1,s1,0x200
9d003580:	0f40297d 	jal	9d00a5f4 <ungetc>
9d003584:	8fa50098 	lw	a1,152(sp)
9d003588:	2402ffff 	li	v0,-1
9d00358c:	57c2ff73 	bnel	s8,v0,9d00335c <do_scan+0x100>
9d003590:	8fa200b0 	lw	v0,176(sp)
9d003594:	0b400d4a 	j	9d003528 <do_scan+0x2cc>
9d003598:	8fa200ac 	lw	v0,172(sp)
9d00359c:	36310200 	ori	s1,s1,0x200
9d0035a0:	36311000 	ori	s1,s1,0x1000
9d0035a4:	2403000a 	li	v1,10
9d0035a8:	afa300d4 	sw	v1,212(sp)
9d0035ac:	0f402d89 	jal	9d00b624 <_eat_white>
9d0035b0:	27a40098 	addiu	a0,sp,152
9d0035b4:	1440ff58 	bnez	v0,9d003318 <do_scan+0xbc>
9d0035b8:	0040f021 	move	s8,v0
9d0035bc:	27a40018 	addiu	a0,sp,24
9d0035c0:	afa400cc 	sw	a0,204(sp)
9d0035c4:	8fa200d0 	lw	v0,208(sp)
9d0035c8:	1440010b 	bnez	v0,9d0039f8 <do_scan+0x79c>
9d0035cc:	00009021 	move	s2,zero
9d0035d0:	27b60018 	addiu	s6,sp,24
9d0035d4:	8fa300d4 	lw	v1,212(sp)
9d0035d8:	106000fa 	beqz	v1,9d0039c4 <do_scan+0x768>
9d0035dc:	2417ffff 	li	s7,-1
9d0035e0:	24020010 	li	v0,16
9d0035e4:	8fa300d4 	lw	v1,212(sp)
9d0035e8:	1062015a 	beq	v1,v0,9d003b54 <do_scan+0x8f8>
9d0035ec:	24020030 	li	v0,48
9d0035f0:	24020008 	li	v0,8
9d0035f4:	8fa300d4 	lw	v1,212(sp)
9d0035f8:	146200f5 	bne	v1,v0,9d0039d0 <do_scan+0x774>
9d0035fc:	3c029d01 	lui	v0,0x9d01
9d003600:	24030008 	li	v1,8
9d003604:	afa300d4 	sw	v1,212(sp)
9d003608:	3c049d01 	lui	a0,0x9d01
9d00360c:	2494c584 	addiu	s4,a0,-14972
9d003610:	2403ffff 	li	v1,-1
9d003614:	12e30009 	beq	s7,v1,9d00363c <do_scan+0x3e0>
9d003618:	02802021 	move	a0,s4
9d00361c:	0f402ba2 	jal	9d00ae88 <strchr>
9d003620:	02e02821 	move	a1,s7
9d003624:	1040011d 	beqz	v0,9d003a9c <do_scan+0x840>
9d003628:	26c20001 	addiu	v0,s6,1
9d00362c:	afa200cc 	sw	v0,204(sp)
9d003630:	16400121 	bnez	s2,9d003ab8 <do_scan+0x85c>
9d003634:	a2d70000 	sb	s7,0(s6)
9d003638:	8fb600cc 	lw	s6,204(sp)
9d00363c:	a2c00000 	sb	zero,0(s6)
9d003640:	2417ffff 	li	s7,-1
9d003644:	32340800 	andi	s4,s1,0x800
9d003648:	32361000 	andi	s6,s1,0x1000
9d00364c:	27a40018 	addiu	a0,sp,24
9d003650:	27a500cc 	addiu	a1,sp,204
9d003654:	1280010a 	beqz	s4,9d003a80 <do_scan+0x824>
9d003658:	8fa600d4 	lw	a2,212(sp)
9d00365c:	12c00126 	beqz	s6,9d003af8 <do_scan+0x89c>
9d003660:	00000000 	nop
9d003664:	0f401f51 	jal	9d007d44 <.LFE23>
9d003668:	00000000 	nop
9d00366c:	00402021 	move	a0,v0
9d003670:	00602821 	move	a1,v1
9d003674:	00001021 	move	v0,zero
9d003678:	8fa300ac 	lw	v1,172(sp)
9d00367c:	24630001 	addiu	v1,v1,1
9d003680:	afa300ac 	sw	v1,172(sp)
9d003684:	8fa300d0 	lw	v1,208(sp)
9d003688:	10720115 	beq	v1,s2,9d003ae0 <do_scan+0x884>
9d00368c:	32230001 	andi	v1,s1,0x1
9d003690:	5460ff22 	bnezl	v1,9d00331c <do_scan+0xc0>
9d003694:	8fa500a0 	lw	a1,160(sp)
9d003698:	56800122 	bnezl	s4,9d003b24 <do_scan+0x8c8>
9d00369c:	8fa200a4 	lw	v0,164(sp)
9d0036a0:	32230200 	andi	v1,s1,0x200
9d0036a4:	10600171 	beqz	v1,9d003c6c <do_scan+0xa10>
9d0036a8:	32230100 	andi	v1,s1,0x100
9d0036ac:	8fa300a4 	lw	v1,164(sp)
9d0036b0:	24640004 	addiu	a0,v1,4
9d0036b4:	afa400a4 	sw	a0,164(sp)
9d0036b8:	8c630000 	lw	v1,0(v1)
9d0036bc:	ac620000 	sw	v0,0(v1)
9d0036c0:	8fa200b0 	lw	v0,176(sp)
9d0036c4:	24420001 	addiu	v0,v0,1
9d0036c8:	afa200b0 	sw	v0,176(sp)
9d0036cc:	0b400cc7 	j	9d00331c <do_scan+0xc0>
9d0036d0:	8fa500a0 	lw	a1,160(sp)
9d0036d4:	2402004c 	li	v0,76
9d0036d8:	1642ff56 	bne	s2,v0,9d003434 <do_scan+0x1d8>
9d0036dc:	8fa200a0 	lw	v0,160(sp)
9d0036e0:	36310400 	ori	s1,s1,0x400
9d0036e4:	24430001 	addiu	v1,v0,1
9d0036e8:	afa300a0 	sw	v1,160(sp)
9d0036ec:	0b400d0d 	j	9d003434 <do_scan+0x1d8>
9d0036f0:	80520000 	lb	s2,0(v0)
9d0036f4:	27a500a0 	addiu	a1,sp,160
9d0036f8:	2406000a 	li	a2,10
9d0036fc:	8fa200a0 	lw	v0,160(sp)
9d003700:	2442ffff 	addiu	v0,v0,-1
9d003704:	00402021 	move	a0,v0
9d003708:	0f402338 	jal	9d008ce0 <strtoul>
9d00370c:	afa200a0 	sw	v0,160(sp)
9d003710:	afa200d0 	sw	v0,208(sp)
9d003714:	8fa200a0 	lw	v0,160(sp)
9d003718:	24430001 	addiu	v1,v0,1
9d00371c:	afa300a0 	sw	v1,160(sp)
9d003720:	80520000 	lb	s2,0(v0)
9d003724:	24020068 	li	v0,104
9d003728:	5642ff37 	bnel	s2,v0,9d003408 <do_scan+0x1ac>
9d00372c:	2a420069 	slti	v0,s2,105
9d003730:	8fa300a0 	lw	v1,160(sp)
9d003734:	24640001 	addiu	a0,v1,1
9d003738:	afa400a0 	sw	a0,160(sp)
9d00373c:	80720000 	lb	s2,0(v1)
9d003740:	124200a9 	beq	s2,v0,9d0039e8 <do_scan+0x78c>
9d003744:	24620002 	addiu	v0,v1,2
9d003748:	0b400d0d 	j	9d003434 <do_scan+0x1d8>
9d00374c:	36310100 	ori	s1,s1,0x100
9d003750:	24a20003 	addiu	v0,a1,3
9d003754:	afa200a0 	sw	v0,160(sp)
9d003758:	80b20002 	lb	s2,2(a1)
9d00375c:	0b400cf8 	j	9d0033e0 <do_scan+0x184>
9d003760:	24110001 	li	s1,1
9d003764:	24030008 	li	v1,8
9d003768:	0b400d6b 	j	9d0035ac <do_scan+0x350>
9d00376c:	afa300d4 	sw	v1,212(sp)
9d003770:	3c077fff 	lui	a3,0x7fff
9d003774:	34e7ffff 	ori	a3,a3,0xffff
9d003778:	8fa300d0 	lw	v1,208(sp)
9d00377c:	00673826 	xor	a3,v1,a3
9d003780:	27a20098 	addiu	v0,sp,152
9d003784:	afa20010 	sw	v0,16(sp)
9d003788:	00002021 	move	a0,zero
9d00378c:	00002821 	move	a1,zero
9d003790:	02203021 	move	a2,s1
9d003794:	24020001 	li	v0,1
9d003798:	0047180a 	movz	v1,v0,a3
9d00379c:	0f402297 	jal	9d008a5c <_strtostr>
9d0037a0:	00603821 	move	a3,v1
9d0037a4:	0040f021 	move	s8,v0
9d0037a8:	0b400cc7 	j	9d00331c <do_scan+0xc0>
9d0037ac:	8fa500a0 	lw	a1,160(sp)
9d0037b0:	27a20098 	addiu	v0,sp,152
9d0037b4:	afa20010 	sw	v0,16(sp)
9d0037b8:	24040002 	li	a0,2
9d0037bc:	24050001 	li	a1,1
9d0037c0:	02203021 	move	a2,s1
9d0037c4:	0f402297 	jal	9d008a5c <_strtostr>
9d0037c8:	8fa700d0 	lw	a3,208(sp)
9d0037cc:	0040f021 	move	s8,v0
9d0037d0:	0b400cc7 	j	9d00331c <do_scan+0xc0>
9d0037d4:	8fa500a0 	lw	a1,160(sp)
9d0037d8:	36311000 	ori	s1,s1,0x1000
9d0037dc:	0b400d6b 	j	9d0035ac <do_scan+0x350>
9d0037e0:	afa000d4 	sw	zero,212(sp)
9d0037e4:	32220001 	andi	v0,s1,0x1
9d0037e8:	1440fecc 	bnez	v0,9d00331c <do_scan+0xc0>
9d0037ec:	8fa500a0 	lw	a1,160(sp)
9d0037f0:	32230800 	andi	v1,s1,0x800
9d0037f4:	10600113 	beqz	v1,9d003c44 <do_scan+0x9e8>
9d0037f8:	8fa200a8 	lw	v0,168(sp)
9d0037fc:	8fa300a4 	lw	v1,164(sp)
9d003800:	000227c3 	sra	a0,v0,0x1f
9d003804:	24650004 	addiu	a1,v1,4
9d003808:	afa500a4 	sw	a1,164(sp)
9d00380c:	8c630000 	lw	v1,0(v1)
9d003810:	ac620000 	sw	v0,0(v1)
9d003814:	ac640004 	sw	a0,4(v1)
9d003818:	0b400cc7 	j	9d00331c <do_scan+0xc0>
9d00381c:	8fa500a0 	lw	a1,160(sp)
9d003820:	0f402d89 	jal	9d00b624 <_eat_white>
9d003824:	27a40098 	addiu	a0,sp,152
9d003828:	1440febb 	bnez	v0,9d003318 <do_scan+0xbc>
9d00382c:	0040f021 	move	s8,v0
9d003830:	27a20098 	addiu	v0,sp,152
9d003834:	afa20010 	sw	v0,16(sp)
9d003838:	0b400def 	j	9d0037bc <do_scan+0x560>
9d00383c:	24040001 	li	a0,1
9d003840:	24030010 	li	v1,16
9d003844:	0b400d6b 	j	9d0035ac <do_scan+0x350>
9d003848:	afa300d4 	sw	v1,212(sp)
9d00384c:	36310200 	ori	s1,s1,0x200
9d003850:	2403000a 	li	v1,10
9d003854:	0b400d6b 	j	9d0035ac <do_scan+0x350>
9d003858:	afa300d4 	sw	v1,212(sp)
9d00385c:	36310200 	ori	s1,s1,0x200
9d003860:	24030008 	li	v1,8
9d003864:	0b400d6b 	j	9d0035ac <do_scan+0x350>
9d003868:	afa300d4 	sw	v1,212(sp)
9d00386c:	0f402d89 	jal	9d00b624 <_eat_white>
9d003870:	27a40098 	addiu	a0,sp,152
9d003874:	1440fea8 	bnez	v0,9d003318 <do_scan+0xbc>
9d003878:	0040f021 	move	s8,v0
9d00387c:	8fa400d0 	lw	a0,208(sp)
9d003880:	afa400b8 	sw	a0,184(sp)
9d003884:	27a20098 	addiu	v0,sp,152
9d003888:	afa200b4 	sw	v0,180(sp)
9d00388c:	27a20018 	addiu	v0,sp,24
9d003890:	afa200bc 	sw	v0,188(sp)
9d003894:	afa000c0 	sw	zero,192(sp)
9d003898:	24020080 	li	v0,128
9d00389c:	afa200c4 	sw	v0,196(sp)
9d0038a0:	1480010a 	bnez	a0,9d003ccc <do_scan+0xa70>
9d0038a4:	afa000c8 	sw	zero,200(sp)
9d0038a8:	3c049d01 	lui	a0,0x9d01
9d0038ac:	2482aa80 	addiu	v0,a0,-21888
9d0038b0:	2416ffff 	li	s6,-1
9d0038b4:	0000a021 	move	s4,zero
9d0038b8:	0b400e34 	j	9d0038d0 <do_scan+0x674>
9d0038bc:	27b200b4 	addiu	s2,sp,180
9d0038c0:	0f402a5d 	jal	9d00a974 <putget.2782>
9d0038c4:	02c02021 	move	a0,s6
9d0038c8:	0040b021 	move	s6,v0
9d0038cc:	02021021 	addu	v0,s0,v0
9d0038d0:	90420000 	lbu	v0,0(v0)
9d0038d4:	30420004 	andi	v0,v0,0x4
9d0038d8:	1440fff9 	bnez	v0,9d0038c0 <do_scan+0x664>
9d0038dc:	02407821 	move	t7,s2
9d0038e0:	2402002e 	li	v0,46
9d0038e4:	12c20136 	beq	s6,v0,9d003dc0 <do_scan+0xb64>
9d0038e8:	8fa200c8 	lw	v0,200(sp)
9d0038ec:	00541023 	subu	v0,v0,s4
9d0038f0:	18400005 	blez	v0,9d003908 <do_scan+0x6ac>
9d0038f4:	2404ffdf 	li	a0,-33
9d0038f8:	02c41824 	and	v1,s6,a0
9d0038fc:	24020045 	li	v0,69
9d003900:	1062010b 	beq	v1,v0,9d003d30 <do_scan+0xad4>
9d003904:	02407821 	move	t7,s2
9d003908:	02407821 	move	t7,s2
9d00390c:	0f402a5d 	jal	9d00a974 <putget.2782>
9d003910:	00002021 	move	a0,zero
9d003914:	2402ffff 	li	v0,-1
9d003918:	12c20008 	beq	s6,v0,9d00393c <do_scan+0x6e0>
9d00391c:	8fa200b4 	lw	v0,180(sp)
9d003920:	8c430010 	lw	v1,16(v0)
9d003924:	8fa400b8 	lw	a0,184(sp)
9d003928:	24840001 	addiu	a0,a0,1
9d00392c:	afa400b8 	sw	a0,184(sp)
9d003930:	2463ffff 	addiu	v1,v1,-1
9d003934:	ac560004 	sw	s6,4(v0)
9d003938:	ac430010 	sw	v1,16(v0)
9d00393c:	8fa200c8 	lw	v0,200(sp)
9d003940:	0054a023 	subu	s4,v0,s4
9d003944:	1a8000f8 	blez	s4,9d003d28 <do_scan+0xacc>
9d003948:	8fa200b4 	lw	v0,180(sp)
9d00394c:	32230001 	andi	v1,s1,0x1
9d003950:	8c440014 	lw	a0,20(v0)
9d003954:	24840001 	addiu	a0,a0,1
9d003958:	14600012 	bnez	v1,9d0039a4 <do_scan+0x748>
9d00395c:	ac440014 	sw	a0,20(v0)
9d003960:	32230400 	andi	v1,s1,0x400
9d003964:	1460012a 	bnez	v1,9d003e10 <do_scan+0xbb4>
9d003968:	8fa400bc 	lw	a0,188(sp)
9d00396c:	32310200 	andi	s1,s1,0x200
9d003970:	8c43000c 	lw	v1,12(v0)
9d003974:	00002821 	move	a1,zero
9d003978:	24660004 	addiu	a2,v1,4
9d00397c:	1220011d 	beqz	s1,9d003df4 <do_scan+0xb98>
9d003980:	ac46000c 	sw	a2,12(v0)
9d003984:	0f4031c0 	jal	9d00c700 <strtod>
9d003988:	8c710000 	lw	s1,0(v1)
9d00398c:	ae220000 	sw	v0,0(s1)
9d003990:	ae230004 	sw	v1,4(s1)
9d003994:	8fa200b4 	lw	v0,180(sp)
9d003998:	8c430018 	lw	v1,24(v0)
9d00399c:	24630001 	addiu	v1,v1,1
9d0039a0:	ac430018 	sw	v1,24(v0)
9d0039a4:	8fa400c0 	lw	a0,192(sp)
9d0039a8:	5080fe5c 	beqzl	a0,9d00331c <do_scan+0xc0>
9d0039ac:	8fa500a0 	lw	a1,160(sp)
9d0039b0:	0f4023d8 	jal	9d008f60 <free>
9d0039b4:	00000000 	nop
9d0039b8:	0b400cc7 	j	9d00331c <do_scan+0xc0>
9d0039bc:	8fa500a0 	lw	a1,160(sp)
9d0039c0:	2417ffff 	li	s7,-1
9d0039c4:	2403000a 	li	v1,10
9d0039c8:	afa300d4 	sw	v1,212(sp)
9d0039cc:	3c029d01 	lui	v0,0x9d01
9d0039d0:	0b400d84 	j	9d003610 <do_scan+0x3b4>
9d0039d4:	2454c5a8 	addiu	s4,v0,-14936
9d0039d8:	afa200a0 	sw	v0,160(sp)
9d0039dc:	80720001 	lb	s2,1(v1)
9d0039e0:	0b400d0d 	j	9d003434 <do_scan+0x1d8>
9d0039e4:	36310800 	ori	s1,s1,0x800
9d0039e8:	afa200a0 	sw	v0,160(sp)
9d0039ec:	80720001 	lb	s2,1(v1)
9d0039f0:	0b400d0d 	j	9d003434 <do_scan+0x1d8>
9d0039f4:	36310080 	ori	s1,s1,0x80
9d0039f8:	0f403007 	jal	9d00c01c <gsgetc>
9d0039fc:	27a40098 	addiu	a0,sp,152
9d003a00:	0040b821 	move	s7,v0
9d003a04:	2402ffff 	li	v0,-1
9d003a08:	12e2004f 	beq	s7,v0,9d003b48 <do_scan+0x8ec>
9d003a0c:	8fa300d0 	lw	v1,208(sp)
9d003a10:	2402002b 	li	v0,43
9d003a14:	16e2010a 	bne	s7,v0,9d003e40 <do_scan+0xbe4>
9d003a18:	2472ffff 	addiu	s2,v1,-1
9d003a1c:	8fa200cc 	lw	v0,204(sp)
9d003a20:	24430001 	addiu	v1,v0,1
9d003a24:	afa300cc 	sw	v1,204(sp)
9d003a28:	16400063 	bnez	s2,9d003bb8 <do_scan+0x95c>
9d003a2c:	a0570000 	sb	s7,0(v0)
9d003a30:	8fa300d4 	lw	v1,212(sp)
9d003a34:	1060ffe2 	beqz	v1,9d0039c0 <do_scan+0x764>
9d003a38:	8fb600cc 	lw	s6,204(sp)
9d003a3c:	24020010 	li	v0,16
9d003a40:	1462feeb 	bne	v1,v0,9d0035f0 <do_scan+0x394>
9d003a44:	2417ffff 	li	s7,-1
9d003a48:	24030010 	li	v1,16
9d003a4c:	afa300d4 	sw	v1,212(sp)
9d003a50:	3c049d01 	lui	a0,0x9d01
9d003a54:	0b400d84 	j	9d003610 <do_scan+0x3b4>
9d003a58:	2494c590 	addiu	s4,a0,-14960
9d003a5c:	0f403007 	jal	9d00c01c <gsgetc>
9d003a60:	27a40098 	addiu	a0,sp,152
9d003a64:	2403ffff 	li	v1,-1
9d003a68:	5043001b 	beql	v0,v1,9d003ad8 <do_scan+0x87c>
9d003a6c:	241effff 	li	s8,-1
9d003a70:	5452fe4e 	bnel	v0,s2,9d0033ac <do_scan+0x150>
9d003a74:	afa2009c 	sw	v0,156(sp)
9d003a78:	0b400cc7 	j	9d00331c <do_scan+0xc0>
9d003a7c:	8fa500a0 	lw	a1,160(sp)
9d003a80:	12c00023 	beqz	s6,9d003b10 <do_scan+0x8b4>
9d003a84:	00000000 	nop
9d003a88:	0f402477 	jal	9d0091dc <strtol>
9d003a8c:	00000000 	nop
9d003a90:	00002021 	move	a0,zero
9d003a94:	0b400d9e 	j	9d003678 <do_scan+0x41c>
9d003a98:	00002821 	move	a1,zero
9d003a9c:	a2c00000 	sb	zero,0(s6)
9d003aa0:	26520001 	addiu	s2,s2,1
9d003aa4:	afb7009c 	sw	s7,156(sp)
9d003aa8:	8fa200a8 	lw	v0,168(sp)
9d003aac:	2442ffff 	addiu	v0,v0,-1
9d003ab0:	0b400d91 	j	9d003644 <do_scan+0x3e8>
9d003ab4:	afa200a8 	sw	v0,168(sp)
9d003ab8:	0f403007 	jal	9d00c01c <gsgetc>
9d003abc:	27a40098 	addiu	a0,sp,152
9d003ac0:	0040b821 	move	s7,v0
9d003ac4:	00021027 	nor	v0,zero,v0
9d003ac8:	8fb600cc 	lw	s6,204(sp)
9d003acc:	0002102b 	sltu	v0,zero,v0
9d003ad0:	0b400d84 	j	9d003610 <do_scan+0x3b4>
9d003ad4:	02429023 	subu	s2,s2,v0
9d003ad8:	0b400cc7 	j	9d00331c <do_scan+0xc0>
9d003adc:	8fa500a0 	lw	a1,160(sp)
9d003ae0:	241effff 	li	s8,-1
9d003ae4:	00174027 	nor	t0,zero,s7
9d003ae8:	24020001 	li	v0,1
9d003aec:	0048f00b 	movn	s8,v0,t0
9d003af0:	0b400cc7 	j	9d00331c <do_scan+0xc0>
9d003af4:	8fa500a0 	lw	a1,160(sp)
9d003af8:	0f4021d4 	jal	9d008750 <strtoull>
9d003afc:	00000000 	nop
9d003b00:	00402021 	move	a0,v0
9d003b04:	00602821 	move	a1,v1
9d003b08:	0b400d9e 	j	9d003678 <do_scan+0x41c>
9d003b0c:	00001021 	move	v0,zero
9d003b10:	0f402338 	jal	9d008ce0 <strtoul>
9d003b14:	00000000 	nop
9d003b18:	00002021 	move	a0,zero
9d003b1c:	0b400d9e 	j	9d003678 <do_scan+0x41c>
9d003b20:	00002821 	move	a1,zero
9d003b24:	24430004 	addiu	v1,v0,4
9d003b28:	afa300a4 	sw	v1,164(sp)
9d003b2c:	8c420000 	lw	v0,0(v0)
9d003b30:	ac440000 	sw	a0,0(v0)
9d003b34:	0b400db0 	j	9d0036c0 <do_scan+0x464>
9d003b38:	ac450004 	sw	a1,4(v0)
9d003b3c:	241e0001 	li	s8,1
9d003b40:	0b400cc7 	j	9d00331c <do_scan+0xc0>
9d003b44:	8fa500a0 	lw	a1,160(sp)
9d003b48:	8fb600cc 	lw	s6,204(sp)
9d003b4c:	0b400d75 	j	9d0035d4 <do_scan+0x378>
9d003b50:	8fb200d0 	lw	s2,208(sp)
9d003b54:	16e2ffbd 	bne	s7,v0,9d003a4c <do_scan+0x7f0>
9d003b58:	24030010 	li	v1,16
9d003b5c:	26c20001 	addiu	v0,s6,1
9d003b60:	afa200cc 	sw	v0,204(sp)
9d003b64:	16400004 	bnez	s2,9d003b78 <do_scan+0x91c>
9d003b68:	a2d70000 	sb	s7,0(s6)
9d003b6c:	8fb600cc 	lw	s6,204(sp)
9d003b70:	0b400e92 	j	9d003a48 <do_scan+0x7ec>
9d003b74:	2417ffff 	li	s7,-1
9d003b78:	0f403007 	jal	9d00c01c <gsgetc>
9d003b7c:	27a40098 	addiu	a0,sp,152
9d003b80:	2416ffff 	li	s6,-1
9d003b84:	1056fff9 	beq	v0,s6,9d003b6c <do_scan+0x910>
9d003b88:	0040b821 	move	s7,v0
9d003b8c:	2404ffdf 	li	a0,-33
9d003b90:	00441824 	and	v1,v0,a0
9d003b94:	24020058 	li	v0,88
9d003b98:	146200a6 	bne	v1,v0,9d003e34 <do_scan+0xbd8>
9d003b9c:	2654ffff 	addiu	s4,s2,-1
9d003ba0:	16800080 	bnez	s4,9d003da4 <do_scan+0xb48>
9d003ba4:	00000000 	nop
9d003ba8:	8fb600cc 	lw	s6,204(sp)
9d003bac:	00009021 	move	s2,zero
9d003bb0:	0b400e92 	j	9d003a48 <do_scan+0x7ec>
9d003bb4:	2417ffff 	li	s7,-1
9d003bb8:	0f403007 	jal	9d00c01c <gsgetc>
9d003bbc:	27a40098 	addiu	a0,sp,152
9d003bc0:	0040b821 	move	s7,v0
9d003bc4:	2402ffff 	li	v0,-1
9d003bc8:	12e2ff9a 	beq	s7,v0,9d003a34 <do_scan+0x7d8>
9d003bcc:	8fa300d4 	lw	v1,212(sp)
9d003bd0:	8fb600cc 	lw	s6,204(sp)
9d003bd4:	8fa400d0 	lw	a0,208(sp)
9d003bd8:	2492fffe 	addiu	s2,a0,-2
9d003bdc:	8fa300d4 	lw	v1,212(sp)
9d003be0:	1460fe81 	bnez	v1,9d0035e8 <do_scan+0x38c>
9d003be4:	24020010 	li	v0,16
9d003be8:	24020030 	li	v0,48
9d003bec:	16e2ff76 	bne	s7,v0,9d0039c8 <do_scan+0x76c>
9d003bf0:	2403000a 	li	v1,10
9d003bf4:	26c20001 	addiu	v0,s6,1
9d003bf8:	afa200cc 	sw	v0,204(sp)
9d003bfc:	16400004 	bnez	s2,9d003c10 <do_scan+0x9b4>
9d003c00:	a2d70000 	sb	s7,0(s6)
9d003c04:	2417ffff 	li	s7,-1
9d003c08:	0b400d80 	j	9d003600 <do_scan+0x3a4>
9d003c0c:	8fb600cc 	lw	s6,204(sp)
9d003c10:	0f403007 	jal	9d00c01c <gsgetc>
9d003c14:	27a40098 	addiu	a0,sp,152
9d003c18:	2416ffff 	li	s6,-1
9d003c1c:	1056fff9 	beq	v0,s6,9d003c04 <do_scan+0x9a8>
9d003c20:	0040b821 	move	s7,v0
9d003c24:	2404ffdf 	li	a0,-33
9d003c28:	00441824 	and	v1,v0,a0
9d003c2c:	24020058 	li	v0,88
9d003c30:	1062ffdb 	beq	v1,v0,9d003ba0 <do_scan+0x944>
9d003c34:	2654ffff 	addiu	s4,s2,-1
9d003c38:	02809021 	move	s2,s4
9d003c3c:	0b400d80 	j	9d003600 <do_scan+0x3a4>
9d003c40:	8fb600cc 	lw	s6,204(sp)
9d003c44:	32230200 	andi	v1,s1,0x200
9d003c48:	10600010 	beqz	v1,9d003c8c <do_scan+0xa30>
9d003c4c:	32230100 	andi	v1,s1,0x100
9d003c50:	8fa300a4 	lw	v1,164(sp)
9d003c54:	24640004 	addiu	a0,v1,4
9d003c58:	afa400a4 	sw	a0,164(sp)
9d003c5c:	8c630000 	lw	v1,0(v1)
9d003c60:	ac620000 	sw	v0,0(v1)
9d003c64:	0b400cc7 	j	9d00331c <do_scan+0xc0>
9d003c68:	8fa500a0 	lw	a1,160(sp)
9d003c6c:	10600010 	beqz	v1,9d003cb0 <do_scan+0xa54>
9d003c70:	32310080 	andi	s1,s1,0x80
9d003c74:	8fa300a4 	lw	v1,164(sp)
9d003c78:	24640004 	addiu	a0,v1,4
9d003c7c:	afa400a4 	sw	a0,164(sp)
9d003c80:	8c630000 	lw	v1,0(v1)
9d003c84:	0b400db0 	j	9d0036c0 <do_scan+0x464>
9d003c88:	a4620000 	sh	v0,0(v1)
9d003c8c:	1060003d 	beqz	v1,9d003d84 <do_scan+0xb28>
9d003c90:	32310080 	andi	s1,s1,0x80
9d003c94:	8fa300a4 	lw	v1,164(sp)
9d003c98:	24640004 	addiu	a0,v1,4
9d003c9c:	afa400a4 	sw	a0,164(sp)
9d003ca0:	8c630000 	lw	v1,0(v1)
9d003ca4:	a4620000 	sh	v0,0(v1)
9d003ca8:	0b400cc7 	j	9d00331c <do_scan+0xc0>
9d003cac:	8fa500a0 	lw	a1,160(sp)
9d003cb0:	8fa300a4 	lw	v1,164(sp)
9d003cb4:	24640004 	addiu	a0,v1,4
9d003cb8:	afa400a4 	sw	a0,164(sp)
9d003cbc:	1220002f 	beqz	s1,9d003d7c <do_scan+0xb20>
9d003cc0:	8c630000 	lw	v1,0(v1)
9d003cc4:	0b400db0 	j	9d0036c0 <do_scan+0x464>
9d003cc8:	a0620000 	sb	v0,0(v1)
9d003ccc:	0f403007 	jal	9d00c01c <gsgetc>
9d003cd0:	27a40098 	addiu	a0,sp,152
9d003cd4:	0040b021 	move	s6,v0
9d003cd8:	2402ffff 	li	v0,-1
9d003cdc:	52c2fef3 	beql	s6,v0,9d0038ac <do_scan+0x650>
9d003ce0:	3c049d01 	lui	a0,0x9d01
9d003ce4:	8fa200b8 	lw	v0,184(sp)
9d003ce8:	2442ffff 	addiu	v0,v0,-1
9d003cec:	afa200b8 	sw	v0,184(sp)
9d003cf0:	2402002b 	li	v0,43
9d003cf4:	56c20057 	bnel	s6,v0,9d003e54 <do_scan+0xbf8>
9d003cf8:	2402002d 	li	v0,45
9d003cfc:	27b200b4 	addiu	s2,sp,180
9d003d00:	02407821 	move	t7,s2
9d003d04:	0f402a5d 	jal	9d00a974 <putget.2782>
9d003d08:	02c02021 	move	a0,s6
9d003d0c:	0040b021 	move	s6,v0
9d003d10:	24420001 	addiu	v0,v0,1
9d003d14:	3c049d01 	lui	a0,0x9d01
9d003d18:	2483aa80 	addiu	v1,a0,-21888
9d003d1c:	00621021 	addu	v0,v1,v0
9d003d20:	0b400e34 	j	9d0038d0 <do_scan+0x674>
9d003d24:	24140001 	li	s4,1
9d003d28:	0b400e69 	j	9d0039a4 <do_scan+0x748>
9d003d2c:	241e0001 	li	s8,1
9d003d30:	0f402a5d 	jal	9d00a974 <putget.2782>
9d003d34:	02c02021 	move	a0,s6
9d003d38:	0040b021 	move	s6,v0
9d003d3c:	2402002d 	li	v0,45
9d003d40:	12c20003 	beq	s6,v0,9d003d50 <do_scan+0xaf4>
9d003d44:	2402002b 	li	v0,43
9d003d48:	16c20006 	bne	s6,v0,9d003d64 <do_scan+0xb08>
9d003d4c:	02161021 	addu	v0,s0,s6
9d003d50:	02407821 	move	t7,s2
9d003d54:	0f402a5d 	jal	9d00a974 <putget.2782>
9d003d58:	02c02021 	move	a0,s6
9d003d5c:	0040b021 	move	s6,v0
9d003d60:	02161021 	addu	v0,s0,s6
9d003d64:	90420000 	lbu	v0,0(v0)
9d003d68:	30420004 	andi	v0,v0,0x4
9d003d6c:	1440fff9 	bnez	v0,9d003d54 <do_scan+0xaf8>
9d003d70:	02407821 	move	t7,s2
9d003d74:	0b400e43 	j	9d00390c <do_scan+0x6b0>
9d003d78:	00000000 	nop
9d003d7c:	0b400db0 	j	9d0036c0 <do_scan+0x464>
9d003d80:	ac620000 	sw	v0,0(v1)
9d003d84:	8fa300a4 	lw	v1,164(sp)
9d003d88:	24640004 	addiu	a0,v1,4
9d003d8c:	afa400a4 	sw	a0,164(sp)
9d003d90:	1220001c 	beqz	s1,9d003e04 <do_scan+0xba8>
9d003d94:	8c630000 	lw	v1,0(v1)
9d003d98:	a0620000 	sb	v0,0(v1)
9d003d9c:	0b400cc7 	j	9d00331c <do_scan+0xc0>
9d003da0:	8fa500a0 	lw	a1,160(sp)
9d003da4:	0f403007 	jal	9d00c01c <gsgetc>
9d003da8:	27a40098 	addiu	a0,sp,152
9d003dac:	10560021 	beq	v0,s6,9d003e34 <do_scan+0xbd8>
9d003db0:	0040b821 	move	s7,v0
9d003db4:	2652fffe 	addiu	s2,s2,-2
9d003db8:	0b400e92 	j	9d003a48 <do_scan+0x7ec>
9d003dbc:	8fb600cc 	lw	s6,204(sp)
9d003dc0:	0b400f73 	j	9d003dcc <do_scan+0xb70>
9d003dc4:	2404002e 	li	a0,46
9d003dc8:	02c02021 	move	a0,s6
9d003dcc:	0f402a5d 	jal	9d00a974 <putget.2782>
9d003dd0:	00000000 	nop
9d003dd4:	0040b021 	move	s6,v0
9d003dd8:	02021021 	addu	v0,s0,v0
9d003ddc:	90420000 	lbu	v0,0(v0)
9d003de0:	30420004 	andi	v0,v0,0x4
9d003de4:	1440fff8 	bnez	v0,9d003dc8 <do_scan+0xb6c>
9d003de8:	02407821 	move	t7,s2
9d003dec:	0b400e3b 	j	9d0038ec <do_scan+0x690>
9d003df0:	8fa200c8 	lw	v0,200(sp)
9d003df4:	0f4031c7 	jal	9d00c71c <strtof>
9d003df8:	8c710000 	lw	s1,0(v1)
9d003dfc:	0b400e65 	j	9d003994 <do_scan+0x738>
9d003e00:	ae220000 	sw	v0,0(s1)
9d003e04:	ac620000 	sw	v0,0(v1)
9d003e08:	0b400cc7 	j	9d00331c <do_scan+0xc0>
9d003e0c:	8fa500a0 	lw	a1,160(sp)
9d003e10:	8c43000c 	lw	v1,12(v0)
9d003e14:	00002821 	move	a1,zero
9d003e18:	24660004 	addiu	a2,v1,4
9d003e1c:	ac46000c 	sw	a2,12(v0)
9d003e20:	0f4031c0 	jal	9d00c700 <strtod>
9d003e24:	8c710000 	lw	s1,0(v1)
9d003e28:	ae220000 	sw	v0,0(s1)
9d003e2c:	0b400e65 	j	9d003994 <do_scan+0x738>
9d003e30:	ae230004 	sw	v1,4(s1)
9d003e34:	8fb600cc 	lw	s6,204(sp)
9d003e38:	0b400e92 	j	9d003a48 <do_scan+0x7ec>
9d003e3c:	02809021 	move	s2,s4
9d003e40:	2402002d 	li	v0,45
9d003e44:	12e2fef6 	beq	s7,v0,9d003a20 <do_scan+0x7c4>
9d003e48:	8fa200cc 	lw	v0,204(sp)
9d003e4c:	0b400ef7 	j	9d003bdc <do_scan+0x980>
9d003e50:	8fb600cc 	lw	s6,204(sp)
9d003e54:	52c2ffaa 	beql	s6,v0,9d003d00 <do_scan+0xaa4>
9d003e58:	27b200b4 	addiu	s2,sp,180
9d003e5c:	26c20001 	addiu	v0,s6,1
9d003e60:	3c049d01 	lui	a0,0x9d01
9d003e64:	2483aa80 	addiu	v1,a0,-21888
9d003e68:	0b400e2d 	j	9d0038b4 <do_scan+0x658>
9d003e6c:	00621021 	addu	v0,v1,v0

Disassembly of section .text._do_print_cdfFnopuxX:

9d003e70 <_do_print_cdfFnopuxX>:
9d003e70:	27bdff58 	addiu	sp,sp,-168
9d003e74:	afbf00a4 	sw	ra,164(sp)
9d003e78:	afbe00a0 	sw	s8,160(sp)
9d003e7c:	afb7009c 	sw	s7,156(sp)
9d003e80:	afb60098 	sw	s6,152(sp)
9d003e84:	afb50094 	sw	s5,148(sp)
9d003e88:	afb40090 	sw	s4,144(sp)
9d003e8c:	afb3008c 	sw	s3,140(sp)
9d003e90:	afb20088 	sw	s2,136(sp)
9d003e94:	afb10084 	sw	s1,132(sp)
9d003e98:	afb00080 	sw	s0,128(sp)
9d003e9c:	afa400a8 	sw	a0,168(sp)
9d003ea0:	8c820018 	lw	v0,24(a0)
9d003ea4:	00a09021 	move	s2,a1
9d003ea8:	24050001 	li	a1,1
9d003eac:	8c420010 	lw	v0,16(v0)
9d003eb0:	0040f809 	jalr	v0
9d003eb4:	afa600b0 	sw	a2,176(sp)
9d003eb8:	104001ab 	beqz	v0,9d004568 <_do_print_cdfFnopuxX+0x6f8>
9d003ebc:	27a20060 	addiu	v0,sp,96
9d003ec0:	afa00070 	sw	zero,112(sp)
9d003ec4:	afa20068 	sw	v0,104(sp)
9d003ec8:	82440000 	lb	a0,0(s2)
9d003ecc:	1080000d 	beqz	a0,9d003f04 <_do_print_cdfFnopuxX+0x94>
9d003ed0:	26500001 	addiu	s0,s2,1
9d003ed4:	24020025 	li	v0,37
9d003ed8:	5082001c 	beql	a0,v0,9d003f4c <_do_print_cdfFnopuxX+0xdc>
9d003edc:	82450001 	lb	a1,1(s2)
9d003ee0:	0f402cba 	jal	9d00b2e8 <.LCFI8>
9d003ee4:	8fa500a8 	lw	a1,168(sp)
9d003ee8:	8fa30070 	lw	v1,112(sp)
9d003eec:	24630001 	addiu	v1,v1,1
9d003ef0:	afa30070 	sw	v1,112(sp)
9d003ef4:	02009021 	move	s2,s0
9d003ef8:	82440000 	lb	a0,0(s2)
9d003efc:	1480fff5 	bnez	a0,9d003ed4 <_do_print_cdfFnopuxX+0x64>
9d003f00:	26500001 	addiu	s0,s2,1
9d003f04:	8fa400a8 	lw	a0,168(sp)
9d003f08:	94820010 	lhu	v0,16(a0)
9d003f0c:	30420040 	andi	v0,v0,0x40
9d003f10:	14400196 	bnez	v0,9d00456c <_do_print_cdfFnopuxX+0x6fc>
9d003f14:	2402ffff 	li	v0,-1
9d003f18:	8fa20070 	lw	v0,112(sp)
9d003f1c:	8fbf00a4 	lw	ra,164(sp)
9d003f20:	8fbe00a0 	lw	s8,160(sp)
9d003f24:	8fb7009c 	lw	s7,156(sp)
9d003f28:	8fb60098 	lw	s6,152(sp)
9d003f2c:	8fb50094 	lw	s5,148(sp)
9d003f30:	8fb40090 	lw	s4,144(sp)
9d003f34:	8fb3008c 	lw	s3,140(sp)
9d003f38:	8fb20088 	lw	s2,136(sp)
9d003f3c:	8fb10084 	lw	s1,132(sp)
9d003f40:	8fb00080 	lw	s0,128(sp)
9d003f44:	03e00008 	jr	ra
9d003f48:	27bd00a8 	addiu	sp,sp,168
9d003f4c:	10a4017a 	beq	a1,a0,9d004538 <_do_print_cdfFnopuxX+0x6c8>
9d003f50:	0000b821 	move	s7,zero
9d003f54:	2402002d 	li	v0,45
9d003f58:	2403002b 	li	v1,43
9d003f5c:	24040020 	li	a0,32
9d003f60:	24060023 	li	a2,35
9d003f64:	10a2000e 	beq	a1,v0,9d003fa0 <_do_print_cdfFnopuxX+0x130>
9d003f68:	24070030 	li	a3,48
9d003f6c:	50a30010 	beql	a1,v1,9d003fb0 <_do_print_cdfFnopuxX+0x140>
9d003f70:	36f70002 	ori	s7,s7,0x2
9d003f74:	50a40011 	beql	a1,a0,9d003fbc <_do_print_cdfFnopuxX+0x14c>
9d003f78:	36f70001 	ori	s7,s7,0x1
9d003f7c:	50a60012 	beql	a1,a2,9d003fc8 <_do_print_cdfFnopuxX+0x158>
9d003f80:	36f70800 	ori	s7,s7,0x800
9d003f84:	54a70013 	bnel	a1,a3,9d003fd4 <_do_print_cdfFnopuxX+0x164>
9d003f88:	2402002a 	li	v0,42
9d003f8c:	36f70004 	ori	s7,s7,0x4
9d003f90:	26100001 	addiu	s0,s0,1
9d003f94:	82050000 	lb	a1,0(s0)
9d003f98:	14a2fff4 	bne	a1,v0,9d003f6c <_do_print_cdfFnopuxX+0xfc>
9d003f9c:	00000000 	nop
9d003fa0:	36f70008 	ori	s7,s7,0x8
9d003fa4:	26100001 	addiu	s0,s0,1
9d003fa8:	0b400fe6 	j	9d003f98 <_do_print_cdfFnopuxX+0x128>
9d003fac:	82050000 	lb	a1,0(s0)
9d003fb0:	26100001 	addiu	s0,s0,1
9d003fb4:	0b400fe6 	j	9d003f98 <_do_print_cdfFnopuxX+0x128>
9d003fb8:	82050000 	lb	a1,0(s0)
9d003fbc:	26100001 	addiu	s0,s0,1
9d003fc0:	0b400fe6 	j	9d003f98 <_do_print_cdfFnopuxX+0x128>
9d003fc4:	82050000 	lb	a1,0(s0)
9d003fc8:	26100001 	addiu	s0,s0,1
9d003fcc:	0b400fe6 	j	9d003f98 <_do_print_cdfFnopuxX+0x128>
9d003fd0:	82050000 	lb	a1,0(s0)
9d003fd4:	10a20147 	beq	a1,v0,9d0044f4 <_do_print_cdfFnopuxX+0x684>
9d003fd8:	02001821 	move	v1,s0
9d003fdc:	24a2ffd0 	addiu	v0,a1,-48
9d003fe0:	2c42000a 	sltiu	v0,v0,10
9d003fe4:	1040000b 	beqz	v0,9d004014 <_do_print_cdfFnopuxX+0x1a4>
9d003fe8:	0000b021 	move	s6,zero
9d003fec:	00161040 	sll	v0,s6,0x1
9d003ff0:	001640c0 	sll	t0,s6,0x3
9d003ff4:	00484021 	addu	t0,v0,t0
9d003ff8:	26100001 	addiu	s0,s0,1
9d003ffc:	01054021 	addu	t0,t0,a1
9d004000:	82050000 	lb	a1,0(s0)
9d004004:	24a2ffd0 	addiu	v0,a1,-48
9d004008:	2c42000a 	sltiu	v0,v0,10
9d00400c:	1440fff7 	bnez	v0,9d003fec <_do_print_cdfFnopuxX+0x17c>
9d004010:	2516ffd0 	addiu	s6,t0,-48
9d004014:	2402002e 	li	v0,46
9d004018:	10a20122 	beq	a1,v0,9d0044a4 <_do_print_cdfFnopuxX+0x634>
9d00401c:	241effff 	li	s8,-1
9d004020:	24020068 	li	v0,104
9d004024:	10a2010d 	beq	a1,v0,9d00445c <_do_print_cdfFnopuxX+0x5ec>
9d004028:	2402006c 	li	v0,108
9d00402c:	10a2013b 	beq	a1,v0,9d00451c <_do_print_cdfFnopuxX+0x6ac>
9d004030:	24020071 	li	v0,113
9d004034:	10a20148 	beq	a1,v0,9d004558 <_do_print_cdfFnopuxX+0x6e8>
9d004038:	2402004c 	li	v0,76
9d00403c:	50a201c6 	beql	a1,v0,9d004758 <_do_print_cdfFnopuxX+0x8e8>
9d004040:	82050001 	lb	a1,1(s0)
9d004044:	32e30002 	andi	v1,s7,0x2
9d004048:	32e2fffe 	andi	v0,s7,0xfffe
9d00404c:	0043b80b 	movn	s7,v0,v1
9d004050:	24a2ffbc 	addiu	v0,a1,-68
9d004054:	32e60008 	andi	a2,s7,0x8
9d004058:	32e4fffb 	andi	a0,s7,0xfffb
9d00405c:	2c430035 	sltiu	v1,v0,53
9d004060:	26120001 	addiu	s2,s0,1
9d004064:	1060010d 	beqz	v1,9d00449c <_do_print_cdfFnopuxX+0x62c>
9d004068:	0086b80b 	movn	s7,a0,a2
9d00406c:	00021080 	sll	v0,v0,0x2
9d004070:	3c049d00 	lui	a0,0x9d00
9d004074:	24844088 	addiu	a0,a0,16520
9d004078:	00821021 	addu	v0,a0,v0
9d00407c:	8c420000 	lw	v0,0(v0)
9d004080:	00400008 	jr	v0
9d004084:	00000000 	nop
9d004088:	9d004448 	0x9d004448
9d00408c:	9d00449c 	0x9d00449c
9d004090:	9d0043ec 	0x9d0043ec
9d004094:	9d00449c 	0x9d00449c
9d004098:	9d00449c 	0x9d00449c
9d00409c:	9d00449c 	0x9d00449c
9d0040a0:	9d00449c 	0x9d00449c
9d0040a4:	9d00449c 	0x9d00449c
9d0040a8:	9d00449c 	0x9d00449c
9d0040ac:	9d00449c 	0x9d00449c
9d0040b0:	9d00449c 	0x9d00449c
9d0040b4:	9d0046cc 	0x9d0046cc
9d0040b8:	9d0043dc 	0x9d0043dc
9d0040bc:	9d00449c 	0x9d00449c
9d0040c0:	9d00449c 	0x9d00449c
9d0040c4:	9d00449c 	0x9d00449c
9d0040c8:	9d00449c 	0x9d00449c
9d0040cc:	9d004310 	0x9d004310
9d0040d0:	9d00449c 	0x9d00449c
9d0040d4:	9d00449c 	0x9d00449c
9d0040d8:	9d00415c 	0x9d00415c
9d0040dc:	9d00449c 	0x9d00449c
9d0040e0:	9d00449c 	0x9d00449c
9d0040e4:	9d00449c 	0x9d00449c
9d0040e8:	9d00449c 	0x9d00449c
9d0040ec:	9d00449c 	0x9d00449c
9d0040f0:	9d00449c 	0x9d00449c
9d0040f4:	9d00449c 	0x9d00449c
9d0040f8:	9d00449c 	0x9d00449c
9d0040fc:	9d00449c 	0x9d00449c
9d004100:	9d00449c 	0x9d00449c
9d004104:	9d00468c 	0x9d00468c
9d004108:	9d00444c 	0x9d00444c
9d00410c:	9d00449c 	0x9d00449c
9d004110:	9d0043f0 	0x9d0043f0
9d004114:	9d00449c 	0x9d00449c
9d004118:	9d00449c 	0x9d00449c
9d00411c:	9d00444c 	0x9d00444c
9d004120:	9d00449c 	0x9d00449c
9d004124:	9d00449c 	0x9d00449c
9d004128:	9d00449c 	0x9d00449c
9d00412c:	9d00449c 	0x9d00449c
9d004130:	9d0045d0 	0x9d0045d0
9d004134:	9d0045c8 	0x9d0045c8
9d004138:	9d0043e0 	0x9d0043e0
9d00413c:	9d00449c 	0x9d00449c
9d004140:	9d00449c 	0x9d00449c
9d004144:	9d004618 	0x9d004618
9d004148:	9d00449c 	0x9d00449c
9d00414c:	9d004314 	0x9d004314
9d004150:	9d00449c 	0x9d00449c
9d004154:	9d00449c 	0x9d00449c
9d004158:	9d004160 	0x9d004160
9d00415c:	36f70020 	ori	s7,s7,0x20
9d004160:	24100010 	li	s0,16
9d004164:	2402ffff 	li	v0,-1
9d004168:	13c2006f 	beq	s8,v0,9d004328 <_do_print_cdfFnopuxX+0x4b8>
9d00416c:	00002821 	move	a1,zero
9d004170:	32f7fffb 	andi	s7,s7,0xfffb
9d004174:	27c5ffff 	addiu	a1,s8,-1
9d004178:	32e200c0 	andi	v0,s7,0xc0
9d00417c:	1040006e 	beqz	v0,9d004338 <_do_print_cdfFnopuxX+0x4c8>
9d004180:	afa20074 	sw	v0,116(sp)
9d004184:	7c171620 	seh	v0,s7
9d004188:	0440017d 	bltz	v0,9d004780 <_do_print_cdfFnopuxX+0x910>
9d00418c:	32e20010 	andi	v0,s7,0x10
9d004190:	14400108 	bnez	v0,9d0045b4 <_do_print_cdfFnopuxX+0x744>
9d004194:	8fa200b0 	lw	v0,176(sp)
9d004198:	32e20041 	andi	v0,s7,0x41
9d00419c:	104001a5 	beqz	v0,9d004834 <_do_print_cdfFnopuxX+0x9c4>
9d0041a0:	8fa400b0 	lw	a0,176(sp)
9d0041a4:	8fa300b0 	lw	v1,176(sp)
9d0041a8:	8c750000 	lw	s5,0(v1)
9d0041ac:	24630004 	addiu	v1,v1,4
9d0041b0:	afa300b0 	sw	v1,176(sp)
9d0041b4:	0015a7c3 	sra	s4,s5,0x1f
9d0041b8:	0683006d 	bgezl	s4,9d004370 <_do_print_cdfFnopuxX+0x500>
9d0041bc:	afa0007c 	sw	zero,124(sp)
9d0041c0:	00156823 	negu	t5,s5
9d0041c4:	000d102b 	sltu	v0,zero,t5
9d0041c8:	00146023 	negu	t4,s4
9d0041cc:	01a0a821 	move	s5,t5
9d0041d0:	0182a023 	subu	s4,t4,v0
9d0041d4:	24020001 	li	v0,1
9d0041d8:	12800067 	beqz	s4,9d004378 <_do_print_cdfFnopuxX+0x508>
9d0041dc:	afa2007c 	sw	v0,124(sp)
9d0041e0:	02b41025 	or	v0,s5,s4
9d0041e4:	104001a9 	beqz	v0,9d00488c <_do_print_cdfFnopuxX+0xa1c>
9d0041e8:	27a2005f 	addiu	v0,sp,95
9d0041ec:	afa20078 	sw	v0,120(sp)
9d0041f0:	32e30020 	andi	v1,s7,0x20
9d0041f4:	24040037 	li	a0,55
9d0041f8:	00108fc3 	sra	s1,s0,0x1f
9d0041fc:	00409821 	move	s3,v0
9d004200:	24020057 	li	v0,87
9d004204:	0043200a 	movz	a0,v0,v1
9d004208:	afa4006c 	sw	a0,108(sp)
9d00420c:	02a02021 	move	a0,s5
9d004210:	02802821 	move	a1,s4
9d004214:	02003021 	move	a2,s0
9d004218:	0f401b22 	jal	9d006c88 <__umoddi3>
9d00421c:	02203821 	move	a3,s1
9d004220:	2843000a 	slti	v1,v0,10
9d004224:	24460030 	addiu	a2,v0,48
9d004228:	8fa4006c 	lw	a0,108(sp)
9d00422c:	00441021 	addu	v0,v0,a0
9d004230:	0043300a 	movz	a2,v0,v1
9d004234:	2673ffff 	addiu	s3,s3,-1
9d004238:	02a02021 	move	a0,s5
9d00423c:	02802821 	move	a1,s4
9d004240:	a2660001 	sb	a2,1(s3)
9d004244:	02003021 	move	a2,s0
9d004248:	0f401c3b 	jal	9d0070ec <.LFE1>
9d00424c:	02203821 	move	a3,s1
9d004250:	00622025 	or	a0,v1,v0
9d004254:	0040a821 	move	s5,v0
9d004258:	0060a021 	move	s4,v1
9d00425c:	1480ffeb 	bnez	a0,9d00420c <_do_print_cdfFnopuxX+0x39c>
9d004260:	27deffff 	addiu	s8,s8,-1
9d004264:	27c5ffff 	addiu	a1,s8,-1
9d004268:	04a0000a 	bltz	a1,9d004294 <_do_print_cdfFnopuxX+0x424>
9d00426c:	02601021 	move	v0,s3
9d004270:	2664ffff 	addiu	a0,s3,-1
9d004274:	00852023 	subu	a0,a0,a1
9d004278:	24030030 	li	v1,48
9d00427c:	a0430000 	sb	v1,0(v0)
9d004280:	2442ffff 	addiu	v0,v0,-1
9d004284:	5444fffe 	bnel	v0,a0,9d004280 <_do_print_cdfFnopuxX+0x410>
9d004288:	a0430000 	sb	v1,0(v0)
9d00428c:	00052827 	nor	a1,zero,a1
9d004290:	02659821 	addu	s3,s3,a1
9d004294:	32e20004 	andi	v0,s7,0x4
9d004298:	1440010f 	bnez	v0,9d0046d8 <_do_print_cdfFnopuxX+0x868>
9d00429c:	32e40800 	andi	a0,s7,0x800
9d0042a0:	3084ffff 	andi	a0,a0,0xffff
9d0042a4:	50800007 	beqzl	a0,9d0042c4 <_do_print_cdfFnopuxX+0x454>
9d0042a8:	8fa30074 	lw	v1,116(sp)
9d0042ac:	24020008 	li	v0,8
9d0042b0:	1202012c 	beq	s0,v0,9d004764 <_do_print_cdfFnopuxX+0x8f4>
9d0042b4:	24020010 	li	v0,16
9d0042b8:	12020150 	beq	s0,v0,9d0047fc <_do_print_cdfFnopuxX+0x98c>
9d0042bc:	32e40020 	andi	a0,s7,0x20
9d0042c0:	8fa30074 	lw	v1,116(sp)
9d0042c4:	10600007 	beqz	v1,9d0042e4 <_do_print_cdfFnopuxX+0x474>
9d0042c8:	8fa4007c 	lw	a0,124(sp)
9d0042cc:	1480011e 	bnez	a0,9d004748 <_do_print_cdfFnopuxX+0x8d8>
9d0042d0:	32e20002 	andi	v0,s7,0x2
9d0042d4:	10400003 	beqz	v0,9d0042e4 <_do_print_cdfFnopuxX+0x474>
9d0042d8:	2402002b 	li	v0,43
9d0042dc:	a2620000 	sb	v0,0(s3)
9d0042e0:	2673ffff 	addiu	s3,s3,-1
9d0042e4:	26650001 	addiu	a1,s3,1
9d0042e8:	afb70010 	sw	s7,16(sp)
9d0042ec:	8fa400a8 	lw	a0,168(sp)
9d0042f0:	8fa20068 	lw	v0,104(sp)
9d0042f4:	00453023 	subu	a2,v0,a1
9d0042f8:	0f40292e 	jal	9d00a4b8 <.LFE11>
9d0042fc:	02c03821 	move	a3,s6
9d004300:	8fa30070 	lw	v1,112(sp)
9d004304:	00621821 	addu	v1,v1,v0
9d004308:	0b400fb2 	j	9d003ec8 <_do_print_cdfFnopuxX+0x58>
9d00430c:	afa30070 	sw	v1,112(sp)
9d004310:	36f70010 	ori	s7,s7,0x10
9d004314:	32f7f7ff 	andi	s7,s7,0xf7ff
9d004318:	2402ffff 	li	v0,-1
9d00431c:	17c2ff94 	bne	s8,v0,9d004170 <_do_print_cdfFnopuxX+0x300>
9d004320:	2410000a 	li	s0,10
9d004324:	00002821 	move	a1,zero
9d004328:	241e0001 	li	s8,1
9d00432c:	32e200c0 	andi	v0,s7,0xc0
9d004330:	1440ff94 	bnez	v0,9d004184 <_do_print_cdfFnopuxX+0x314>
9d004334:	afa20074 	sw	v0,116(sp)
9d004338:	7c171620 	seh	v0,s7
9d00433c:	04400118 	bltz	v0,9d0047a0 <_do_print_cdfFnopuxX+0x930>
9d004340:	32e20010 	andi	v0,s7,0x10
9d004344:	14400095 	bnez	v0,9d00459c <_do_print_cdfFnopuxX+0x72c>
9d004348:	8fa200b0 	lw	v0,176(sp)
9d00434c:	32e20041 	andi	v0,s7,0x41
9d004350:	10400132 	beqz	v0,9d00481c <_do_print_cdfFnopuxX+0x9ac>
9d004354:	8fa400b0 	lw	a0,176(sp)
9d004358:	8fa300b0 	lw	v1,176(sp)
9d00435c:	8c750000 	lw	s5,0(v1)
9d004360:	0000a021 	move	s4,zero
9d004364:	24630004 	addiu	v1,v1,4
9d004368:	afa300b0 	sw	v1,176(sp)
9d00436c:	afa0007c 	sw	zero,124(sp)
9d004370:	1680ff9c 	bnez	s4,9d0041e4 <_do_print_cdfFnopuxX+0x374>
9d004374:	02b41025 	or	v0,s5,s4
9d004378:	12a00148 	beqz	s5,9d00489c <_do_print_cdfFnopuxX+0xa2c>
9d00437c:	02a06821 	move	t5,s5
9d004380:	27a4005f 	addiu	a0,sp,95
9d004384:	afa40078 	sw	a0,120(sp)
9d004388:	32e30020 	andi	v1,s7,0x20
9d00438c:	24050037 	li	a1,55
9d004390:	00809821 	move	s3,a0
9d004394:	24020057 	li	v0,87
9d004398:	0043280a 	movz	a1,v0,v1
9d00439c:	01b0001b 	divu	zero,t5,s0
9d0043a0:	020001f4 	teq	s0,zero,0x7
9d0043a4:	00001810 	mfhi	v1
9d0043a8:	2673ffff 	addiu	s3,s3,-1
9d0043ac:	27deffff 	addiu	s8,s8,-1
9d0043b0:	01b0001b 	divu	zero,t5,s0
9d0043b4:	020001f4 	teq	s0,zero,0x7
9d0043b8:	00006812 	mflo	t5
9d0043bc:	2864000a 	slti	a0,v1,10
9d0043c0:	24620030 	addiu	v0,v1,48
9d0043c4:	00651821 	addu	v1,v1,a1
9d0043c8:	0064100a 	movz	v0,v1,a0
9d0043cc:	15a0fff3 	bnez	t5,9d00439c <_do_print_cdfFnopuxX+0x52c>
9d0043d0:	a2620001 	sb	v0,1(s3)
9d0043d4:	0b40109a 	j	9d004268 <_do_print_cdfFnopuxX+0x3f8>
9d0043d8:	27c5ffff 	addiu	a1,s8,-1
9d0043dc:	36f70020 	ori	s7,s7,0x20
9d0043e0:	36f70810 	ori	s7,s7,0x810
9d0043e4:	0b401059 	j	9d004164 <_do_print_cdfFnopuxX+0x2f4>
9d0043e8:	24100010 	li	s0,16
9d0043ec:	36f70020 	ori	s7,s7,0x20
9d0043f0:	32e20080 	andi	v0,s7,0x80
9d0043f4:	144000b2 	bnez	v0,9d0046c0 <_do_print_cdfFnopuxX+0x850>
9d0043f8:	36ea0400 	ori	t2,s7,0x400
9d0043fc:	8fa400b0 	lw	a0,176(sp)
9d004400:	24950007 	addiu	s5,a0,7
9d004404:	7c151004 	ins	s5,zero,0x0,0x3
9d004408:	8ea20000 	lw	v0,0(s5)
9d00440c:	8ea30004 	lw	v1,4(s5)
9d004410:	26b50008 	addiu	s5,s5,8
9d004414:	afb500b0 	sw	s5,176(sp)
9d004418:	afa20060 	sw	v0,96(sp)
9d00441c:	afa30064 	sw	v1,100(sp)
9d004420:	8fa60060 	lw	a2,96(sp)
9d004424:	8fa70064 	lw	a3,100(sp)
9d004428:	afa50010 	sw	a1,16(sp)
9d00442c:	afb60014 	sw	s6,20(sp)
9d004430:	afbe0018 	sw	s8,24(sp)
9d004434:	afaa001c 	sw	t2,28(sp)
9d004438:	0f401446 	jal	9d005118 <_fconvert>
9d00443c:	8fa400a8 	lw	a0,168(sp)
9d004440:	0b4010c1 	j	9d004304 <_do_print_cdfFnopuxX+0x494>
9d004444:	8fa30070 	lw	v1,112(sp)
9d004448:	36f70010 	ori	s7,s7,0x10
9d00444c:	32eaf7ff 	andi	t2,s7,0xf7ff
9d004450:	355700c0 	ori	s7,t2,0xc0
9d004454:	0b401059 	j	9d004164 <_do_print_cdfFnopuxX+0x2f4>
9d004458:	2410000a 	li	s0,10
9d00445c:	82020001 	lb	v0,1(s0)
9d004460:	504500e2 	beql	v0,a1,9d0047ec <_do_print_cdfFnopuxX+0x97c>
9d004464:	82050002 	lb	a1,2(s0)
9d004468:	36f70040 	ori	s7,s7,0x40
9d00446c:	00402821 	move	a1,v0
9d004470:	26100001 	addiu	s0,s0,1
9d004474:	32e30002 	andi	v1,s7,0x2
9d004478:	32e2fffe 	andi	v0,s7,0xfffe
9d00447c:	0043b80b 	movn	s7,v0,v1
9d004480:	24a2ffbc 	addiu	v0,a1,-68
9d004484:	32e60008 	andi	a2,s7,0x8
9d004488:	32e4fffb 	andi	a0,s7,0xfffb
9d00448c:	2c430035 	sltiu	v1,v0,53
9d004490:	26120001 	addiu	s2,s0,1
9d004494:	1460fef5 	bnez	v1,9d00406c <_do_print_cdfFnopuxX+0x1fc>
9d004498:	0086b80b 	movn	s7,a0,a2
9d00449c:	0b4010c0 	j	9d004300 <_do_print_cdfFnopuxX+0x490>
9d0044a0:	00001021 	move	v0,zero
9d0044a4:	82050001 	lb	a1,1(s0)
9d0044a8:	2402002a 	li	v0,42
9d0044ac:	10a200c5 	beq	a1,v0,9d0047c4 <_do_print_cdfFnopuxX+0x954>
9d0044b0:	24a2ffd0 	addiu	v0,a1,-48
9d0044b4:	2c42000a 	sltiu	v0,v0,10
9d0044b8:	26100001 	addiu	s0,s0,1
9d0044bc:	1040fed8 	beqz	v0,9d004020 <_do_print_cdfFnopuxX+0x1b0>
9d0044c0:	0000f021 	move	s8,zero
9d0044c4:	001e1040 	sll	v0,s8,0x1
9d0044c8:	001e48c0 	sll	t1,s8,0x3
9d0044cc:	00494821 	addu	t1,v0,t1
9d0044d0:	26100001 	addiu	s0,s0,1
9d0044d4:	01254821 	addu	t1,t1,a1
9d0044d8:	82050000 	lb	a1,0(s0)
9d0044dc:	24a2ffd0 	addiu	v0,a1,-48
9d0044e0:	2c42000a 	sltiu	v0,v0,10
9d0044e4:	1440fff7 	bnez	v0,9d0044c4 <_do_print_cdfFnopuxX+0x654>
9d0044e8:	253effd0 	addiu	s8,t1,-48
9d0044ec:	0b401009 	j	9d004024 <_do_print_cdfFnopuxX+0x1b4>
9d0044f0:	24020068 	li	v0,104
9d0044f4:	8fa200b0 	lw	v0,176(sp)
9d0044f8:	8c560000 	lw	s6,0(v0)
9d0044fc:	24550004 	addiu	s5,v0,4
9d004500:	26100001 	addiu	s0,s0,1
9d004504:	06c10003 	bgez	s6,9d004514 <_do_print_cdfFnopuxX+0x6a4>
9d004508:	80650001 	lb	a1,1(v1)
9d00450c:	36f70008 	ori	s7,s7,0x8
9d004510:	0016b023 	negu	s6,s6
9d004514:	0b401005 	j	9d004014 <_do_print_cdfFnopuxX+0x1a4>
9d004518:	afb500b0 	sw	s5,176(sp)
9d00451c:	82020001 	lb	v0,1(s0)
9d004520:	504500c9 	beql	v0,a1,9d004848 <_do_print_cdfFnopuxX+0x9d8>
9d004524:	82050002 	lb	a1,2(s0)
9d004528:	36f70010 	ori	s7,s7,0x10
9d00452c:	00402821 	move	a1,v0
9d004530:	0b40111d 	j	9d004474 <_do_print_cdfFnopuxX+0x604>
9d004534:	26100001 	addiu	s0,s0,1
9d004538:	24040025 	li	a0,37
9d00453c:	0f402cba 	jal	9d00b2e8 <.LCFI8>
9d004540:	8fa500a8 	lw	a1,168(sp)
9d004544:	26520002 	addiu	s2,s2,2
9d004548:	8fa40070 	lw	a0,112(sp)
9d00454c:	24840001 	addiu	a0,a0,1
9d004550:	0b400fb2 	j	9d003ec8 <_do_print_cdfFnopuxX+0x58>
9d004554:	afa40070 	sw	a0,112(sp)
9d004558:	82050001 	lb	a1,1(s0)
9d00455c:	36f78000 	ori	s7,s7,0x8000
9d004560:	0b401011 	j	9d004044 <_do_print_cdfFnopuxX+0x1d4>
9d004564:	26100001 	addiu	s0,s0,1
9d004568:	2402ffff 	li	v0,-1
9d00456c:	8fbf00a4 	lw	ra,164(sp)
9d004570:	8fbe00a0 	lw	s8,160(sp)
9d004574:	8fb7009c 	lw	s7,156(sp)
9d004578:	8fb60098 	lw	s6,152(sp)
9d00457c:	8fb50094 	lw	s5,148(sp)
9d004580:	8fb40090 	lw	s4,144(sp)
9d004584:	8fb3008c 	lw	s3,140(sp)
9d004588:	8fb20088 	lw	s2,136(sp)
9d00458c:	8fb10084 	lw	s1,132(sp)
9d004590:	8fb00080 	lw	s0,128(sp)
9d004594:	03e00008 	jr	ra
9d004598:	27bd00a8 	addiu	sp,sp,168
9d00459c:	8c550000 	lw	s5,0(v0)
9d0045a0:	0000a021 	move	s4,zero
9d0045a4:	24420004 	addiu	v0,v0,4
9d0045a8:	afa200b0 	sw	v0,176(sp)
9d0045ac:	0b4010dc 	j	9d004370 <_do_print_cdfFnopuxX+0x500>
9d0045b0:	afa0007c 	sw	zero,124(sp)
9d0045b4:	8c550000 	lw	s5,0(v0)
9d0045b8:	24420004 	addiu	v0,v0,4
9d0045bc:	afa200b0 	sw	v0,176(sp)
9d0045c0:	0b40106e 	j	9d0041b8 <_do_print_cdfFnopuxX+0x348>
9d0045c4:	0015a7c3 	sra	s4,s5,0x1f
9d0045c8:	0b401059 	j	9d004164 <_do_print_cdfFnopuxX+0x2f4>
9d0045cc:	24100008 	li	s0,8
9d0045d0:	7c171620 	seh	v0,s7
9d0045d4:	044000b9 	bltz	v0,9d0048bc <_do_print_cdfFnopuxX+0xa4c>
9d0045d8:	8fa400b0 	lw	a0,176(sp)
9d0045dc:	32e20010 	andi	v0,s7,0x10
9d0045e0:	144000a2 	bnez	v0,9d00486c <_do_print_cdfFnopuxX+0x9fc>
9d0045e4:	8fa200b0 	lw	v0,176(sp)
9d0045e8:	32e20040 	andi	v0,s7,0x40
9d0045ec:	104000be 	beqz	v0,9d0048e8 <_do_print_cdfFnopuxX+0xa78>
9d0045f0:	32ea0001 	andi	t2,s7,0x1
9d0045f4:	8fa200b0 	lw	v0,176(sp)
9d0045f8:	8c430000 	lw	v1,0(v0)
9d0045fc:	00001021 	move	v0,zero
9d004600:	8fa400b0 	lw	a0,176(sp)
9d004604:	24840004 	addiu	a0,a0,4
9d004608:	afa400b0 	sw	a0,176(sp)
9d00460c:	8fa40070 	lw	a0,112(sp)
9d004610:	0b4010c0 	j	9d004300 <_do_print_cdfFnopuxX+0x490>
9d004614:	a4640000 	sh	a0,0(v1)
9d004618:	8fa400b0 	lw	a0,176(sp)
9d00461c:	8c900000 	lw	s0,0(a0)
9d004620:	3c039d01 	lui	v1,0x9d01
9d004624:	2462bc3c 	addiu	v0,v1,-17348
9d004628:	0050800a 	movz	s0,v0,s0
9d00462c:	2402ffff 	li	v0,-1
9d004630:	13c2009e 	beq	s8,v0,9d0048ac <_do_print_cdfFnopuxX+0xa3c>
9d004634:	24950004 	addiu	s5,a0,4
9d004638:	1bc00004 	blez	s8,9d00464c <_do_print_cdfFnopuxX+0x7dc>
9d00463c:	021e4821 	addu	t1,s0,s8
9d004640:	82030000 	lb	v1,0(s0)
9d004644:	14600005 	bnez	v1,9d00465c <_do_print_cdfFnopuxX+0x7ec>
9d004648:	02001021 	move	v0,s0
9d00464c:	0b40119b 	j	9d00466c <_do_print_cdfFnopuxX+0x7fc>
9d004650:	00001021 	move	v0,zero
9d004654:	50600005 	beqzl	v1,9d00466c <_do_print_cdfFnopuxX+0x7fc>
9d004658:	00501023 	subu	v0,v0,s0
9d00465c:	24420001 	addiu	v0,v0,1
9d004660:	5449fffc 	bnel	v0,t1,9d004654 <_do_print_cdfFnopuxX+0x7e4>
9d004664:	80430000 	lb	v1,0(v0)
9d004668:	00501023 	subu	v0,v0,s0
9d00466c:	afb70010 	sw	s7,16(sp)
9d004670:	8fa400a8 	lw	a0,168(sp)
9d004674:	02002821 	move	a1,s0
9d004678:	00403021 	move	a2,v0
9d00467c:	0f40292e 	jal	9d00a4b8 <.LFE11>
9d004680:	02c03821 	move	a3,s6
9d004684:	0b4010c0 	j	9d004300 <_do_print_cdfFnopuxX+0x490>
9d004688:	afb500b0 	sw	s5,176(sp)
9d00468c:	8fa300b0 	lw	v1,176(sp)
9d004690:	8c620000 	lw	v0,0(v1)
9d004694:	24750004 	addiu	s5,v1,4
9d004698:	afb70010 	sw	s7,16(sp)
9d00469c:	8fa400a8 	lw	a0,168(sp)
9d0046a0:	27a50020 	addiu	a1,sp,32
9d0046a4:	24060001 	li	a2,1
9d0046a8:	02c03821 	move	a3,s6
9d0046ac:	a3a20020 	sb	v0,32(sp)
9d0046b0:	0f40292e 	jal	9d00a4b8 <.LFE11>
9d0046b4:	afb500b0 	sw	s5,176(sp)
9d0046b8:	0b4010c1 	j	9d004304 <_do_print_cdfFnopuxX+0x494>
9d0046bc:	8fa30070 	lw	v1,112(sp)
9d0046c0:	8fa300b0 	lw	v1,176(sp)
9d0046c4:	0b401101 	j	9d004404 <_do_print_cdfFnopuxX+0x594>
9d0046c8:	24750007 	addiu	s5,v1,7
9d0046cc:	36f70010 	ori	s7,s7,0x10
9d0046d0:	0b401059 	j	9d004164 <_do_print_cdfFnopuxX+0x2f4>
9d0046d4:	24100008 	li	s0,8
9d0046d8:	8fa20078 	lw	v0,120(sp)
9d0046dc:	02621823 	subu	v1,s3,v0
9d0046e0:	3084ffff 	andi	a0,a0,0xffff
9d0046e4:	10800006 	beqz	a0,9d004700 <_do_print_cdfFnopuxX+0x890>
9d0046e8:	02c31821 	addu	v1,s6,v1
9d0046ec:	24020008 	li	v0,8
9d0046f0:	12020059 	beq	s0,v0,9d004858 <_do_print_cdfFnopuxX+0x9e8>
9d0046f4:	2462fffe 	addiu	v0,v1,-2
9d0046f8:	3a050010 	xori	a1,s0,0x10
9d0046fc:	0045180a 	movz	v1,v0,a1
9d004700:	8fa20074 	lw	v0,116(sp)
9d004704:	10400006 	beqz	v0,9d004720 <_do_print_cdfFnopuxX+0x8b0>
9d004708:	8fa2007c 	lw	v0,124(sp)
9d00470c:	54400004 	bnezl	v0,9d004720 <_do_print_cdfFnopuxX+0x8b0>
9d004710:	2463ffff 	addiu	v1,v1,-1
9d004714:	32e20003 	andi	v0,s7,0x3
9d004718:	54400001 	bnezl	v0,9d004720 <_do_print_cdfFnopuxX+0x8b0>
9d00471c:	2463ffff 	addiu	v1,v1,-1
9d004720:	1860fee0 	blez	v1,9d0042a4 <_do_print_cdfFnopuxX+0x434>
9d004724:	02601021 	move	v0,s3
9d004728:	02635823 	subu	t3,s3,v1
9d00472c:	24030030 	li	v1,48
9d004730:	a0430000 	sb	v1,0(v0)
9d004734:	2442ffff 	addiu	v0,v0,-1
9d004738:	5562fffe 	bnel	t3,v0,9d004734 <_do_print_cdfFnopuxX+0x8c4>
9d00473c:	a0430000 	sb	v1,0(v0)
9d004740:	0b4010a9 	j	9d0042a4 <_do_print_cdfFnopuxX+0x434>
9d004744:	01609821 	move	s3,t3
9d004748:	2402002d 	li	v0,45
9d00474c:	a2620000 	sb	v0,0(s3)
9d004750:	0b4010b9 	j	9d0042e4 <_do_print_cdfFnopuxX+0x474>
9d004754:	2673ffff 	addiu	s3,s3,-1
9d004758:	36f70080 	ori	s7,s7,0x80
9d00475c:	0b40111d 	j	9d004474 <_do_print_cdfFnopuxX+0x604>
9d004760:	26100001 	addiu	s0,s0,1
9d004764:	82630001 	lb	v1,1(s3)
9d004768:	24020030 	li	v0,48
9d00476c:	1062fed5 	beq	v1,v0,9d0042c4 <_do_print_cdfFnopuxX+0x454>
9d004770:	8fa30074 	lw	v1,116(sp)
9d004774:	a2620000 	sb	v0,0(s3)
9d004778:	0b4010b0 	j	9d0042c0 <_do_print_cdfFnopuxX+0x450>
9d00477c:	2673ffff 	addiu	s3,s3,-1
9d004780:	8fa300b0 	lw	v1,176(sp)
9d004784:	24620007 	addiu	v0,v1,7
9d004788:	7c021004 	ins	v0,zero,0x0,0x3
9d00478c:	24440008 	addiu	a0,v0,8
9d004790:	afa400b0 	sw	a0,176(sp)
9d004794:	8c550000 	lw	s5,0(v0)
9d004798:	0b40106e 	j	9d0041b8 <_do_print_cdfFnopuxX+0x348>
9d00479c:	8c540004 	lw	s4,4(v0)
9d0047a0:	8fa300b0 	lw	v1,176(sp)
9d0047a4:	24620007 	addiu	v0,v1,7
9d0047a8:	7c021004 	ins	v0,zero,0x0,0x3
9d0047ac:	24440008 	addiu	a0,v0,8
9d0047b0:	afa400b0 	sw	a0,176(sp)
9d0047b4:	8c550000 	lw	s5,0(v0)
9d0047b8:	8c540004 	lw	s4,4(v0)
9d0047bc:	0b4010dc 	j	9d004370 <_do_print_cdfFnopuxX+0x500>
9d0047c0:	afa0007c 	sw	zero,124(sp)
9d0047c4:	8fa300b0 	lw	v1,176(sp)
9d0047c8:	8c7e0000 	lw	s8,0(v1)
9d0047cc:	24750004 	addiu	s5,v1,4
9d0047d0:	26020002 	addiu	v0,s0,2
9d0047d4:	82050002 	lb	a1,2(s0)
9d0047d8:	afb500b0 	sw	s5,176(sp)
9d0047dc:	07c1fe10 	bgez	s8,9d004020 <_do_print_cdfFnopuxX+0x1b0>
9d0047e0:	00408021 	move	s0,v0
9d0047e4:	0b401008 	j	9d004020 <_do_print_cdfFnopuxX+0x1b0>
9d0047e8:	241effff 	li	s8,-1
9d0047ec:	36f70001 	ori	s7,s7,0x1
9d0047f0:	26100001 	addiu	s0,s0,1
9d0047f4:	0b40111d 	j	9d004474 <_do_print_cdfFnopuxX+0x604>
9d0047f8:	26100001 	addiu	s0,s0,1
9d0047fc:	24020058 	li	v0,88
9d004800:	24030078 	li	v1,120
9d004804:	0064100a 	movz	v0,v1,a0
9d004808:	a2620000 	sb	v0,0(s3)
9d00480c:	24020030 	li	v0,48
9d004810:	a262ffff 	sb	v0,-1(s3)
9d004814:	0b4010b0 	j	9d0042c0 <_do_print_cdfFnopuxX+0x450>
9d004818:	2673fffe 	addiu	s3,s3,-2
9d00481c:	8c950000 	lw	s5,0(a0)
9d004820:	0000a021 	move	s4,zero
9d004824:	24840004 	addiu	a0,a0,4
9d004828:	afa400b0 	sw	a0,176(sp)
9d00482c:	0b4010dc 	j	9d004370 <_do_print_cdfFnopuxX+0x500>
9d004830:	afa0007c 	sw	zero,124(sp)
9d004834:	8c950000 	lw	s5,0(a0)
9d004838:	24840004 	addiu	a0,a0,4
9d00483c:	afa400b0 	sw	a0,176(sp)
9d004840:	0b40106e 	j	9d0041b8 <_do_print_cdfFnopuxX+0x348>
9d004844:	0015a7c3 	sra	s4,s5,0x1f
9d004848:	36f78000 	ori	s7,s7,0x8000
9d00484c:	26100001 	addiu	s0,s0,1
9d004850:	0b40111d 	j	9d004474 <_do_print_cdfFnopuxX+0x604>
9d004854:	26100001 	addiu	s0,s0,1
9d004858:	82620001 	lb	v0,1(s3)
9d00485c:	38420030 	xori	v0,v0,0x30
9d004860:	0002102b 	sltu	v0,zero,v0
9d004864:	0b4011c0 	j	9d004700 <_do_print_cdfFnopuxX+0x890>
9d004868:	00621823 	subu	v1,v1,v0
9d00486c:	8c430000 	lw	v1,0(v0)
9d004870:	00001021 	move	v0,zero
9d004874:	8fa400b0 	lw	a0,176(sp)
9d004878:	24840004 	addiu	a0,a0,4
9d00487c:	afa400b0 	sw	a0,176(sp)
9d004880:	8fa40070 	lw	a0,112(sp)
9d004884:	0b4010c0 	j	9d004300 <_do_print_cdfFnopuxX+0x490>
9d004888:	ac640000 	sw	a0,0(v1)
9d00488c:	27a3005f 	addiu	v1,sp,95
9d004890:	afa30078 	sw	v1,120(sp)
9d004894:	0b40109a 	j	9d004268 <_do_print_cdfFnopuxX+0x3f8>
9d004898:	00609821 	move	s3,v1
9d00489c:	27a2005f 	addiu	v0,sp,95
9d0048a0:	afa20078 	sw	v0,120(sp)
9d0048a4:	0b40109a 	j	9d004268 <_do_print_cdfFnopuxX+0x3f8>
9d0048a8:	00409821 	move	s3,v0
9d0048ac:	0f402dfd 	jal	9d00b7f4 <strlen>
9d0048b0:	02002021 	move	a0,s0
9d0048b4:	0b40119c 	j	9d004670 <_do_print_cdfFnopuxX+0x800>
9d0048b8:	afb70010 	sw	s7,16(sp)
9d0048bc:	8c820000 	lw	v0,0(a0)
9d0048c0:	8fa40070 	lw	a0,112(sp)
9d0048c4:	00041fc3 	sra	v1,a0,0x1f
9d0048c8:	8fa400b0 	lw	a0,176(sp)
9d0048cc:	24840004 	addiu	a0,a0,4
9d0048d0:	afa400b0 	sw	a0,176(sp)
9d0048d4:	8fa40070 	lw	a0,112(sp)
9d0048d8:	ac440000 	sw	a0,0(v0)
9d0048dc:	ac430004 	sw	v1,4(v0)
9d0048e0:	0b4010c0 	j	9d004300 <_do_print_cdfFnopuxX+0x490>
9d0048e4:	00001021 	move	v0,zero
9d0048e8:	8fa200b0 	lw	v0,176(sp)
9d0048ec:	8c430000 	lw	v1,0(v0)
9d0048f0:	00001021 	move	v0,zero
9d0048f4:	8fa400b0 	lw	a0,176(sp)
9d0048f8:	24840004 	addiu	a0,a0,4
9d0048fc:	afa400b0 	sw	a0,176(sp)
9d004900:	11400003 	beqz	t2,9d004910 <_do_print_cdfFnopuxX+0xaa0>
9d004904:	8fa40070 	lw	a0,112(sp)
9d004908:	0b4010c0 	j	9d004300 <_do_print_cdfFnopuxX+0x490>
9d00490c:	a0640000 	sb	a0,0(v1)
9d004910:	0b4010c0 	j	9d004300 <_do_print_cdfFnopuxX+0x490>
9d004914:	ac640000 	sw	a0,0(v1)

Disassembly of section .text.malloc:

9d004918 <malloc>:
9d004918:	27bdffc0 	addiu	sp,sp,-64
9d00491c:	afbf003c 	sw	ra,60(sp)
9d004920:	afbe0038 	sw	s8,56(sp)
9d004924:	afb70034 	sw	s7,52(sp)
9d004928:	afb60030 	sw	s6,48(sp)
9d00492c:	afb5002c 	sw	s5,44(sp)
9d004930:	afb40028 	sw	s4,40(sp)
9d004934:	afb30024 	sw	s3,36(sp)
9d004938:	afb20020 	sw	s2,32(sp)
9d00493c:	afb1001c 	sw	s1,28(sp)
9d004940:	afb00018 	sw	s0,24(sp)
9d004944:	2490000b 	addiu	s0,a0,11
9d004948:	2e020017 	sltiu	v0,s0,23
9d00494c:	10400021 	beqz	v0,9d0049d4 <malloc+0xbc>
9d004950:	7c101004 	ins	s0,zero,0x0,0x3
9d004954:	2c840011 	sltiu	a0,a0,17
9d004958:	10800086 	beqz	a0,9d004b74 <malloc+0x25c>
9d00495c:	24100010 	li	s0,16
9d004960:	3c11a001 	lui	s1,0xa001
9d004964:	26313c18 	addiu	s1,s1,15384
9d004968:	02301821 	addu	v1,s1,s0
9d00496c:	8c62000c 	lw	v0,12(v1)
9d004970:	104300bb 	beq	v0,v1,9d004c60 <malloc+0x348>
9d004974:	001040c2 	srl	t0,s0,0x3
9d004978:	8c430004 	lw	v1,4(v0)
9d00497c:	8c44000c 	lw	a0,12(v0)
9d004980:	8c450008 	lw	a1,8(v0)
9d004984:	7c030804 	ins	v1,zero,0x0,0x2
9d004988:	00431821 	addu	v1,v0,v1
9d00498c:	8c660004 	lw	a2,4(v1)
9d004990:	aca4000c 	sw	a0,12(a1)
9d004994:	24420008 	addiu	v0,v0,8
9d004998:	34c60001 	ori	a2,a2,0x1
9d00499c:	ac850008 	sw	a1,8(a0)
9d0049a0:	ac660004 	sw	a2,4(v1)
9d0049a4:	8fbf003c 	lw	ra,60(sp)
9d0049a8:	8fbe0038 	lw	s8,56(sp)
9d0049ac:	8fb70034 	lw	s7,52(sp)
9d0049b0:	8fb60030 	lw	s6,48(sp)
9d0049b4:	8fb5002c 	lw	s5,44(sp)
9d0049b8:	8fb40028 	lw	s4,40(sp)
9d0049bc:	8fb30024 	lw	s3,36(sp)
9d0049c0:	8fb20020 	lw	s2,32(sp)
9d0049c4:	8fb1001c 	lw	s1,28(sp)
9d0049c8:	8fb00018 	lw	s0,24(sp)
9d0049cc:	03e00008 	jr	ra
9d0049d0:	27bd0040 	addiu	sp,sp,64
9d0049d4:	06000067 	bltz	s0,9d004b74 <malloc+0x25c>
9d0049d8:	0204202b 	sltu	a0,s0,a0
9d0049dc:	14800065 	bnez	a0,9d004b74 <malloc+0x25c>
9d0049e0:	2e0201f8 	sltiu	v0,s0,504
9d0049e4:	1440ffdf 	bnez	v0,9d004964 <malloc+0x4c>
9d0049e8:	3c11a001 	lui	s1,0xa001
9d0049ec:	00101242 	srl	v0,s0,0x9
9d0049f0:	1040000a 	beqz	v0,9d004a1c <malloc+0x104>
9d0049f4:	2406007e 	li	a2,126
9d0049f8:	2c430005 	sltiu	v1,v0,5
9d0049fc:	1460003d 	bnez	v1,9d004af4 <malloc+0x1dc>
9d004a00:	00104182 	srl	t0,s0,0x6
9d004a04:	2c430015 	sltiu	v1,v0,21
9d004a08:	106000fc 	beqz	v1,9d004dfc <malloc+0x4e4>
9d004a0c:	2c430055 	sltiu	v1,v0,85
9d004a10:	2448005b 	addiu	t0,v0,91
9d004a14:	0b401289 	j	9d004a24 <malloc+0x10c>
9d004a18:	00083040 	sll	a2,t0,0x1
9d004a1c:	2408003f 	li	t0,63
9d004a20:	3c11a001 	lui	s1,0xa001
9d004a24:	00063080 	sll	a2,a2,0x2
9d004a28:	26313c18 	addiu	s1,s1,15384
9d004a2c:	02263021 	addu	a2,s1,a2
9d004a30:	8cc2000c 	lw	v0,12(a2)
9d004a34:	54c20009 	bnel	a2,v0,9d004a5c <malloc+0x144>
9d004a38:	8c440004 	lw	a0,4(v0)
9d004a3c:	0b40129e 	j	9d004a78 <malloc+0x160>
9d004a40:	25080001 	addiu	t0,t0,1
9d004a44:	0463005b 	bgezl	v1,9d004bb4 <malloc+0x29c>
9d004a48:	00442021 	addu	a0,v0,a0
9d004a4c:	8c42000c 	lw	v0,12(v0)
9d004a50:	50c20009 	beql	a2,v0,9d004a78 <malloc+0x160>
9d004a54:	25080001 	addiu	t0,t0,1
9d004a58:	8c440004 	lw	a0,4(v0)
9d004a5c:	7c040804 	ins	a0,zero,0x0,0x2
9d004a60:	00901823 	subu	v1,a0,s0
9d004a64:	28650010 	slti	a1,v1,16
9d004a68:	14a0fff6 	bnez	a1,9d004a44 <malloc+0x12c>
9d004a6c:	00000000 	nop
9d004a70:	2508ffff 	addiu	t0,t0,-1
9d004a74:	25080001 	addiu	t0,t0,1
9d004a78:	8e220010 	lw	v0,16(s1)
9d004a7c:	3c06a001 	lui	a2,0xa001
9d004a80:	24c63c20 	addiu	a2,a2,15392
9d004a84:	5046007c 	beql	v0,a2,9d004c78 <malloc+0x360>
9d004a88:	8e240004 	lw	a0,4(s1)
9d004a8c:	8c440004 	lw	a0,4(v0)
9d004a90:	7c040804 	ins	a0,zero,0x0,0x2
9d004a94:	00901823 	subu	v1,a0,s0
9d004a98:	28650010 	slti	a1,v1,16
9d004a9c:	50a00059 	beqzl	a1,9d004c04 <malloc+0x2ec>
9d004aa0:	00502021 	addu	a0,v0,s0
9d004aa4:	ae260014 	sw	a2,20(s1)
9d004aa8:	04600015 	bltz	v1,9d004b00 <malloc+0x1e8>
9d004aac:	ae260010 	sw	a2,16(s1)
9d004ab0:	00442021 	addu	a0,v0,a0
9d004ab4:	8c830004 	lw	v1,4(a0)
9d004ab8:	24420008 	addiu	v0,v0,8
9d004abc:	34630001 	ori	v1,v1,0x1
9d004ac0:	ac830004 	sw	v1,4(a0)
9d004ac4:	8fbf003c 	lw	ra,60(sp)
9d004ac8:	8fbe0038 	lw	s8,56(sp)
9d004acc:	8fb70034 	lw	s7,52(sp)
9d004ad0:	8fb60030 	lw	s6,48(sp)
9d004ad4:	8fb5002c 	lw	s5,44(sp)
9d004ad8:	8fb40028 	lw	s4,40(sp)
9d004adc:	8fb30024 	lw	s3,36(sp)
9d004ae0:	8fb20020 	lw	s2,32(sp)
9d004ae4:	8fb1001c 	lw	s1,28(sp)
9d004ae8:	8fb00018 	lw	s0,24(sp)
9d004aec:	03e00008 	jr	ra
9d004af0:	27bd0040 	addiu	sp,sp,64
9d004af4:	25080038 	addiu	t0,t0,56
9d004af8:	0b401288 	j	9d004a20 <malloc+0x108>
9d004afc:	00083040 	sll	a2,t0,0x1
9d004b00:	2c830200 	sltiu	v1,a0,512
9d004b04:	546000c6 	bnezl	v1,9d004e20 <malloc+0x508>
9d004b08:	000420c2 	srl	a0,a0,0x3
9d004b0c:	00041a42 	srl	v1,a0,0x9
9d004b10:	2c650005 	sltiu	a1,v1,5
9d004b14:	10a0014b 	beqz	a1,9d005044 <malloc+0x72c>
9d004b18:	2c650015 	sltiu	a1,v1,21
9d004b1c:	00042982 	srl	a1,a0,0x6
9d004b20:	24a50038 	addiu	a1,a1,56
9d004b24:	000538c0 	sll	a3,a1,0x3
9d004b28:	02273821 	addu	a3,s1,a3
9d004b2c:	8ce30008 	lw	v1,8(a3)
9d004b30:	50670151 	beql	v1,a3,9d005078 <malloc+0x760>
9d004b34:	8e240004 	lw	a0,4(s1)
9d004b38:	8c650004 	lw	a1,4(v1)
9d004b3c:	7c050804 	ins	a1,zero,0x0,0x2
9d004b40:	0085282b 	sltu	a1,a0,a1
9d004b44:	50a00005 	beqzl	a1,9d004b5c <malloc+0x244>
9d004b48:	8c65000c 	lw	a1,12(v1)
9d004b4c:	8c630008 	lw	v1,8(v1)
9d004b50:	54e3fffa 	bnel	a3,v1,9d004b3c <malloc+0x224>
9d004b54:	8c650004 	lw	a1,4(v1)
9d004b58:	8c65000c 	lw	a1,12(v1)
9d004b5c:	8e240004 	lw	a0,4(s1)
9d004b60:	ac45000c 	sw	a1,12(v0)
9d004b64:	ac430008 	sw	v1,8(v0)
9d004b68:	aca20008 	sw	v0,8(a1)
9d004b6c:	0b40131e 	j	9d004c78 <malloc+0x360>
9d004b70:	ac62000c 	sw	v0,12(v1)
9d004b74:	2403000c 	li	v1,12
9d004b78:	3c02a000 	lui	v0,0xa000
9d004b7c:	ac43006c 	sw	v1,108(v0)
9d004b80:	00001021 	move	v0,zero
9d004b84:	8fbf003c 	lw	ra,60(sp)
9d004b88:	8fbe0038 	lw	s8,56(sp)
9d004b8c:	8fb70034 	lw	s7,52(sp)
9d004b90:	8fb60030 	lw	s6,48(sp)
9d004b94:	8fb5002c 	lw	s5,44(sp)
9d004b98:	8fb40028 	lw	s4,40(sp)
9d004b9c:	8fb30024 	lw	s3,36(sp)
9d004ba0:	8fb20020 	lw	s2,32(sp)
9d004ba4:	8fb1001c 	lw	s1,28(sp)
9d004ba8:	8fb00018 	lw	s0,24(sp)
9d004bac:	03e00008 	jr	ra
9d004bb0:	27bd0040 	addiu	sp,sp,64
9d004bb4:	8c860004 	lw	a2,4(a0)
9d004bb8:	8c43000c 	lw	v1,12(v0)
9d004bbc:	8c450008 	lw	a1,8(v0)
9d004bc0:	34c60001 	ori	a2,a2,0x1
9d004bc4:	24420008 	addiu	v0,v0,8
9d004bc8:	aca3000c 	sw	v1,12(a1)
9d004bcc:	ac650008 	sw	a1,8(v1)
9d004bd0:	ac860004 	sw	a2,4(a0)
9d004bd4:	8fbf003c 	lw	ra,60(sp)
9d004bd8:	8fbe0038 	lw	s8,56(sp)
9d004bdc:	8fb70034 	lw	s7,52(sp)
9d004be0:	8fb60030 	lw	s6,48(sp)
9d004be4:	8fb5002c 	lw	s5,44(sp)
9d004be8:	8fb40028 	lw	s4,40(sp)
9d004bec:	8fb30024 	lw	s3,36(sp)
9d004bf0:	8fb20020 	lw	s2,32(sp)
9d004bf4:	8fb1001c 	lw	s1,28(sp)
9d004bf8:	8fb00018 	lw	s0,24(sp)
9d004bfc:	03e00008 	jr	ra
9d004c00:	27bd0040 	addiu	sp,sp,64
9d004c04:	36100001 	ori	s0,s0,0x1
9d004c08:	34670001 	ori	a3,v1,0x1
9d004c0c:	00832821 	addu	a1,a0,v1
9d004c10:	ac500004 	sw	s0,4(v0)
9d004c14:	24420008 	addiu	v0,v0,8
9d004c18:	ae240014 	sw	a0,20(s1)
9d004c1c:	ae240010 	sw	a0,16(s1)
9d004c20:	ac86000c 	sw	a2,12(a0)
9d004c24:	ac860008 	sw	a2,8(a0)
9d004c28:	ac870004 	sw	a3,4(a0)
9d004c2c:	aca30000 	sw	v1,0(a1)
9d004c30:	8fbf003c 	lw	ra,60(sp)
9d004c34:	8fbe0038 	lw	s8,56(sp)
9d004c38:	8fb70034 	lw	s7,52(sp)
9d004c3c:	8fb60030 	lw	s6,48(sp)
9d004c40:	8fb5002c 	lw	s5,44(sp)
9d004c44:	8fb40028 	lw	s4,40(sp)
9d004c48:	8fb30024 	lw	s3,36(sp)
9d004c4c:	8fb20020 	lw	s2,32(sp)
9d004c50:	8fb1001c 	lw	s1,28(sp)
9d004c54:	8fb00018 	lw	s0,24(sp)
9d004c58:	03e00008 	jr	ra
9d004c5c:	27bd0040 	addiu	sp,sp,64
9d004c60:	24430008 	addiu	v1,v0,8
9d004c64:	8c420014 	lw	v0,20(v0)
9d004c68:	1062ff83 	beq	v1,v0,9d004a78 <malloc+0x160>
9d004c6c:	25080002 	addiu	t0,t0,2
9d004c70:	0b40125f 	j	9d00497c <malloc+0x64>
9d004c74:	8c430004 	lw	v1,4(v0)
9d004c78:	00081083 	sra	v0,t0,0x2
9d004c7c:	24070001 	li	a3,1
9d004c80:	00473804 	sllv	a3,a3,v0
9d004c84:	0087102b 	sltu	v0,a0,a3
9d004c88:	5440002a 	bnezl	v0,9d004d34 <malloc+0x41c>
9d004c8c:	8e320008 	lw	s2,8(s1)
9d004c90:	00871024 	and	v0,a0,a3
9d004c94:	50400070 	beqzl	v0,9d004e58 <malloc+0x540>
9d004c98:	00073840 	sll	a3,a3,0x1
9d004c9c:	000850c0 	sll	t2,t0,0x3
9d004ca0:	022a5021 	addu	t2,s1,t2
9d004ca4:	01404821 	move	t1,t2
9d004ca8:	01005821 	move	t3,t0
9d004cac:	8d22000c 	lw	v0,12(t1)
9d004cb0:	55220009 	bnel	t1,v0,9d004cd8 <malloc+0x3c0>
9d004cb4:	8c440004 	lw	a0,4(v0)
9d004cb8:	0b4013a3 	j	9d004e8c <malloc+0x574>
9d004cbc:	256b0001 	addiu	t3,t3,1
9d004cc0:	04630090 	bgezl	v1,9d004f04 <malloc+0x5ec>
9d004cc4:	00442021 	addu	a0,v0,a0
9d004cc8:	8c42000c 	lw	v0,12(v0)
9d004ccc:	5122006f 	beql	t1,v0,9d004e8c <malloc+0x574>
9d004cd0:	256b0001 	addiu	t3,t3,1
9d004cd4:	8c440004 	lw	a0,4(v0)
9d004cd8:	7c040804 	ins	a0,zero,0x0,0x2
9d004cdc:	00901823 	subu	v1,a0,s0
9d004ce0:	28650010 	slti	a1,v1,16
9d004ce4:	14a0fff6 	bnez	a1,9d004cc0 <malloc+0x3a8>
9d004ce8:	00000000 	nop
9d004cec:	8c45000c 	lw	a1,12(v0)
9d004cf0:	8c470008 	lw	a3,8(v0)
9d004cf4:	00502021 	addu	a0,v0,s0
9d004cf8:	36100001 	ori	s0,s0,0x1
9d004cfc:	34690001 	ori	t1,v1,0x1
9d004d00:	00834021 	addu	t0,a0,v1
9d004d04:	ac500004 	sw	s0,4(v0)
9d004d08:	24420008 	addiu	v0,v0,8
9d004d0c:	ace5000c 	sw	a1,12(a3)
9d004d10:	aca70008 	sw	a3,8(a1)
9d004d14:	ae240014 	sw	a0,20(s1)
9d004d18:	ae240010 	sw	a0,16(s1)
9d004d1c:	ac86000c 	sw	a2,12(a0)
9d004d20:	ac860008 	sw	a2,8(a0)
9d004d24:	ac890004 	sw	t1,4(a0)
9d004d28:	0b401269 	j	9d0049a4 <malloc+0x8c>
9d004d2c:	ad030000 	sw	v1,0(t0)
9d004d30:	8e320008 	lw	s2,8(s1)
9d004d34:	8e540004 	lw	s4,4(s2)
9d004d38:	7c140804 	ins	s4,zero,0x0,0x2
9d004d3c:	0290102b 	sltu	v0,s4,s0
9d004d40:	14400004 	bnez	v0,9d004d54 <malloc+0x43c>
9d004d44:	02901023 	subu	v0,s4,s0
9d004d48:	28430010 	slti	v1,v0,16
9d004d4c:	10600024 	beqz	v1,9d004de0 <malloc+0x4c8>
9d004d50:	02501821 	addu	v1,s2,s0
9d004d54:	3c02a001 	lui	v0,0xa001
9d004d58:	8c5541ac 	lw	s5,16812(v0)
9d004d5c:	3c1ea001 	lui	s8,0xa001
9d004d60:	0254b821 	addu	s7,s2,s4
9d004d64:	26b50010 	addiu	s5,s5,16
9d004d68:	0f403240 	jal	9d00c900 <getpagesize>
9d004d6c:	02b0a821 	addu	s5,s5,s0
9d004d70:	0040b021 	move	s6,v0
9d004d74:	8fc33c10 	lw	v1,15376(s8)
9d004d78:	2402ffff 	li	v0,-1
9d004d7c:	10620004 	beq	v1,v0,9d004d90 <malloc+0x478>
9d004d80:	26a2ffff 	addiu	v0,s5,-1
9d004d84:	00561021 	addu	v0,v0,s6
9d004d88:	0016a823 	negu	s5,s6
9d004d8c:	02a2a824 	and	s5,s5,v0
9d004d90:	0f403066 	jal	9d00c198 <sbrk>
9d004d94:	02a02021 	move	a0,s5
9d004d98:	00409821 	move	s3,v0
9d004d9c:	2402ffff 	li	v0,-1
9d004da0:	52620007 	beql	s3,v0,9d004dc0 <malloc+0x4a8>
9d004da4:	8e320008 	lw	s2,8(s1)
9d004da8:	0277102b 	sltu	v0,s3,s7
9d004dac:	1040005e 	beqz	v0,9d004f28 <malloc+0x610>
9d004db0:	3c03a001 	lui	v1,0xa001
9d004db4:	5251005d 	beql	s2,s1,9d004f2c <malloc+0x614>
9d004db8:	8c62417c 	lw	v0,16764(v1)
9d004dbc:	8e320008 	lw	s2,8(s1)
9d004dc0:	8e420004 	lw	v0,4(s2)
9d004dc4:	7c020804 	ins	v0,zero,0x0,0x2
9d004dc8:	0050182b 	sltu	v1,v0,s0
9d004dcc:	146000a1 	bnez	v1,9d005054 <malloc+0x73c>
9d004dd0:	00501023 	subu	v0,v0,s0
9d004dd4:	28430010 	slti	v1,v0,16
9d004dd8:	1460009e 	bnez	v1,9d005054 <malloc+0x73c>
9d004ddc:	02501821 	addu	v1,s2,s0
9d004de0:	36100001 	ori	s0,s0,0x1
9d004de4:	34440001 	ori	a0,v0,0x1
9d004de8:	ae500004 	sw	s0,4(s2)
9d004dec:	26420008 	addiu	v0,s2,8
9d004df0:	ae230008 	sw	v1,8(s1)
9d004df4:	0b401269 	j	9d0049a4 <malloc+0x8c>
9d004df8:	ac640004 	sw	a0,4(v1)
9d004dfc:	14600020 	bnez	v1,9d004e80 <malloc+0x568>
9d004e00:	00104302 	srl	t0,s0,0xc
9d004e04:	2c430155 	sltiu	v1,v0,341
9d004e08:	10600088 	beqz	v1,9d00502c <malloc+0x714>
9d004e0c:	2c420555 	sltiu	v0,v0,1365
9d004e10:	001043c2 	srl	t0,s0,0xf
9d004e14:	25080077 	addiu	t0,t0,119
9d004e18:	0b401288 	j	9d004a20 <malloc+0x108>
9d004e1c:	00083040 	sll	a2,t0,0x1
9d004e20:	000418c0 	sll	v1,a0,0x3
9d004e24:	02231821 	addu	v1,s1,v1
9d004e28:	8e270004 	lw	a3,4(s1)
9d004e2c:	8c650008 	lw	a1,8(v1)
9d004e30:	00042083 	sra	a0,a0,0x2
9d004e34:	24090001 	li	t1,1
9d004e38:	00892004 	sllv	a0,t1,a0
9d004e3c:	00872025 	or	a0,a0,a3
9d004e40:	ac43000c 	sw	v1,12(v0)
9d004e44:	ac450008 	sw	a1,8(v0)
9d004e48:	ae240004 	sw	a0,4(s1)
9d004e4c:	ac620008 	sw	v0,8(v1)
9d004e50:	0b40131e 	j	9d004c78 <malloc+0x360>
9d004e54:	aca2000c 	sw	v0,12(a1)
9d004e58:	7c080804 	ins	t0,zero,0x0,0x2
9d004e5c:	00871024 	and	v0,a0,a3
9d004e60:	1440ff8e 	bnez	v0,9d004c9c <malloc+0x384>
9d004e64:	25080004 	addiu	t0,t0,4
9d004e68:	00073840 	sll	a3,a3,0x1
9d004e6c:	00871024 	and	v0,a0,a3
9d004e70:	1040fffd 	beqz	v0,9d004e68 <malloc+0x550>
9d004e74:	25080004 	addiu	t0,t0,4
9d004e78:	0b401328 	j	9d004ca0 <malloc+0x388>
9d004e7c:	000850c0 	sll	t2,t0,0x3
9d004e80:	2508006e 	addiu	t0,t0,110
9d004e84:	0b401288 	j	9d004a20 <malloc+0x108>
9d004e88:	00083040 	sll	a2,t0,0x1
9d004e8c:	31620003 	andi	v0,t3,0x3
9d004e90:	1440ff86 	bnez	v0,9d004cac <malloc+0x394>
9d004e94:	25290008 	addiu	t1,t1,8
9d004e98:	0b4013ab 	j	9d004eac <malloc+0x594>
9d004e9c:	2542fff8 	addiu	v0,t2,-8
9d004ea0:	15420009 	bne	t2,v0,9d004ec8 <malloc+0x5b0>
9d004ea4:	2508ffff 	addiu	t0,t0,-1
9d004ea8:	2542fff8 	addiu	v0,t2,-8
9d004eac:	31030003 	andi	v1,t0,0x3
9d004eb0:	5460fffb 	bnezl	v1,9d004ea0 <malloc+0x588>
9d004eb4:	8d4a0000 	lw	t2,0(t2)
9d004eb8:	8e220004 	lw	v0,4(s1)
9d004ebc:	00071827 	nor	v1,zero,a3
9d004ec0:	00621024 	and	v0,v1,v0
9d004ec4:	ae220004 	sw	v0,4(s1)
9d004ec8:	8e220004 	lw	v0,4(s1)
9d004ecc:	00073840 	sll	a3,a3,0x1
9d004ed0:	0047182b 	sltu	v1,v0,a3
9d004ed4:	5460ff97 	bnezl	v1,9d004d34 <malloc+0x41c>
9d004ed8:	8e320008 	lw	s2,8(s1)
9d004edc:	10e0ff94 	beqz	a3,9d004d30 <malloc+0x418>
9d004ee0:	00e21824 	and	v1,a3,v0
9d004ee4:	1460ff6d 	bnez	v1,9d004c9c <malloc+0x384>
9d004ee8:	01604021 	move	t0,t3
9d004eec:	00073840 	sll	a3,a3,0x1
9d004ef0:	00e21824 	and	v1,a3,v0
9d004ef4:	1060fffd 	beqz	v1,9d004eec <malloc+0x5d4>
9d004ef8:	25080004 	addiu	t0,t0,4
9d004efc:	0b401328 	j	9d004ca0 <malloc+0x388>
9d004f00:	000850c0 	sll	t2,t0,0x3
9d004f04:	8c860004 	lw	a2,4(a0)
9d004f08:	8c43000c 	lw	v1,12(v0)
9d004f0c:	8c450008 	lw	a1,8(v0)
9d004f10:	34c60001 	ori	a2,a2,0x1
9d004f14:	ac860004 	sw	a2,4(a0)
9d004f18:	24420008 	addiu	v0,v0,8
9d004f1c:	aca3000c 	sw	v1,12(a1)
9d004f20:	0b401269 	j	9d0049a4 <malloc+0x8c>
9d004f24:	ac650008 	sw	a1,8(v1)
9d004f28:	8c62417c 	lw	v0,16764(v1)
9d004f2c:	26c5ffff 	addiu	a1,s6,-1
9d004f30:	02a21021 	addu	v0,s5,v0
9d004f34:	12f3005c 	beq	s7,s3,9d0050a8 <malloc+0x790>
9d004f38:	ac62417c 	sw	v0,16764(v1)
9d004f3c:	8fc63c10 	lw	a2,15376(s8)
9d004f40:	2404ffff 	li	a0,-1
9d004f44:	50c40068 	beql	a2,a0,9d0050e8 <malloc+0x7d0>
9d004f48:	3c02a001 	lui	v0,0xa001
9d004f4c:	0277b823 	subu	s7,s3,s7
9d004f50:	00571021 	addu	v0,v0,s7
9d004f54:	ac62417c 	sw	v0,16764(v1)
9d004f58:	32640007 	andi	a0,s3,0x7
9d004f5c:	10800004 	beqz	a0,9d004f70 <malloc+0x658>
9d004f60:	00001021 	move	v0,zero
9d004f64:	24020008 	li	v0,8
9d004f68:	00441023 	subu	v0,v0,a0
9d004f6c:	02629821 	addu	s3,s3,v0
9d004f70:	0275a821 	addu	s5,s3,s5
9d004f74:	00561021 	addu	v0,v0,s6
9d004f78:	02a52824 	and	a1,s5,a1
9d004f7c:	0045a823 	subu	s5,v0,a1
9d004f80:	02a02021 	move	a0,s5
9d004f84:	0f403066 	jal	9d00c198 <sbrk>
9d004f88:	afa30010 	sw	v1,16(sp)
9d004f8c:	2404ffff 	li	a0,-1
9d004f90:	10440052 	beq	v0,a0,9d0050dc <malloc+0x7c4>
9d004f94:	8fa30010 	lw	v1,16(sp)
9d004f98:	00531023 	subu	v0,v0,s3
9d004f9c:	02a22021 	addu	a0,s5,v0
9d004fa0:	34840001 	ori	a0,a0,0x1
9d004fa4:	8c62417c 	lw	v0,16764(v1)
9d004fa8:	ae330008 	sw	s3,8(s1)
9d004fac:	02a21021 	addu	v0,s5,v0
9d004fb0:	ac62417c 	sw	v0,16764(v1)
9d004fb4:	1251000f 	beq	s2,s1,9d004ff4 <malloc+0x6dc>
9d004fb8:	ae640004 	sw	a0,4(s3)
9d004fbc:	2e830010 	sltiu	v1,s4,16
9d004fc0:	14600028 	bnez	v1,9d005064 <malloc+0x74c>
9d004fc4:	2683fff4 	addiu	v1,s4,-12
9d004fc8:	7c031004 	ins	v1,zero,0x0,0x3
9d004fcc:	02432021 	addu	a0,s2,v1
9d004fd0:	24050005 	li	a1,5
9d004fd4:	ac850004 	sw	a1,4(a0)
9d004fd8:	ac850008 	sw	a1,8(a0)
9d004fdc:	8e450004 	lw	a1,4(s2)
9d004fe0:	2c640010 	sltiu	a0,v1,16
9d004fe4:	30a50001 	andi	a1,a1,0x1
9d004fe8:	00651825 	or	v1,v1,a1
9d004fec:	10800036 	beqz	a0,9d0050c8 <malloc+0x7b0>
9d004ff0:	ae430004 	sw	v1,4(s2)
9d004ff4:	3c03a001 	lui	v1,0xa001
9d004ff8:	8c6441a8 	lw	a0,16808(v1)
9d004ffc:	0082202b 	sltu	a0,a0,v0
9d005000:	54800001 	bnezl	a0,9d005008 <malloc+0x6f0>
9d005004:	ac6241a8 	sw	v0,16808(v1)
9d005008:	3c03a001 	lui	v1,0xa001
9d00500c:	8c6441a4 	lw	a0,16804(v1)
9d005010:	0082202b 	sltu	a0,a0,v0
9d005014:	10800002 	beqz	a0,9d005020 <malloc+0x708>
9d005018:	8e320008 	lw	s2,8(s1)
9d00501c:	ac6241a4 	sw	v0,16804(v1)
9d005020:	8e420004 	lw	v0,4(s2)
9d005024:	0b401372 	j	9d004dc8 <malloc+0x4b0>
9d005028:	7c020804 	ins	v0,zero,0x0,0x2
9d00502c:	5040000b 	beqzl	v0,9d00505c <malloc+0x744>
9d005030:	240600fc 	li	a2,252
9d005034:	00104482 	srl	t0,s0,0x12
9d005038:	2508007c 	addiu	t0,t0,124
9d00503c:	0b401288 	j	9d004a20 <malloc+0x108>
9d005040:	00083040 	sll	a2,t0,0x1
9d005044:	50a00013 	beqzl	a1,9d005094 <malloc+0x77c>
9d005048:	2c650055 	sltiu	a1,v1,85
9d00504c:	0b4012c9 	j	9d004b24 <malloc+0x20c>
9d005050:	2465005b 	addiu	a1,v1,91
9d005054:	0b401269 	j	9d0049a4 <malloc+0x8c>
9d005058:	00001021 	move	v0,zero
9d00505c:	0b401288 	j	9d004a20 <malloc+0x108>
9d005060:	2408007e 	li	t0,126
9d005064:	24020001 	li	v0,1
9d005068:	ae620004 	sw	v0,4(s3)
9d00506c:	02609021 	move	s2,s3
9d005070:	0b401372 	j	9d004dc8 <malloc+0x4b0>
9d005074:	00001021 	move	v0,zero
9d005078:	00052883 	sra	a1,a1,0x2
9d00507c:	24070001 	li	a3,1
9d005080:	00a72804 	sllv	a1,a3,a1
9d005084:	00a42025 	or	a0,a1,a0
9d005088:	ae240004 	sw	a0,4(s1)
9d00508c:	0b4012d8 	j	9d004b60 <malloc+0x248>
9d005090:	00602821 	move	a1,v1
9d005094:	50a00016 	beqzl	a1,9d0050f0 <malloc+0x7d8>
9d005098:	2c650155 	sltiu	a1,v1,341
9d00509c:	00042b02 	srl	a1,a0,0xc
9d0050a0:	0b4012c9 	j	9d004b24 <malloc+0x20c>
9d0050a4:	24a5006e 	addiu	a1,a1,110
9d0050a8:	02e52024 	and	a0,s7,a1
9d0050ac:	5480ffa4 	bnezl	a0,9d004f40 <malloc+0x628>
9d0050b0:	8fc63c10 	lw	a2,15376(s8)
9d0050b4:	8e230008 	lw	v1,8(s1)
9d0050b8:	02b42021 	addu	a0,s5,s4
9d0050bc:	34840001 	ori	a0,a0,0x1
9d0050c0:	0b4013fd 	j	9d004ff4 <malloc+0x6dc>
9d0050c4:	ac640004 	sw	a0,4(v1)
9d0050c8:	0f4023d8 	jal	9d008f60 <free>
9d0050cc:	26440008 	addiu	a0,s2,8
9d0050d0:	3c02a001 	lui	v0,0xa001
9d0050d4:	0b4013fd 	j	9d004ff4 <malloc+0x6dc>
9d0050d8:	8c42417c 	lw	v0,16764(v0)
9d0050dc:	24040001 	li	a0,1
9d0050e0:	0b4013e9 	j	9d004fa4 <malloc+0x68c>
9d0050e4:	0000a821 	move	s5,zero
9d0050e8:	0b4013d6 	j	9d004f58 <malloc+0x640>
9d0050ec:	ac533c10 	sw	s3,15376(v0)
9d0050f0:	10a00004 	beqz	a1,9d005104 <malloc+0x7ec>
9d0050f4:	2c630555 	sltiu	v1,v1,1365
9d0050f8:	00042bc2 	srl	a1,a0,0xf
9d0050fc:	0b4012c9 	j	9d004b24 <malloc+0x20c>
9d005100:	24a50077 	addiu	a1,a1,119
9d005104:	1060fe87 	beqz	v1,9d004b24 <malloc+0x20c>
9d005108:	2405007e 	li	a1,126
9d00510c:	00042c82 	srl	a1,a0,0x12
9d005110:	0b4012c9 	j	9d004b24 <malloc+0x20c>
9d005114:	24a5007c 	addiu	a1,a1,124

Disassembly of section .text._fconvert:

9d005118 <_fconvert>:
9d005118:	27bdfd88 	addiu	sp,sp,-632
9d00511c:	afbf0274 	sw	ra,628(sp)
9d005120:	afbe0270 	sw	s8,624(sp)
9d005124:	afb7026c 	sw	s7,620(sp)
9d005128:	afb60268 	sw	s6,616(sp)
9d00512c:	afb50264 	sw	s5,612(sp)
9d005130:	afb40260 	sw	s4,608(sp)
9d005134:	afb3025c 	sw	s3,604(sp)
9d005138:	afb20258 	sw	s2,600(sp)
9d00513c:	afb10254 	sw	s1,596(sp)
9d005140:	afb00250 	sw	s0,592(sp)
9d005144:	00e08021 	move	s0,a3
9d005148:	3c027ff0 	lui	v0,0x7ff0
9d00514c:	00e21824 	and	v1,a3,v0
9d005150:	afa40278 	sw	a0,632(sp)
9d005154:	00c08821 	move	s1,a2
9d005158:	8fb20290 	lw	s2,656(sp)
9d00515c:	97a40294 	lhu	a0,660(sp)
9d005160:	106200f6 	beq	v1,v0,9d00553c <_fconvert+0x424>
9d005164:	afa40240 	sw	a0,576(sp)
9d005168:	2402ffff 	li	v0,-1
9d00516c:	1242014d 	beq	s2,v0,9d0056a4 <_fconvert+0x58c>
9d005170:	2a420028 	slti	v0,s2,40
9d005174:	14400009 	bnez	v0,9d00519c <_fconvert+0x84>
9d005178:	afa00244 	sw	zero,580(sp)
9d00517c:	8fa30288 	lw	v1,648(sp)
9d005180:	7c032944 	ins	v1,zero,0x5,0x1
9d005184:	24020047 	li	v0,71
9d005188:	10620163 	beq	v1,v0,9d005718 <_fconvert+0x600>
9d00518c:	8fa40240 	lw	a0,576(sp)
9d005190:	2652ffd9 	addiu	s2,s2,-39
9d005194:	afb20244 	sw	s2,580(sp)
9d005198:	24120027 	li	s2,39
9d00519c:	a3a00019 	sb	zero,25(sp)
9d0051a0:	0600007e 	bltz	s0,9d00539c <_fconvert+0x284>
9d0051a4:	afa00248 	sw	zero,584(sp)
9d0051a8:	02202021 	move	a0,s1
9d0051ac:	02002821 	move	a1,s0
9d0051b0:	0f402a15 	jal	9d00a854 <dpmodf>
9d0051b4:	27a60230 	addiu	a2,sp,560
9d0051b8:	afa20238 	sw	v0,568(sp)
9d0051bc:	afa3023c 	sw	v1,572(sp)
9d0051c0:	8fb00230 	lw	s0,560(sp)
9d0051c4:	8fb10234 	lw	s1,564(sp)
9d0051c8:	00003021 	move	a2,zero
9d0051cc:	00003821 	move	a3,zero
9d0051d0:	02002021 	move	a0,s0
9d0051d4:	0f4029ca 	jal	9d00a728 <__eqdf2>
9d0051d8:	02202821 	move	a1,s1
9d0051dc:	1040015a 	beqz	v0,9d005748 <_fconvert+0x630>
9d0051e0:	0000a821 	move	s5,zero
9d0051e4:	3c139d01 	lui	s3,0x9d01
9d0051e8:	8e77bc88 	lw	s7,-17272(s3)
9d0051ec:	8e76bc8c 	lw	s6,-17268(s3)
9d0051f0:	27b40218 	addiu	s4,sp,536
9d0051f4:	02e0f021 	move	s8,s7
9d0051f8:	02c09821 	move	s3,s6
9d0051fc:	02e03021 	move	a2,s7
9d005200:	02c03821 	move	a3,s6
9d005204:	02002021 	move	a0,s0
9d005208:	0f4018c7 	jal	9d00631c <__divdf3>
9d00520c:	02202821 	move	a1,s1
9d005210:	00402021 	move	a0,v0
9d005214:	00602821 	move	a1,v1
9d005218:	0f402a15 	jal	9d00a854 <dpmodf>
9d00521c:	27a60230 	addiu	a2,sp,560
9d005220:	3c049d01 	lui	a0,0x9d01
9d005224:	2484bc90 	addiu	a0,a0,-17264
9d005228:	8c860000 	lw	a2,0(a0)
9d00522c:	8c870004 	lw	a3,4(a0)
9d005230:	00402021 	move	a0,v0
9d005234:	00602821 	move	a1,v1
9d005238:	afa20228 	sw	v0,552(sp)
9d00523c:	0f401d53 	jal	9d00754c <__adddf3>
9d005240:	afa3022c 	sw	v1,556(sp)
9d005244:	00402021 	move	a0,v0
9d005248:	00602821 	move	a1,v1
9d00524c:	03c03021 	move	a2,s8
9d005250:	0f402109 	jal	9d008424 <.LFE23>
9d005254:	02603821 	move	a3,s3
9d005258:	00402021 	move	a0,v0
9d00525c:	0f402e22 	jal	9d00b888 <__fixdfsi>
9d005260:	00602821 	move	a1,v1
9d005264:	8fb00230 	lw	s0,560(sp)
9d005268:	8fb10234 	lw	s1,564(sp)
9d00526c:	2694ffff 	addiu	s4,s4,-1
9d005270:	24420030 	addiu	v0,v0,48
9d005274:	02002021 	move	a0,s0
9d005278:	02202821 	move	a1,s1
9d00527c:	00003021 	move	a2,zero
9d005280:	00003821 	move	a3,zero
9d005284:	a2820001 	sb	v0,1(s4)
9d005288:	0f4029ca 	jal	9d00a728 <__eqdf2>
9d00528c:	26b50001 	addiu	s5,s5,1
9d005290:	1440ffdb 	bnez	v0,9d005200 <_fconvert+0xe8>
9d005294:	02e03021 	move	a2,s7
9d005298:	24020046 	li	v0,70
9d00529c:	8fa50288 	lw	a1,648(sp)
9d0052a0:	10a20043 	beq	a1,v0,9d0053b0 <_fconvert+0x298>
9d0052a4:	24020066 	li	v0,102
9d0052a8:	10a20041 	beq	a1,v0,9d0053b0 <_fconvert+0x298>
9d0052ac:	0000b021 	move	s6,zero
9d0052b0:	83a40019 	lb	a0,25(sp)
9d0052b4:	27a20019 	addiu	v0,sp,25
9d0052b8:	27a3001a 	addiu	v1,sp,26
9d0052bc:	0064100a 	movz	v0,v1,a0
9d0052c0:	8fa40248 	lw	a0,584(sp)
9d0052c4:	10800029 	beqz	a0,9d00536c <_fconvert+0x254>
9d0052c8:	8fa50240 	lw	a1,576(sp)
9d0052cc:	2452ffff 	addiu	s2,v0,-1
9d0052d0:	a044ffff 	sb	a0,-1(v0)
9d0052d4:	26d60001 	addiu	s6,s6,1
9d0052d8:	8fa50240 	lw	a1,576(sp)
9d0052dc:	30b10008 	andi	s1,a1,0x8
9d0052e0:	3231ffff 	andi	s1,s1,0xffff
9d0052e4:	8fa20244 	lw	v0,580(sp)
9d0052e8:	1620007d 	bnez	s1,9d0054e0 <_fconvert+0x3c8>
9d0052ec:	02c28021 	addu	s0,s6,v0
9d0052f0:	8fa3028c 	lw	v1,652(sp)
9d0052f4:	0203102a 	slt	v0,s0,v1
9d0052f8:	5040007a 	beqzl	v0,9d0054e4 <_fconvert+0x3cc>
9d0052fc:	02402021 	move	a0,s2
9d005300:	8fa40240 	lw	a0,576(sp)
9d005304:	30820004 	andi	v0,a0,0x4
9d005308:	10400108 	beqz	v0,9d00572c <_fconvert+0x614>
9d00530c:	8fa40278 	lw	a0,632(sp)
9d005310:	00702823 	subu	a1,v1,s0
9d005314:	3c069d01 	lui	a2,0x9d01
9d005318:	0f402d62 	jal	9d00b588 <repl>
9d00531c:	24c6bc44 	addiu	a2,a2,-17340
9d005320:	2403ffff 	li	v1,-1
9d005324:	1443006f 	bne	v0,v1,9d0054e4 <_fconvert+0x3cc>
9d005328:	02402021 	move	a0,s2
9d00532c:	8fa3028c 	lw	v1,652(sp)
9d005330:	0203102a 	slt	v0,s0,v1
9d005334:	0202180a 	movz	v1,s0,v0
9d005338:	00601021 	move	v0,v1
9d00533c:	8fbf0274 	lw	ra,628(sp)
9d005340:	8fbe0270 	lw	s8,624(sp)
9d005344:	8fb7026c 	lw	s7,620(sp)
9d005348:	8fb60268 	lw	s6,616(sp)
9d00534c:	8fb50264 	lw	s5,612(sp)
9d005350:	8fb40260 	lw	s4,608(sp)
9d005354:	8fb3025c 	lw	s3,604(sp)
9d005358:	8fb20258 	lw	s2,600(sp)
9d00535c:	8fb10254 	lw	s1,596(sp)
9d005360:	8fb00250 	lw	s0,592(sp)
9d005364:	03e00008 	jr	ra
9d005368:	27bd0278 	addiu	sp,sp,632
9d00536c:	30a30002 	andi	v1,a1,0x2
9d005370:	546000d3 	bnezl	v1,9d0056c0 <_fconvert+0x5a8>
9d005374:	2452ffff 	addiu	s2,v0,-1
9d005378:	8fa40240 	lw	a0,576(sp)
9d00537c:	30830001 	andi	v1,a0,0x1
9d005380:	1060ffd5 	beqz	v1,9d0052d8 <_fconvert+0x1c0>
9d005384:	00409021 	move	s2,v0
9d005388:	2452ffff 	addiu	s2,v0,-1
9d00538c:	24030020 	li	v1,32
9d005390:	a043ffff 	sb	v1,-1(v0)
9d005394:	0b4014b6 	j	9d0052d8 <_fconvert+0x1c0>
9d005398:	26d60001 	addiu	s6,s6,1
9d00539c:	3c028000 	lui	v0,0x8000
9d0053a0:	02028026 	xor	s0,s0,v0
9d0053a4:	2405002d 	li	a1,45
9d0053a8:	0b40146a 	j	9d0051a8 <_fconvert+0x90>
9d0053ac:	afa50248 	sw	a1,584(sp)
9d0053b0:	12a00082 	beqz	s5,9d0055bc <_fconvert+0x4a4>
9d0053b4:	24020030 	li	v0,48
9d0053b8:	26820001 	addiu	v0,s4,1
9d0053bc:	27a50219 	addiu	a1,sp,537
9d0053c0:	0045182b 	sltu	v1,v0,a1
9d0053c4:	106000f9 	beqz	v1,9d0057ac <_fconvert+0x694>
9d0053c8:	27b1001a 	addiu	s1,sp,26
9d0053cc:	02201821 	move	v1,s1
9d0053d0:	80440000 	lb	a0,0(v0)
9d0053d4:	24630001 	addiu	v1,v1,1
9d0053d8:	24420001 	addiu	v0,v0,1
9d0053dc:	1445fffc 	bne	v0,a1,9d0053d0 <_fconvert+0x2b8>
9d0053e0:	a064ffff 	sb	a0,-1(v1)
9d0053e4:	03b48023 	subu	s0,sp,s4
9d0053e8:	26100218 	addiu	s0,s0,536
9d0053ec:	02308021 	addu	s0,s1,s0
9d0053f0:	12400077 	beqz	s2,9d0055d0 <_fconvert+0x4b8>
9d0053f4:	8fa30240 	lw	v1,576(sp)
9d0053f8:	8fa40238 	lw	a0,568(sp)
9d0053fc:	8fa5023c 	lw	a1,572(sp)
9d005400:	00003021 	move	a2,zero
9d005404:	00003821 	move	a3,zero
9d005408:	26160001 	addiu	s6,s0,1
9d00540c:	2402002e 	li	v0,46
9d005410:	0f4029ca 	jal	9d00a728 <__eqdf2>
9d005414:	a2020000 	sb	v0,0(s0)
9d005418:	1040009a 	beqz	v0,9d005684 <_fconvert+0x56c>
9d00541c:	2643ffff 	addiu	v1,s2,-1
9d005420:	3c139d01 	lui	s3,0x9d01
9d005424:	8e74bc88 	lw	s4,-17272(s3)
9d005428:	0b401510 	j	9d005440 <_fconvert+0x328>
9d00542c:	8e75bc8c 	lw	s5,-17268(s3)
9d005430:	0f4029ca 	jal	9d00a728 <__eqdf2>
9d005434:	00000000 	nop
9d005438:	10400092 	beqz	v0,9d005684 <_fconvert+0x56c>
9d00543c:	2643ffff 	addiu	v1,s2,-1
9d005440:	02803021 	move	a2,s4
9d005444:	02a03821 	move	a3,s5
9d005448:	8fa40238 	lw	a0,568(sp)
9d00544c:	0f402109 	jal	9d008424 <.LFE23>
9d005450:	8fa5023c 	lw	a1,572(sp)
9d005454:	00402021 	move	a0,v0
9d005458:	00602821 	move	a1,v1
9d00545c:	0f402a15 	jal	9d00a854 <dpmodf>
9d005460:	27a60228 	addiu	a2,sp,552
9d005464:	afa20238 	sw	v0,568(sp)
9d005468:	afa3023c 	sw	v1,572(sp)
9d00546c:	8fa40228 	lw	a0,552(sp)
9d005470:	8fa5022c 	lw	a1,556(sp)
9d005474:	26d60001 	addiu	s6,s6,1
9d005478:	0f402e22 	jal	9d00b888 <__fixdfsi>
9d00547c:	2652ffff 	addiu	s2,s2,-1
9d005480:	8fa40238 	lw	a0,568(sp)
9d005484:	8fa5023c 	lw	a1,572(sp)
9d005488:	00003021 	move	a2,zero
9d00548c:	00003821 	move	a3,zero
9d005490:	24420030 	addiu	v0,v0,48
9d005494:	1640ffe6 	bnez	s2,9d005430 <_fconvert+0x318>
9d005498:	a2c2ffff 	sb	v0,-1(s6)
9d00549c:	8fa40238 	lw	a0,568(sp)
9d0054a0:	8fa5023c 	lw	a1,572(sp)
9d0054a4:	00003021 	move	a2,zero
9d0054a8:	0f4029ca 	jal	9d00a728 <__eqdf2>
9d0054ac:	00003821 	move	a3,zero
9d0054b0:	14400052 	bnez	v0,9d0055fc <_fconvert+0x4e4>
9d0054b4:	8e66bc88 	lw	a2,-17272(s3)
9d0054b8:	02d1b023 	subu	s6,s6,s1
9d0054bc:	83a40019 	lb	a0,25(sp)
9d0054c0:	27a20019 	addiu	v0,sp,25
9d0054c4:	27a3001a 	addiu	v1,sp,26
9d0054c8:	0064100a 	movz	v0,v1,a0
9d0054cc:	8fa40248 	lw	a0,584(sp)
9d0054d0:	1080ffa6 	beqz	a0,9d00536c <_fconvert+0x254>
9d0054d4:	8fa50240 	lw	a1,576(sp)
9d0054d8:	0b4014b4 	j	9d0052d0 <_fconvert+0x1b8>
9d0054dc:	2452ffff 	addiu	s2,v0,-1
9d0054e0:	02402021 	move	a0,s2
9d0054e4:	02c02821 	move	a1,s6
9d0054e8:	0f402fb9 	jal	9d00bee4 <__sputn>
9d0054ec:	8fa60278 	lw	a2,632(sp)
9d0054f0:	2412ffff 	li	s2,-1
9d0054f4:	1052ff8d 	beq	v0,s2,9d00532c <_fconvert+0x214>
9d0054f8:	8fa30244 	lw	v1,580(sp)
9d0054fc:	14600074 	bnez	v1,9d0056d0 <_fconvert+0x5b8>
9d005500:	8fa40278 	lw	a0,632(sp)
9d005504:	1220ff8a 	beqz	s1,9d005330 <_fconvert+0x218>
9d005508:	8fa3028c 	lw	v1,652(sp)
9d00550c:	8fa4028c 	lw	a0,652(sp)
9d005510:	0204102a 	slt	v0,s0,a0
9d005514:	1040ff87 	beqz	v0,9d005334 <_fconvert+0x21c>
9d005518:	0203102a 	slt	v0,s0,v1
9d00551c:	8fa40278 	lw	a0,632(sp)
9d005520:	8fa2028c 	lw	v0,652(sp)
9d005524:	00502823 	subu	a1,v0,s0
9d005528:	3c069d01 	lui	a2,0x9d01
9d00552c:	0f402d62 	jal	9d00b588 <repl>
9d005530:	24c6bc64 	addiu	a2,a2,-17308
9d005534:	0b4014cc 	j	9d005330 <_fconvert+0x218>
9d005538:	8fa3028c 	lw	v1,652(sp)
9d00553c:	00c02021 	move	a0,a2
9d005540:	00e02821 	move	a1,a3
9d005544:	02203021 	move	a2,s1
9d005548:	0f4029ca 	jal	9d00a728 <__eqdf2>
9d00554c:	02003821 	move	a3,s0
9d005550:	14400067 	bnez	v0,9d0056f0 <_fconvert+0x5d8>
9d005554:	02202021 	move	a0,s1
9d005558:	02002821 	move	a1,s0
9d00555c:	00003021 	move	a2,zero
9d005560:	0f4029ca 	jal	9d00a728 <__eqdf2>
9d005564:	00003821 	move	a3,zero
9d005568:	04400079 	bltz	v0,9d005750 <_fconvert+0x638>
9d00556c:	8fa30240 	lw	v1,576(sp)
9d005570:	afa30010 	sw	v1,16(sp)
9d005574:	8fa40278 	lw	a0,632(sp)
9d005578:	3c059d01 	lui	a1,0x9d01
9d00557c:	24a5bc34 	addiu	a1,a1,-17356
9d005580:	24060004 	li	a2,4
9d005584:	0f40292e 	jal	9d00a4b8 <.LFE11>
9d005588:	8fa7028c 	lw	a3,652(sp)
9d00558c:	8fbf0274 	lw	ra,628(sp)
9d005590:	8fbe0270 	lw	s8,624(sp)
9d005594:	8fb7026c 	lw	s7,620(sp)
9d005598:	8fb60268 	lw	s6,616(sp)
9d00559c:	8fb50264 	lw	s5,612(sp)
9d0055a0:	8fb40260 	lw	s4,608(sp)
9d0055a4:	8fb3025c 	lw	s3,604(sp)
9d0055a8:	8fb20258 	lw	s2,600(sp)
9d0055ac:	8fb10254 	lw	s1,596(sp)
9d0055b0:	8fb00250 	lw	s0,592(sp)
9d0055b4:	03e00008 	jr	ra
9d0055b8:	27bd0278 	addiu	sp,sp,632
9d0055bc:	a3a2001a 	sb	v0,26(sp)
9d0055c0:	27b0001b 	addiu	s0,sp,27
9d0055c4:	1640ff8c 	bnez	s2,9d0053f8 <_fconvert+0x2e0>
9d0055c8:	27b1001a 	addiu	s1,sp,26
9d0055cc:	8fa30240 	lw	v1,576(sp)
9d0055d0:	30620800 	andi	v0,v1,0x800
9d0055d4:	14400068 	bnez	v0,9d005778 <_fconvert+0x660>
9d0055d8:	8fa40238 	lw	a0,568(sp)
9d0055dc:	8fa5023c 	lw	a1,572(sp)
9d0055e0:	00003021 	move	a2,zero
9d0055e4:	0f4029ca 	jal	9d00a728 <__eqdf2>
9d0055e8:	00003821 	move	a3,zero
9d0055ec:	1040ffb2 	beqz	v0,9d0054b8 <_fconvert+0x3a0>
9d0055f0:	0200b021 	move	s6,s0
9d0055f4:	3c139d01 	lui	s3,0x9d01
9d0055f8:	8e66bc88 	lw	a2,-17272(s3)
9d0055fc:	8e67bc8c 	lw	a3,-17268(s3)
9d005600:	8fa40238 	lw	a0,568(sp)
9d005604:	8fa5023c 	lw	a1,572(sp)
9d005608:	0f402109 	jal	9d008424 <.LFE23>
9d00560c:	26d0ffff 	addiu	s0,s6,-1
9d005610:	00402021 	move	a0,v0
9d005614:	00602821 	move	a1,v1
9d005618:	0f402a15 	jal	9d00a854 <dpmodf>
9d00561c:	27a60220 	addiu	a2,sp,544
9d005620:	3c029d01 	lui	v0,0x9d01
9d005624:	8c44bc98 	lw	a0,-17256(v0)
9d005628:	8c45bc9c 	lw	a1,-17252(v0)
9d00562c:	8fa60220 	lw	a2,544(sp)
9d005630:	0f4029ca 	jal	9d00a728 <__eqdf2>
9d005634:	8fa70224 	lw	a3,548(sp)
9d005638:	2404002e 	li	a0,46
9d00563c:	0440000b 	bltz	v0,9d00566c <_fconvert+0x554>
9d005640:	24050030 	li	a1,48
9d005644:	0b40152f 	j	9d0054bc <_fconvert+0x3a4>
9d005648:	02d1b023 	subu	s6,s6,s1
9d00564c:	24420001 	addiu	v0,v0,1
9d005650:	7c021420 	seb	v0,v0
9d005654:	2843003a 	slti	v1,v0,58
9d005658:	54600052 	bnezl	v1,9d0057a4 <_fconvert+0x68c>
9d00565c:	a2020000 	sb	v0,0(s0)
9d005660:	12110054 	beq	s0,s1,9d0057b4 <_fconvert+0x69c>
9d005664:	a2050000 	sb	a1,0(s0)
9d005668:	2610ffff 	addiu	s0,s0,-1
9d00566c:	82020000 	lb	v0,0(s0)
9d005670:	5444fff7 	bnel	v0,a0,9d005650 <_fconvert+0x538>
9d005674:	24420001 	addiu	v0,v0,1
9d005678:	8202ffff 	lb	v0,-1(s0)
9d00567c:	0b401593 	j	9d00564c <_fconvert+0x534>
9d005680:	2610ffff 	addiu	s0,s0,-1
9d005684:	24630001 	addiu	v1,v1,1
9d005688:	02c31821 	addu	v1,s6,v1
9d00568c:	24020030 	li	v0,48
9d005690:	26d60001 	addiu	s6,s6,1
9d005694:	16c3fffe 	bne	s6,v1,9d005690 <_fconvert+0x578>
9d005698:	a2c2ffff 	sb	v0,-1(s6)
9d00569c:	0b40152f 	j	9d0054bc <_fconvert+0x3a4>
9d0056a0:	02d1b023 	subu	s6,s6,s1
9d0056a4:	afa00244 	sw	zero,580(sp)
9d0056a8:	24120006 	li	s2,6
9d0056ac:	a3a00019 	sb	zero,25(sp)
9d0056b0:	0601febd 	bgez	s0,9d0051a8 <_fconvert+0x90>
9d0056b4:	afa00248 	sw	zero,584(sp)
9d0056b8:	0b4014e8 	j	9d0053a0 <_fconvert+0x288>
9d0056bc:	3c028000 	lui	v0,0x8000
9d0056c0:	2403002b 	li	v1,43
9d0056c4:	a043ffff 	sb	v1,-1(v0)
9d0056c8:	0b4014b6 	j	9d0052d8 <_fconvert+0x1c0>
9d0056cc:	26d60001 	addiu	s6,s6,1
9d0056d0:	8fa50244 	lw	a1,580(sp)
9d0056d4:	3c069d01 	lui	a2,0x9d01
9d0056d8:	0f402d62 	jal	9d00b588 <repl>
9d0056dc:	24c6bc44 	addiu	a2,a2,-17340
9d0056e0:	1452ff88 	bne	v0,s2,9d005504 <_fconvert+0x3ec>
9d0056e4:	8fa3028c 	lw	v1,652(sp)
9d0056e8:	0b4014cd 	j	9d005334 <_fconvert+0x21c>
9d0056ec:	0203102a 	slt	v0,s0,v1
9d0056f0:	8fa50240 	lw	a1,576(sp)
9d0056f4:	afa50010 	sw	a1,16(sp)
9d0056f8:	8fa40278 	lw	a0,632(sp)
9d0056fc:	3c059d01 	lui	a1,0x9d01
9d005700:	24a5bc28 	addiu	a1,a1,-17368
9d005704:	24060003 	li	a2,3
9d005708:	0f40292e 	jal	9d00a4b8 <.LFE11>
9d00570c:	8fa7028c 	lw	a3,652(sp)
9d005710:	0b4014d0 	j	9d005340 <_fconvert+0x228>
9d005714:	8fbf0274 	lw	ra,628(sp)
9d005718:	30820800 	andi	v0,a0,0x800
9d00571c:	5440fe9d 	bnezl	v0,9d005194 <_fconvert+0x7c>
9d005720:	2652ffd9 	addiu	s2,s2,-39
9d005724:	0b401467 	j	9d00519c <_fconvert+0x84>
9d005728:	24120027 	li	s2,39
9d00572c:	8fa2028c 	lw	v0,652(sp)
9d005730:	00502823 	subu	a1,v0,s0
9d005734:	3c069d01 	lui	a2,0x9d01
9d005738:	0f402d62 	jal	9d00b588 <repl>
9d00573c:	24c6bc64 	addiu	a2,a2,-17308
9d005740:	0b4014c9 	j	9d005324 <_fconvert+0x20c>
9d005744:	2403ffff 	li	v1,-1
9d005748:	0b4014a6 	j	9d005298 <_fconvert+0x180>
9d00574c:	27b40218 	addiu	s4,sp,536
9d005750:	8fa20240 	lw	v0,576(sp)
9d005754:	afa20010 	sw	v0,16(sp)
9d005758:	8fa40278 	lw	a0,632(sp)
9d00575c:	3c059d01 	lui	a1,0x9d01
9d005760:	24a5bc2c 	addiu	a1,a1,-17364
9d005764:	24060004 	li	a2,4
9d005768:	0f40292e 	jal	9d00a4b8 <.LFE11>
9d00576c:	8fa7028c 	lw	a3,652(sp)
9d005770:	0b4014d0 	j	9d005340 <_fconvert+0x228>
9d005774:	8fbf0274 	lw	ra,628(sp)
9d005778:	8fa5023c 	lw	a1,572(sp)
9d00577c:	00003021 	move	a2,zero
9d005780:	00003821 	move	a3,zero
9d005784:	26160001 	addiu	s6,s0,1
9d005788:	2402002e 	li	v0,46
9d00578c:	0f4029ca 	jal	9d00a728 <__eqdf2>
9d005790:	a2020000 	sb	v0,0(s0)
9d005794:	5440ff98 	bnezl	v0,9d0055f8 <_fconvert+0x4e0>
9d005798:	3c139d01 	lui	s3,0x9d01
9d00579c:	0b40152f 	j	9d0054bc <_fconvert+0x3a4>
9d0057a0:	02d1b023 	subu	s6,s6,s1
9d0057a4:	0b40152f 	j	9d0054bc <_fconvert+0x3a4>
9d0057a8:	02d1b023 	subu	s6,s6,s1
9d0057ac:	0b4014fc 	j	9d0053f0 <_fconvert+0x2d8>
9d0057b0:	02208021 	move	s0,s1
9d0057b4:	24020031 	li	v0,49
9d0057b8:	a3a20019 	sb	v0,25(sp)
9d0057bc:	27b10019 	addiu	s1,sp,25
9d0057c0:	0b40152f 	j	9d0054bc <_fconvert+0x3a4>
9d0057c4:	02d1b023 	subu	s6,s6,s1

Disassembly of section .dinit:

9d0057c8 <.dinit>:
9d0057c8:	a0000070 	sb	zero,112(zero)
9d0057cc:	00013ba0 	0x13ba0
9d0057d0:	00000000 	nop
9d0057d4:	a000000c 	sb	zero,12(zero)
9d0057d8:	0000005c 	0x5c
9d0057dc:	00000000 	nop
9d0057e0:	a0000000 	sb	zero,0(zero)
9d0057e4:	00000004 	sllv	zero,zero,zero
9d0057e8:	00000001 	movf	zero,zero,$fcc0
9d0057ec:	000000c8 	0xc8
9d0057f0:	a0000068 	sb	zero,104(zero)
9d0057f4:	00000004 	sllv	zero,zero,zero
9d0057f8:	00000000 	nop
9d0057fc:	a0014020 	sb	at,16416(zero)
9d005800:	000000d4 	0xd4
9d005804:	00000001 	movf	zero,zero,$fcc0
9d005808:	a0014084 	sb	at,16516(zero)
9d00580c:	a00140a0 	sb	at,16544(zero)
9d005810:	a00140bc 	sb	at,16572(zero)
9d005814:	a0014080 	sb	at,16512(zero)
9d005818:	a00140f4 	sb	at,16628(zero)
9d00581c:	00000001 	movf	zero,zero,$fcc0
	...
9d00586c:	ffffffff 	sdc3	$31,-1(ra)
9d005870:	ffffffff 	sdc3	$31,-1(ra)
9d005874:	00000000 	nop
9d005878:	00000040 	ssnop
9d00587c:	00001009 	jalr	v0,zero
9d005880:	00000000 	nop
9d005884:	9d00c7b4 	0x9d00c7b4
9d005888:	ffffffff 	sdc3	$31,-1(ra)
	...
9d005898:	00011002 	srl	v0,at,0x0
9d00589c:	00000000 	nop
9d0058a0:	9d00c7b4 	0x9d00c7b4
9d0058a4:	ffffffff 	sdc3	$31,-1(ra)
	...
9d0058b4:	00020002 	srl	zero,v0,0x0
9d0058b8:	00000000 	nop
9d0058bc:	9d00c7b4 	0x9d00c7b4
9d0058c0:	fffffffd 	sdc3	$31,-3(ra)
	...
9d0058dc:	a00140f4 	sb	at,16628(zero)
9d0058e0:	00000088 	0x88
9d0058e4:	00000000 	nop
9d0058e8:	a0000004 	sb	zero,4(zero)
9d0058ec:	00000004 	sllv	zero,zero,zero
9d0058f0:	00000001 	movf	zero,zero,$fcc0
9d0058f4:	a0014020 	sb	at,16416(zero)
9d0058f8:	a00141f4 	sb	at,16884(zero)
9d0058fc:	00000004 	sllv	zero,zero,zero
9d005900:	00000000 	nop
9d005904:	a0013c10 	sb	at,15376(zero)
9d005908:	00000410 	0x410
9d00590c:	00000001 	movf	zero,zero,$fcc0
9d005910:	ffffffff 	sdc3	$31,-1(ra)
9d005914:	00002000 	sll	a0,zero,0x0
	...
9d005920:	a0013c18 	sb	at,15384(zero)
9d005924:	a0013c18 	sb	at,15384(zero)
9d005928:	a0013c20 	sb	at,15392(zero)
9d00592c:	a0013c20 	sb	at,15392(zero)
9d005930:	a0013c28 	sb	at,15400(zero)
9d005934:	a0013c28 	sb	at,15400(zero)
9d005938:	a0013c30 	sb	at,15408(zero)
9d00593c:	a0013c30 	sb	at,15408(zero)
9d005940:	a0013c38 	sb	at,15416(zero)
9d005944:	a0013c38 	sb	at,15416(zero)
9d005948:	a0013c40 	sb	at,15424(zero)
9d00594c:	a0013c40 	sb	at,15424(zero)
9d005950:	a0013c48 	sb	at,15432(zero)
9d005954:	a0013c48 	sb	at,15432(zero)
9d005958:	a0013c50 	sb	at,15440(zero)
9d00595c:	a0013c50 	sb	at,15440(zero)
9d005960:	a0013c58 	sb	at,15448(zero)
9d005964:	a0013c58 	sb	at,15448(zero)
9d005968:	a0013c60 	sb	at,15456(zero)
9d00596c:	a0013c60 	sb	at,15456(zero)
9d005970:	a0013c68 	sb	at,15464(zero)
9d005974:	a0013c68 	sb	at,15464(zero)
9d005978:	a0013c70 	sb	at,15472(zero)
9d00597c:	a0013c70 	sb	at,15472(zero)
9d005980:	a0013c78 	sb	at,15480(zero)
9d005984:	a0013c78 	sb	at,15480(zero)
9d005988:	a0013c80 	sb	at,15488(zero)
9d00598c:	a0013c80 	sb	at,15488(zero)
9d005990:	a0013c88 	sb	at,15496(zero)
9d005994:	a0013c88 	sb	at,15496(zero)
9d005998:	a0013c90 	sb	at,15504(zero)
9d00599c:	a0013c90 	sb	at,15504(zero)
9d0059a0:	a0013c98 	sb	at,15512(zero)
9d0059a4:	a0013c98 	sb	at,15512(zero)
9d0059a8:	a0013ca0 	sb	at,15520(zero)
9d0059ac:	a0013ca0 	sb	at,15520(zero)
9d0059b0:	a0013ca8 	sb	at,15528(zero)
9d0059b4:	a0013ca8 	sb	at,15528(zero)
9d0059b8:	a0013cb0 	sb	at,15536(zero)
9d0059bc:	a0013cb0 	sb	at,15536(zero)
9d0059c0:	a0013cb8 	sb	at,15544(zero)
9d0059c4:	a0013cb8 	sb	at,15544(zero)
9d0059c8:	a0013cc0 	sb	at,15552(zero)
9d0059cc:	a0013cc0 	sb	at,15552(zero)
9d0059d0:	a0013cc8 	sb	at,15560(zero)
9d0059d4:	a0013cc8 	sb	at,15560(zero)
9d0059d8:	a0013cd0 	sb	at,15568(zero)
9d0059dc:	a0013cd0 	sb	at,15568(zero)
9d0059e0:	a0013cd8 	sb	at,15576(zero)
9d0059e4:	a0013cd8 	sb	at,15576(zero)
9d0059e8:	a0013ce0 	sb	at,15584(zero)
9d0059ec:	a0013ce0 	sb	at,15584(zero)
9d0059f0:	a0013ce8 	sb	at,15592(zero)
9d0059f4:	a0013ce8 	sb	at,15592(zero)
9d0059f8:	a0013cf0 	sb	at,15600(zero)
9d0059fc:	a0013cf0 	sb	at,15600(zero)
9d005a00:	a0013cf8 	sb	at,15608(zero)
9d005a04:	a0013cf8 	sb	at,15608(zero)
9d005a08:	a0013d00 	sb	at,15616(zero)
9d005a0c:	a0013d00 	sb	at,15616(zero)
9d005a10:	a0013d08 	sb	at,15624(zero)
9d005a14:	a0013d08 	sb	at,15624(zero)
9d005a18:	a0013d10 	sb	at,15632(zero)
9d005a1c:	a0013d10 	sb	at,15632(zero)
9d005a20:	a0013d18 	sb	at,15640(zero)
9d005a24:	a0013d18 	sb	at,15640(zero)
9d005a28:	a0013d20 	sb	at,15648(zero)
9d005a2c:	a0013d20 	sb	at,15648(zero)
9d005a30:	a0013d28 	sb	at,15656(zero)
9d005a34:	a0013d28 	sb	at,15656(zero)
9d005a38:	a0013d30 	sb	at,15664(zero)
9d005a3c:	a0013d30 	sb	at,15664(zero)
9d005a40:	a0013d38 	sb	at,15672(zero)
9d005a44:	a0013d38 	sb	at,15672(zero)
9d005a48:	a0013d40 	sb	at,15680(zero)
9d005a4c:	a0013d40 	sb	at,15680(zero)
9d005a50:	a0013d48 	sb	at,15688(zero)
9d005a54:	a0013d48 	sb	at,15688(zero)
9d005a58:	a0013d50 	sb	at,15696(zero)
9d005a5c:	a0013d50 	sb	at,15696(zero)
9d005a60:	a0013d58 	sb	at,15704(zero)
9d005a64:	a0013d58 	sb	at,15704(zero)
9d005a68:	a0013d60 	sb	at,15712(zero)
9d005a6c:	a0013d60 	sb	at,15712(zero)
9d005a70:	a0013d68 	sb	at,15720(zero)
9d005a74:	a0013d68 	sb	at,15720(zero)
9d005a78:	a0013d70 	sb	at,15728(zero)
9d005a7c:	a0013d70 	sb	at,15728(zero)
9d005a80:	a0013d78 	sb	at,15736(zero)
9d005a84:	a0013d78 	sb	at,15736(zero)
9d005a88:	a0013d80 	sb	at,15744(zero)
9d005a8c:	a0013d80 	sb	at,15744(zero)
9d005a90:	a0013d88 	sb	at,15752(zero)
9d005a94:	a0013d88 	sb	at,15752(zero)
9d005a98:	a0013d90 	sb	at,15760(zero)
9d005a9c:	a0013d90 	sb	at,15760(zero)
9d005aa0:	a0013d98 	sb	at,15768(zero)
9d005aa4:	a0013d98 	sb	at,15768(zero)
9d005aa8:	a0013da0 	sb	at,15776(zero)
9d005aac:	a0013da0 	sb	at,15776(zero)
9d005ab0:	a0013da8 	sb	at,15784(zero)
9d005ab4:	a0013da8 	sb	at,15784(zero)
9d005ab8:	a0013db0 	sb	at,15792(zero)
9d005abc:	a0013db0 	sb	at,15792(zero)
9d005ac0:	a0013db8 	sb	at,15800(zero)
9d005ac4:	a0013db8 	sb	at,15800(zero)
9d005ac8:	a0013dc0 	sb	at,15808(zero)
9d005acc:	a0013dc0 	sb	at,15808(zero)
9d005ad0:	a0013dc8 	sb	at,15816(zero)
9d005ad4:	a0013dc8 	sb	at,15816(zero)
9d005ad8:	a0013dd0 	sb	at,15824(zero)
9d005adc:	a0013dd0 	sb	at,15824(zero)
9d005ae0:	a0013dd8 	sb	at,15832(zero)
9d005ae4:	a0013dd8 	sb	at,15832(zero)
9d005ae8:	a0013de0 	sb	at,15840(zero)
9d005aec:	a0013de0 	sb	at,15840(zero)
9d005af0:	a0013de8 	sb	at,15848(zero)
9d005af4:	a0013de8 	sb	at,15848(zero)
9d005af8:	a0013df0 	sb	at,15856(zero)
9d005afc:	a0013df0 	sb	at,15856(zero)
9d005b00:	a0013df8 	sb	at,15864(zero)
9d005b04:	a0013df8 	sb	at,15864(zero)
9d005b08:	a0013e00 	sb	at,15872(zero)
9d005b0c:	a0013e00 	sb	at,15872(zero)
9d005b10:	a0013e08 	sb	at,15880(zero)
9d005b14:	a0013e08 	sb	at,15880(zero)
9d005b18:	a0013e10 	sb	at,15888(zero)
9d005b1c:	a0013e10 	sb	at,15888(zero)
9d005b20:	a0013e18 	sb	at,15896(zero)
9d005b24:	a0013e18 	sb	at,15896(zero)
9d005b28:	a0013e20 	sb	at,15904(zero)
9d005b2c:	a0013e20 	sb	at,15904(zero)
9d005b30:	a0013e28 	sb	at,15912(zero)
9d005b34:	a0013e28 	sb	at,15912(zero)
9d005b38:	a0013e30 	sb	at,15920(zero)
9d005b3c:	a0013e30 	sb	at,15920(zero)
9d005b40:	a0013e38 	sb	at,15928(zero)
9d005b44:	a0013e38 	sb	at,15928(zero)
9d005b48:	a0013e40 	sb	at,15936(zero)
9d005b4c:	a0013e40 	sb	at,15936(zero)
9d005b50:	a0013e48 	sb	at,15944(zero)
9d005b54:	a0013e48 	sb	at,15944(zero)
9d005b58:	a0013e50 	sb	at,15952(zero)
9d005b5c:	a0013e50 	sb	at,15952(zero)
9d005b60:	a0013e58 	sb	at,15960(zero)
9d005b64:	a0013e58 	sb	at,15960(zero)
9d005b68:	a0013e60 	sb	at,15968(zero)
9d005b6c:	a0013e60 	sb	at,15968(zero)
9d005b70:	a0013e68 	sb	at,15976(zero)
9d005b74:	a0013e68 	sb	at,15976(zero)
9d005b78:	a0013e70 	sb	at,15984(zero)
9d005b7c:	a0013e70 	sb	at,15984(zero)
9d005b80:	a0013e78 	sb	at,15992(zero)
9d005b84:	a0013e78 	sb	at,15992(zero)
9d005b88:	a0013e80 	sb	at,16000(zero)
9d005b8c:	a0013e80 	sb	at,16000(zero)
9d005b90:	a0013e88 	sb	at,16008(zero)
9d005b94:	a0013e88 	sb	at,16008(zero)
9d005b98:	a0013e90 	sb	at,16016(zero)
9d005b9c:	a0013e90 	sb	at,16016(zero)
9d005ba0:	a0013e98 	sb	at,16024(zero)
9d005ba4:	a0013e98 	sb	at,16024(zero)
9d005ba8:	a0013ea0 	sb	at,16032(zero)
9d005bac:	a0013ea0 	sb	at,16032(zero)
9d005bb0:	a0013ea8 	sb	at,16040(zero)
9d005bb4:	a0013ea8 	sb	at,16040(zero)
9d005bb8:	a0013eb0 	sb	at,16048(zero)
9d005bbc:	a0013eb0 	sb	at,16048(zero)
9d005bc0:	a0013eb8 	sb	at,16056(zero)
9d005bc4:	a0013eb8 	sb	at,16056(zero)
9d005bc8:	a0013ec0 	sb	at,16064(zero)
9d005bcc:	a0013ec0 	sb	at,16064(zero)
9d005bd0:	a0013ec8 	sb	at,16072(zero)
9d005bd4:	a0013ec8 	sb	at,16072(zero)
9d005bd8:	a0013ed0 	sb	at,16080(zero)
9d005bdc:	a0013ed0 	sb	at,16080(zero)
9d005be0:	a0013ed8 	sb	at,16088(zero)
9d005be4:	a0013ed8 	sb	at,16088(zero)
9d005be8:	a0013ee0 	sb	at,16096(zero)
9d005bec:	a0013ee0 	sb	at,16096(zero)
9d005bf0:	a0013ee8 	sb	at,16104(zero)
9d005bf4:	a0013ee8 	sb	at,16104(zero)
9d005bf8:	a0013ef0 	sb	at,16112(zero)
9d005bfc:	a0013ef0 	sb	at,16112(zero)
9d005c00:	a0013ef8 	sb	at,16120(zero)
9d005c04:	a0013ef8 	sb	at,16120(zero)
9d005c08:	a0013f00 	sb	at,16128(zero)
9d005c0c:	a0013f00 	sb	at,16128(zero)
9d005c10:	a0013f08 	sb	at,16136(zero)
9d005c14:	a0013f08 	sb	at,16136(zero)
9d005c18:	a0013f10 	sb	at,16144(zero)
9d005c1c:	a0013f10 	sb	at,16144(zero)
9d005c20:	a0013f18 	sb	at,16152(zero)
9d005c24:	a0013f18 	sb	at,16152(zero)
9d005c28:	a0013f20 	sb	at,16160(zero)
9d005c2c:	a0013f20 	sb	at,16160(zero)
9d005c30:	a0013f28 	sb	at,16168(zero)
9d005c34:	a0013f28 	sb	at,16168(zero)
9d005c38:	a0013f30 	sb	at,16176(zero)
9d005c3c:	a0013f30 	sb	at,16176(zero)
9d005c40:	a0013f38 	sb	at,16184(zero)
9d005c44:	a0013f38 	sb	at,16184(zero)
9d005c48:	a0013f40 	sb	at,16192(zero)
9d005c4c:	a0013f40 	sb	at,16192(zero)
9d005c50:	a0013f48 	sb	at,16200(zero)
9d005c54:	a0013f48 	sb	at,16200(zero)
9d005c58:	a0013f50 	sb	at,16208(zero)
9d005c5c:	a0013f50 	sb	at,16208(zero)
9d005c60:	a0013f58 	sb	at,16216(zero)
9d005c64:	a0013f58 	sb	at,16216(zero)
9d005c68:	a0013f60 	sb	at,16224(zero)
9d005c6c:	a0013f60 	sb	at,16224(zero)
9d005c70:	a0013f68 	sb	at,16232(zero)
9d005c74:	a0013f68 	sb	at,16232(zero)
9d005c78:	a0013f70 	sb	at,16240(zero)
9d005c7c:	a0013f70 	sb	at,16240(zero)
9d005c80:	a0013f78 	sb	at,16248(zero)
9d005c84:	a0013f78 	sb	at,16248(zero)
9d005c88:	a0013f80 	sb	at,16256(zero)
9d005c8c:	a0013f80 	sb	at,16256(zero)
9d005c90:	a0013f88 	sb	at,16264(zero)
9d005c94:	a0013f88 	sb	at,16264(zero)
9d005c98:	a0013f90 	sb	at,16272(zero)
9d005c9c:	a0013f90 	sb	at,16272(zero)
9d005ca0:	a0013f98 	sb	at,16280(zero)
9d005ca4:	a0013f98 	sb	at,16280(zero)
9d005ca8:	a0013fa0 	sb	at,16288(zero)
9d005cac:	a0013fa0 	sb	at,16288(zero)
9d005cb0:	a0013fa8 	sb	at,16296(zero)
9d005cb4:	a0013fa8 	sb	at,16296(zero)
9d005cb8:	a0013fb0 	sb	at,16304(zero)
9d005cbc:	a0013fb0 	sb	at,16304(zero)
9d005cc0:	a0013fb8 	sb	at,16312(zero)
9d005cc4:	a0013fb8 	sb	at,16312(zero)
9d005cc8:	a0013fc0 	sb	at,16320(zero)
9d005ccc:	a0013fc0 	sb	at,16320(zero)
9d005cd0:	a0013fc8 	sb	at,16328(zero)
9d005cd4:	a0013fc8 	sb	at,16328(zero)
9d005cd8:	a0013fd0 	sb	at,16336(zero)
9d005cdc:	a0013fd0 	sb	at,16336(zero)
9d005ce0:	a0013fd8 	sb	at,16344(zero)
9d005ce4:	a0013fd8 	sb	at,16344(zero)
9d005ce8:	a0013fe0 	sb	at,16352(zero)
9d005cec:	a0013fe0 	sb	at,16352(zero)
9d005cf0:	a0013fe8 	sb	at,16360(zero)
9d005cf4:	a0013fe8 	sb	at,16360(zero)
9d005cf8:	a0013ff0 	sb	at,16368(zero)
9d005cfc:	a0013ff0 	sb	at,16368(zero)
9d005d00:	a0013ff8 	sb	at,16376(zero)
9d005d04:	a0013ff8 	sb	at,16376(zero)
9d005d08:	a0014000 	sb	at,16384(zero)
9d005d0c:	a0014000 	sb	at,16384(zero)
9d005d10:	a0014008 	sb	at,16392(zero)
9d005d14:	a0014008 	sb	at,16392(zero)
9d005d18:	a0014010 	sb	at,16400(zero)
9d005d1c:	a0014010 	sb	at,16400(zero)
9d005d20:	a001417c 	sb	at,16764(zero)
9d005d24:	00000034 	teq	zero,zero
9d005d28:	00000000 	nop
9d005d2c:	a000006c 	sb	zero,108(zero)
9d005d30:	00000004 	sllv	zero,zero,zero
9d005d34:	00000000 	nop
9d005d38:	a00141d4 	sb	at,16852(zero)
9d005d3c:	00000020 	add	zero,zero,zero
9d005d40:	00000001 	movf	zero,zero,$fcc0
9d005d44:	00000000 	nop
9d005d48:	ffffffff 	sdc3	$31,-1(ra)
	...
9d005d64:	a00141f8 	sb	at,16888(zero)
9d005d68:	00000004 	sllv	zero,zero,zero
9d005d6c:	00000000 	nop
9d005d70:	a00141b0 	sb	at,16816(zero)
9d005d74:	00000024 	and	zero,zero,zero
9d005d78:	00000000 	nop
9d005d7c:	a0000008 	sb	zero,8(zero)
9d005d80:	00000004 	sllv	zero,zero,zero
9d005d84:	00000001 	movf	zero,zero,$fcc0
9d005d88:	00000002 	srl	zero,zero,0x0
9d005d8c:	00000000 	nop
9d005d90:	22222222 	addi	v0,s1,8738
9d005d94:	22222222 	addi	v0,s1,8738

Disassembly of section .text.realloc:

9d005d98 <realloc>:
9d005d98:	27bdffc8 	addiu	sp,sp,-56
9d005d9c:	afbf0034 	sw	ra,52(sp)
9d005da0:	afbe0030 	sw	s8,48(sp)
9d005da4:	afb7002c 	sw	s7,44(sp)
9d005da8:	afb60028 	sw	s6,40(sp)
9d005dac:	afb50024 	sw	s5,36(sp)
9d005db0:	afb40020 	sw	s4,32(sp)
9d005db4:	afb3001c 	sw	s3,28(sp)
9d005db8:	afb20018 	sw	s2,24(sp)
9d005dbc:	afb10014 	sw	s1,20(sp)
9d005dc0:	afb00010 	sw	s0,16(sp)
9d005dc4:	108000e5 	beqz	a0,9d00615c <realloc+0x3c4>
9d005dc8:	00808021 	move	s0,a0
9d005dcc:	8c94fffc 	lw	s4,-4(a0)
9d005dd0:	24b2000b 	addiu	s2,a1,11
9d005dd4:	2e420017 	sltiu	v0,s2,23
9d005dd8:	2493fff8 	addiu	s3,a0,-8
9d005ddc:	2403fffc 	li	v1,-4
9d005de0:	10400047 	beqz	v0,9d005f00 <realloc+0x168>
9d005de4:	02838824 	and	s1,s4,v1
9d005de8:	24030010 	li	v1,16
9d005dec:	24120010 	li	s2,16
9d005df0:	0245102b 	sltu	v0,s2,a1
9d005df4:	14400045 	bnez	v0,9d005f0c <realloc+0x174>
9d005df8:	0223102a 	slt	v0,s1,v1
9d005dfc:	10400053 	beqz	v0,9d005f4c <realloc+0x1b4>
9d005e00:	32950001 	andi	s5,s4,0x1
9d005e04:	3c17a001 	lui	s7,0xa001
9d005e08:	26f73c18 	addiu	s7,s7,15384
9d005e0c:	8ee40008 	lw	a0,8(s7)
9d005e10:	02711021 	addu	v0,s3,s1
9d005e14:	108200b6 	beq	a0,v0,9d0060f0 <realloc+0x358>
9d005e18:	2408fffe 	li	t0,-2
9d005e1c:	8c460004 	lw	a2,4(v0)
9d005e20:	00c83824 	and	a3,a2,t0
9d005e24:	00473821 	addu	a3,v0,a3
9d005e28:	8ce70004 	lw	a3,4(a3)
9d005e2c:	30e70001 	andi	a3,a3,0x1
9d005e30:	10e0005e 	beqz	a3,9d005fac <realloc+0x214>
9d005e34:	7c060804 	ins	a2,zero,0x0,0x2
9d005e38:	00003021 	move	a2,zero
9d005e3c:	00001021 	move	v0,zero
9d005e40:	32950001 	andi	s5,s4,0x1
9d005e44:	16a00073 	bnez	s5,9d006014 <realloc+0x27c>
9d005e48:	00000000 	nop
9d005e4c:	8e16fff8 	lw	s6,-8(s0)
9d005e50:	0276b023 	subu	s6,s3,s6
9d005e54:	8ec70004 	lw	a3,4(s6)
9d005e58:	104000c9 	beqz	v0,9d006180 <realloc+0x3e8>
9d005e5c:	7c070804 	ins	a3,zero,0x0,0x2
9d005e60:	104400c9 	beq	v0,a0,9d006188 <realloc+0x3f0>
9d005e64:	00f13821 	addu	a3,a3,s1
9d005e68:	00c7b821 	addu	s7,a2,a3
9d005e6c:	02e3202a 	slt	a0,s7,v1
9d005e70:	5480008d 	bnezl	a0,9d0060a8 <realloc+0x310>
9d005e74:	00e0b821 	move	s7,a3
9d005e78:	8c43000c 	lw	v1,12(v0)
9d005e7c:	8c420008 	lw	v0,8(v0)
9d005e80:	2626fffc 	addiu	a2,s1,-4
9d005e84:	2cc40025 	sltiu	a0,a2,37
9d005e88:	ac43000c 	sw	v1,12(v0)
9d005e8c:	ac620008 	sw	v0,8(v1)
9d005e90:	8ec2000c 	lw	v0,12(s6)
9d005e94:	8ec30008 	lw	v1,8(s6)
9d005e98:	26d40008 	addiu	s4,s6,8
9d005e9c:	ac62000c 	sw	v0,12(v1)
9d005ea0:	1080008b 	beqz	a0,9d0060d0 <realloc+0x338>
9d005ea4:	ac430008 	sw	v1,8(v0)
9d005ea8:	2cc20014 	sltiu	v0,a2,20
9d005eac:	14400009 	bnez	v0,9d005ed4 <realloc+0x13c>
9d005eb0:	02801821 	move	v1,s4
9d005eb4:	8e030000 	lw	v1,0(s0)
9d005eb8:	2cc2001c 	sltiu	v0,a2,28
9d005ebc:	aec30008 	sw	v1,8(s6)
9d005ec0:	8e030004 	lw	v1,4(s0)
9d005ec4:	104000e8 	beqz	v0,9d006268 <realloc+0x4d0>
9d005ec8:	aec3000c 	sw	v1,12(s6)
9d005ecc:	26c30010 	addiu	v1,s6,16
9d005ed0:	26100008 	addiu	s0,s0,8
9d005ed4:	8e020000 	lw	v0,0(s0)
9d005ed8:	02e08821 	move	s1,s7
9d005edc:	ac620000 	sw	v0,0(v1)
9d005ee0:	8e020004 	lw	v0,4(s0)
9d005ee4:	02c09821 	move	s3,s6
9d005ee8:	ac620004 	sw	v0,4(v1)
9d005eec:	8e020008 	lw	v0,8(s0)
9d005ef0:	ac620008 	sw	v0,8(v1)
9d005ef4:	8ed50004 	lw	s5,4(s6)
9d005ef8:	0b4017d4 	j	9d005f50 <realloc+0x1b8>
9d005efc:	32b50001 	andi	s5,s5,0x1
9d005f00:	7c121004 	ins	s2,zero,0x0,0x3
9d005f04:	0641ffba 	bgez	s2,9d005df0 <realloc+0x58>
9d005f08:	02401821 	move	v1,s2
9d005f0c:	2403000c 	li	v1,12
9d005f10:	3c02a000 	lui	v0,0xa000
9d005f14:	ac43006c 	sw	v1,108(v0)
9d005f18:	00001021 	move	v0,zero
9d005f1c:	8fbf0034 	lw	ra,52(sp)
9d005f20:	8fbe0030 	lw	s8,48(sp)
9d005f24:	8fb7002c 	lw	s7,44(sp)
9d005f28:	8fb60028 	lw	s6,40(sp)
9d005f2c:	8fb50024 	lw	s5,36(sp)
9d005f30:	8fb40020 	lw	s4,32(sp)
9d005f34:	8fb3001c 	lw	s3,28(sp)
9d005f38:	8fb20018 	lw	s2,24(sp)
9d005f3c:	8fb10014 	lw	s1,20(sp)
9d005f40:	8fb00010 	lw	s0,16(sp)
9d005f44:	03e00008 	jr	ra
9d005f48:	27bd0038 	addiu	sp,sp,56
9d005f4c:	0200a021 	move	s4,s0
9d005f50:	02321823 	subu	v1,s1,s2
9d005f54:	2c650010 	sltiu	a1,v1,16
9d005f58:	10a00022 	beqz	a1,9d005fe4 <realloc+0x24c>
9d005f5c:	02722021 	addu	a0,s3,s2
9d005f60:	02b1a825 	or	s5,s5,s1
9d005f64:	ae750004 	sw	s5,4(s3)
9d005f68:	02718821 	addu	s1,s3,s1
9d005f6c:	8e220004 	lw	v0,4(s1)
9d005f70:	34420001 	ori	v0,v0,0x1
9d005f74:	ae220004 	sw	v0,4(s1)
9d005f78:	02801021 	move	v0,s4
9d005f7c:	8fbf0034 	lw	ra,52(sp)
9d005f80:	8fbe0030 	lw	s8,48(sp)
9d005f84:	8fb7002c 	lw	s7,44(sp)
9d005f88:	8fb60028 	lw	s6,40(sp)
9d005f8c:	8fb50024 	lw	s5,36(sp)
9d005f90:	8fb40020 	lw	s4,32(sp)
9d005f94:	8fb3001c 	lw	s3,28(sp)
9d005f98:	8fb20018 	lw	s2,24(sp)
9d005f9c:	8fb10014 	lw	s1,20(sp)
9d005fa0:	8fb00010 	lw	s0,16(sp)
9d005fa4:	03e00008 	jr	ra
9d005fa8:	27bd0038 	addiu	sp,sp,56
9d005fac:	00d13821 	addu	a3,a2,s1
9d005fb0:	00e3402a 	slt	t0,a3,v1
9d005fb4:	1500ffa3 	bnez	t0,9d005e44 <realloc+0xac>
9d005fb8:	32950001 	andi	s5,s4,0x1
9d005fbc:	8c43000c 	lw	v1,12(v0)
9d005fc0:	8c420008 	lw	v0,8(v0)
9d005fc4:	ac43000c 	sw	v1,12(v0)
9d005fc8:	00e08821 	move	s1,a3
9d005fcc:	ac620008 	sw	v0,8(v1)
9d005fd0:	02321823 	subu	v1,s1,s2
9d005fd4:	2c650010 	sltiu	a1,v1,16
9d005fd8:	14a0ffe1 	bnez	a1,9d005f60 <realloc+0x1c8>
9d005fdc:	0200a021 	move	s4,s0
9d005fe0:	02722021 	addu	a0,s3,s2
9d005fe4:	02b29025 	or	s2,s5,s2
9d005fe8:	34620001 	ori	v0,v1,0x1
9d005fec:	ae720004 	sw	s2,4(s3)
9d005ff0:	00831821 	addu	v1,a0,v1
9d005ff4:	ac820004 	sw	v0,4(a0)
9d005ff8:	8c620004 	lw	v0,4(v1)
9d005ffc:	24840008 	addiu	a0,a0,8
9d006000:	34420001 	ori	v0,v0,0x1
9d006004:	0f4023d8 	jal	9d008f60 <free>
9d006008:	ac620004 	sw	v0,4(v1)
9d00600c:	0b4017df 	j	9d005f7c <realloc+0x1e4>
9d006010:	02801021 	move	v0,s4
9d006014:	0f401246 	jal	9d004918 <malloc>
9d006018:	00a02021 	move	a0,a1
9d00601c:	104000ad 	beqz	v0,9d0062d4 <realloc+0x53c>
9d006020:	0040b021 	move	s6,v0
9d006024:	7c140004 	ins	s4,zero,0x0,0x1
9d006028:	2442fff8 	addiu	v0,v0,-8
9d00602c:	0274a021 	addu	s4,s3,s4
9d006030:	10540088 	beq	v0,s4,9d006254 <realloc+0x4bc>
9d006034:	2626fffc 	addiu	a2,s1,-4
9d006038:	2cc20025 	sltiu	v0,a2,37
9d00603c:	1040004b 	beqz	v0,9d00616c <realloc+0x3d4>
9d006040:	2cc20014 	sltiu	v0,a2,20
9d006044:	50400033 	beqzl	v0,9d006114 <realloc+0x37c>
9d006048:	8e040000 	lw	a0,0(s0)
9d00604c:	02c01021 	move	v0,s6
9d006050:	02001821 	move	v1,s0
9d006054:	8c650000 	lw	a1,0(v1)
9d006058:	8c640004 	lw	a0,4(v1)
9d00605c:	8c630008 	lw	v1,8(v1)
9d006060:	ac450000 	sw	a1,0(v0)
9d006064:	ac440004 	sw	a0,4(v0)
9d006068:	ac430008 	sw	v1,8(v0)
9d00606c:	0f4023d8 	jal	9d008f60 <free>
9d006070:	02002021 	move	a0,s0
9d006074:	02c01021 	move	v0,s6
9d006078:	8fbf0034 	lw	ra,52(sp)
9d00607c:	8fbe0030 	lw	s8,48(sp)
9d006080:	8fb7002c 	lw	s7,44(sp)
9d006084:	8fb60028 	lw	s6,40(sp)
9d006088:	8fb50024 	lw	s5,36(sp)
9d00608c:	8fb40020 	lw	s4,32(sp)
9d006090:	8fb3001c 	lw	s3,28(sp)
9d006094:	8fb20018 	lw	s2,24(sp)
9d006098:	8fb10014 	lw	s1,20(sp)
9d00609c:	8fb00010 	lw	s0,16(sp)
9d0060a0:	03e00008 	jr	ra
9d0060a4:	27bd0038 	addiu	sp,sp,56
9d0060a8:	02e3182a 	slt	v1,s7,v1
9d0060ac:	1460ffd9 	bnez	v1,9d006014 <realloc+0x27c>
9d0060b0:	2626fffc 	addiu	a2,s1,-4
9d0060b4:	8ec2000c 	lw	v0,12(s6)
9d0060b8:	8ec30008 	lw	v1,8(s6)
9d0060bc:	2cc40025 	sltiu	a0,a2,37
9d0060c0:	ac62000c 	sw	v0,12(v1)
9d0060c4:	26d40008 	addiu	s4,s6,8
9d0060c8:	1480ff77 	bnez	a0,9d005ea8 <realloc+0x110>
9d0060cc:	ac430008 	sw	v1,8(v0)
9d0060d0:	02802021 	move	a0,s4
9d0060d4:	0f402fd3 	jal	9d00bf4c <memmove>
9d0060d8:	02002821 	move	a1,s0
9d0060dc:	8ed50004 	lw	s5,4(s6)
9d0060e0:	02e08821 	move	s1,s7
9d0060e4:	32b50001 	andi	s5,s5,0x1
9d0060e8:	0b4017d4 	j	9d005f50 <realloc+0x1b8>
9d0060ec:	02c09821 	move	s3,s6
9d0060f0:	8c860004 	lw	a2,4(a0)
9d0060f4:	26470010 	addiu	a3,s2,16
9d0060f8:	7c060804 	ins	a2,zero,0x0,0x2
9d0060fc:	00d11021 	addu	v0,a2,s1
9d006100:	0047382a 	slt	a3,v0,a3
9d006104:	50e0000b 	beqzl	a3,9d006134 <realloc+0x39c>
9d006108:	00521023 	subu	v0,v0,s2
9d00610c:	0b401790 	j	9d005e40 <realloc+0xa8>
9d006110:	00801021 	move	v0,a0
9d006114:	8e030004 	lw	v1,4(s0)
9d006118:	2cc2001c 	sltiu	v0,a2,28
9d00611c:	aec40000 	sw	a0,0(s6)
9d006120:	10400042 	beqz	v0,9d00622c <realloc+0x494>
9d006124:	aec30004 	sw	v1,4(s6)
9d006128:	26c20008 	addiu	v0,s6,8
9d00612c:	0b401815 	j	9d006054 <realloc+0x2bc>
9d006130:	26030008 	addiu	v1,s0,8
9d006134:	02729821 	addu	s3,s3,s2
9d006138:	34420001 	ori	v0,v0,0x1
9d00613c:	aef30008 	sw	s3,8(s7)
9d006140:	ae620004 	sw	v0,4(s3)
9d006144:	8e03fffc 	lw	v1,-4(s0)
9d006148:	02001021 	move	v0,s0
9d00614c:	30630001 	andi	v1,v1,0x1
9d006150:	02439025 	or	s2,s2,v1
9d006154:	0b4017df 	j	9d005f7c <realloc+0x1e4>
9d006158:	ae12fffc 	sw	s2,-4(s0)
9d00615c:	0f401246 	jal	9d004918 <malloc>
9d006160:	00a02021 	move	a0,a1
9d006164:	0b4017e0 	j	9d005f80 <realloc+0x1e8>
9d006168:	8fbf0034 	lw	ra,52(sp)
9d00616c:	02c02021 	move	a0,s6
9d006170:	0f402fd3 	jal	9d00bf4c <memmove>
9d006174:	02002821 	move	a1,s0
9d006178:	0b40181b 	j	9d00606c <realloc+0x2d4>
9d00617c:	00000000 	nop
9d006180:	0b40182a 	j	9d0060a8 <realloc+0x310>
9d006184:	00f1b821 	addu	s7,a3,s1
9d006188:	00c7f021 	addu	s8,a2,a3
9d00618c:	26420010 	addiu	v0,s2,16
9d006190:	03c2102a 	slt	v0,s8,v0
9d006194:	5440ffc4 	bnezl	v0,9d0060a8 <realloc+0x310>
9d006198:	00e0b821 	move	s7,a3
9d00619c:	8ec3000c 	lw	v1,12(s6)
9d0061a0:	8ec50008 	lw	a1,8(s6)
9d0061a4:	2626fffc 	addiu	a2,s1,-4
9d0061a8:	2cc20025 	sltiu	v0,a2,37
9d0061ac:	aca3000c 	sw	v1,12(a1)
9d0061b0:	26c70008 	addiu	a3,s6,8
9d0061b4:	10400042 	beqz	v0,9d0062c0 <realloc+0x528>
9d0061b8:	ac650008 	sw	a1,8(v1)
9d0061bc:	2cc20014 	sltiu	v0,a2,20
9d0061c0:	14400009 	bnez	v0,9d0061e8 <realloc+0x450>
9d0061c4:	00e01821 	move	v1,a3
9d0061c8:	8e030000 	lw	v1,0(s0)
9d0061cc:	2cc2001c 	sltiu	v0,a2,28
9d0061d0:	aec30008 	sw	v1,8(s6)
9d0061d4:	8e030004 	lw	v1,4(s0)
9d0061d8:	10400040 	beqz	v0,9d0062dc <realloc+0x544>
9d0061dc:	aec3000c 	sw	v1,12(s6)
9d0061e0:	26c30010 	addiu	v1,s6,16
9d0061e4:	26100008 	addiu	s0,s0,8
9d0061e8:	8e020000 	lw	v0,0(s0)
9d0061ec:	ac620000 	sw	v0,0(v1)
9d0061f0:	8e020004 	lw	v0,4(s0)
9d0061f4:	ac620004 	sw	v0,4(v1)
9d0061f8:	8e020008 	lw	v0,8(s0)
9d0061fc:	ac620008 	sw	v0,8(v1)
9d006200:	03d21023 	subu	v0,s8,s2
9d006204:	02d21821 	addu	v1,s6,s2
9d006208:	34420001 	ori	v0,v0,0x1
9d00620c:	aee30008 	sw	v1,8(s7)
9d006210:	ac620004 	sw	v0,4(v1)
9d006214:	8ec30004 	lw	v1,4(s6)
9d006218:	00e01021 	move	v0,a3
9d00621c:	30630001 	andi	v1,v1,0x1
9d006220:	02439025 	or	s2,s2,v1
9d006224:	0b4017df 	j	9d005f7c <realloc+0x1e4>
9d006228:	aed20004 	sw	s2,4(s6)
9d00622c:	8e030008 	lw	v1,8(s0)
9d006230:	8e02000c 	lw	v0,12(s0)
9d006234:	aec30008 	sw	v1,8(s6)
9d006238:	aec2000c 	sw	v0,12(s6)
9d00623c:	24020024 	li	v0,36
9d006240:	50c20013 	beql	a2,v0,9d006290 <realloc+0x4f8>
9d006244:	8e030010 	lw	v1,16(s0)
9d006248:	26c20010 	addiu	v0,s6,16
9d00624c:	0b401815 	j	9d006054 <realloc+0x2bc>
9d006250:	26030010 	addiu	v1,s0,16
9d006254:	8ec2fffc 	lw	v0,-4(s6)
9d006258:	0200a021 	move	s4,s0
9d00625c:	7c020804 	ins	v0,zero,0x0,0x2
9d006260:	0b4017d4 	j	9d005f50 <realloc+0x1b8>
9d006264:	02228821 	addu	s1,s1,v0
9d006268:	8e020008 	lw	v0,8(s0)
9d00626c:	aec20010 	sw	v0,16(s6)
9d006270:	8e02000c 	lw	v0,12(s0)
9d006274:	aec20014 	sw	v0,20(s6)
9d006278:	24020024 	li	v0,36
9d00627c:	50c2000a 	beql	a2,v0,9d0062a8 <realloc+0x510>
9d006280:	8e020010 	lw	v0,16(s0)
9d006284:	26c30018 	addiu	v1,s6,24
9d006288:	0b4017b5 	j	9d005ed4 <realloc+0x13c>
9d00628c:	26100010 	addiu	s0,s0,16
9d006290:	8e040014 	lw	a0,20(s0)
9d006294:	26c20018 	addiu	v0,s6,24
9d006298:	aec30010 	sw	v1,16(s6)
9d00629c:	26030018 	addiu	v1,s0,24
9d0062a0:	0b401815 	j	9d006054 <realloc+0x2bc>
9d0062a4:	aec40014 	sw	a0,20(s6)
9d0062a8:	26c30020 	addiu	v1,s6,32
9d0062ac:	aec20018 	sw	v0,24(s6)
9d0062b0:	8e020014 	lw	v0,20(s0)
9d0062b4:	26100018 	addiu	s0,s0,24
9d0062b8:	0b4017b5 	j	9d005ed4 <realloc+0x13c>
9d0062bc:	aec2001c 	sw	v0,28(s6)
9d0062c0:	00e02021 	move	a0,a3
9d0062c4:	0f402fd3 	jal	9d00bf4c <memmove>
9d0062c8:	02002821 	move	a1,s0
9d0062cc:	0b401880 	j	9d006200 <realloc+0x468>
9d0062d0:	00403821 	move	a3,v0
9d0062d4:	0b4017df 	j	9d005f7c <realloc+0x1e4>
9d0062d8:	00001021 	move	v0,zero
9d0062dc:	8e020008 	lw	v0,8(s0)
9d0062e0:	aec20010 	sw	v0,16(s6)
9d0062e4:	8e02000c 	lw	v0,12(s0)
9d0062e8:	aec20014 	sw	v0,20(s6)
9d0062ec:	24020024 	li	v0,36
9d0062f0:	50c20004 	beql	a2,v0,9d006304 <realloc+0x56c>
9d0062f4:	8e020010 	lw	v0,16(s0)
9d0062f8:	26c30018 	addiu	v1,s6,24
9d0062fc:	0b40187a 	j	9d0061e8 <realloc+0x450>
9d006300:	26100010 	addiu	s0,s0,16
9d006304:	26c30020 	addiu	v1,s6,32
9d006308:	aec20018 	sw	v0,24(s6)
9d00630c:	8e020014 	lw	v0,20(s0)
9d006310:	26100018 	addiu	s0,s0,24
9d006314:	0b40187a 	j	9d0061e8 <realloc+0x450>
9d006318:	aec2001c 	sw	v0,28(s6)

Disassembly of section .text.dp32mul:

9d00631c <__divdf3>:
9d00631c:	00055040 000a5542 00054ac0 00047d42     @P..BU...J..B}..
9d00632c:	012f4825 000442c0 3c0e8000 012e4825     %H/..B.....<%H..
9d00633c:	00076840 000d6d42 000762c0 00067d42     @h..Bm...b..B}..
9d00634c:	018f6025 00065ac0 018e6025 00a72826     %`...Z..%`..&(..
9d00635c:	00ae2824 254fffff 2de107fe 102000cb     $(....O%...-.. .
9d00636c:	00000000                                ....

9d006370 <Dlab1>:
9d006370:	25afffff 	addiu	t7,t5,-1
9d006374:	2de107fe 	sltiu	at,t7,2046
9d006378:	102000f4 	beqz	at,9d00674c <DspecB>
9d00637c:	00000000 	nop

9d006380 <Dlab2>:
9d006380:	014d5023 	subu	t2,t2,t5
9d006384:	254a03ff 	addiu	t2,t2,1023
9d006388:	00084042 	srl	t0,t0,0x1
9d00638c:	00097fc0 	sll	t7,t1,0x1f
9d006390:	010f4025 	or	t0,t0,t7
9d006394:	00094842 	srl	t1,t1,0x1
9d006398:	000c3c02 	srl	a3,t4,0x10
9d00639c:	00e001f4 	teq	a3,zero,0x7
9d0063a0:	0127001b 	divu	zero,t1,a3
9d0063a4:	00007012 	mflo	t6
9d0063a8:	00004810 	mfhi	t1
9d0063ac:	3186ffff 	andi	a2,t4,0xffff
9d0063b0:	00ce0019 	multu	a2,t6
9d0063b4:	00002012 	mflo	a0
9d0063b8:	00094c00 	sll	t1,t1,0x10
9d0063bc:	00087c02 	srl	t7,t0,0x10
9d0063c0:	012f4825 	or	t1,t1,t7
9d0063c4:	0124782b 	sltu	t7,t1,a0
9d0063c8:	11e00006 	beqz	t7,9d0063e4 <i20>
9d0063cc:	01244823 	subu	t1,t1,a0

9d0063d0 <b21>:
9d0063d0:	25ceffff 	addiu	t6,t6,-1
9d0063d4:	012c4821 	addu	t1,t1,t4
9d0063d8:	012c082b 	sltu	at,t1,t4
9d0063dc:	1020fffc 	beqz	at,9d0063d0 <b21>
9d0063e0:	00000000 	nop

9d0063e4 <i20>:
9d0063e4:	00e001f4 	teq	a3,zero,0x7
9d0063e8:	0127001b 	divu	zero,t1,a3
9d0063ec:	00003812 	mflo	a3
9d0063f0:	00004810 	mfhi	t1
9d0063f4:	00c70019 	multu	a2,a3
9d0063f8:	00002012 	mflo	a0
9d0063fc:	00094c00 	sll	t1,t1,0x10
9d006400:	310fffff 	andi	t7,t0,0xffff
9d006404:	012f4825 	or	t1,t1,t7
9d006408:	0124782b 	sltu	t7,t1,a0
9d00640c:	11e00006 	beqz	t7,9d006428 <i22>
9d006410:	01244823 	subu	t1,t1,a0

9d006414 <b23>:
9d006414:	24e7ffff 	addiu	a3,a3,-1
9d006418:	012c4821 	addu	t1,t1,t4
9d00641c:	012c082b 	sltu	at,t1,t4
9d006420:	1020fffc 	beqz	at,9d006414 <b23>
9d006424:	00000000 	nop

9d006428 <i22>:
9d006428:	000e7400 	sll	t6,t6,0x10
9d00642c:	01c77021 	addu	t6,t6,a3
9d006430:	01cb0019 	multu	t6,t3
9d006434:	00003812 	mflo	a3
9d006438:	00002010 	mfhi	a0
9d00643c:	24080000 	li	t0,0
9d006440:	0107782b 	sltu	t7,t0,a3
9d006444:	01074023 	subu	t0,t0,a3
9d006448:	012f102b 	sltu	v0,t1,t7
9d00644c:	012f4823 	subu	t1,t1,t7
9d006450:	0124782b 	sltu	t7,t1,a0
9d006454:	01e27825 	or	t7,t7,v0
9d006458:	11e0000b 	beqz	t7,9d006488 <i24>
9d00645c:	01244823 	subu	t1,t1,a0

9d006460 <Dlab3>:
9d006460:	25ceffff 	addiu	t6,t6,-1
9d006464:	010b4021 	addu	t0,t0,t3
9d006468:	010b782b 	sltu	t7,t0,t3
9d00646c:	012c4821 	addu	t1,t1,t4
9d006470:	012f4821 	addu	t1,t1,t7
9d006474:	112c0002 	beq	t1,t4,9d006480 <L31>
9d006478:	00000000 	nop
9d00647c:	012c782b 	sltu	t7,t1,t4

9d006480 <L31>:
9d006480:	11e0fff7 	beqz	t7,9d006460 <Dlab3>
9d006484:	00000000 	nop

9d006488 <i24>:
9d006488:	152c0006 	bne	t1,t4,9d0064a4 <i25>
9d00648c:	00000000 	nop
9d006490:	000b2025 	or	a0,zero,t3
9d006494:	00084825 	or	t1,zero,t0
9d006498:	240d0000 	li	t5,0
9d00649c:	1000002a 	b	9d006548 <e25>
9d0064a0:	000d3825 	or	a3,zero,t5

9d0064a4 <i25>:
9d0064a4:	000c3c02 	srl	a3,t4,0x10
9d0064a8:	00e001f4 	teq	a3,zero,0x7
9d0064ac:	0127001b 	divu	zero,t1,a3
9d0064b0:	00006812 	mflo	t5
9d0064b4:	00004810 	mfhi	t1
9d0064b8:	3186ffff 	andi	a2,t4,0xffff
9d0064bc:	00cd0019 	multu	a2,t5
9d0064c0:	00002012 	mflo	a0
9d0064c4:	00094c00 	sll	t1,t1,0x10
9d0064c8:	00087c02 	srl	t7,t0,0x10
9d0064cc:	012f4825 	or	t1,t1,t7
9d0064d0:	0124782b 	sltu	t7,t1,a0
9d0064d4:	11e00006 	beqz	t7,9d0064f0 <i26>
9d0064d8:	01244823 	subu	t1,t1,a0

9d0064dc <b27>:
9d0064dc:	25adffff 	addiu	t5,t5,-1
9d0064e0:	012c4821 	addu	t1,t1,t4
9d0064e4:	012c082b 	sltu	at,t1,t4
9d0064e8:	1020fffc 	beqz	at,9d0064dc <b27>
9d0064ec:	00000000 	nop

9d0064f0 <i26>:
9d0064f0:	00e001f4 	teq	a3,zero,0x7
9d0064f4:	0127001b 	divu	zero,t1,a3
9d0064f8:	00003812 	mflo	a3
9d0064fc:	00004810 	mfhi	t1
9d006500:	00c70019 	multu	a2,a3
9d006504:	00002012 	mflo	a0
9d006508:	00094c00 	sll	t1,t1,0x10
9d00650c:	310fffff 	andi	t7,t0,0xffff
9d006510:	012f4825 	or	t1,t1,t7
9d006514:	0124782b 	sltu	t7,t1,a0
9d006518:	11e00006 	beqz	t7,9d006534 <i28>
9d00651c:	01244823 	subu	t1,t1,a0

9d006520 <b29>:
9d006520:	24e7ffff 	addiu	a3,a3,-1
9d006524:	012c4821 	addu	t1,t1,t4
9d006528:	012c082b 	sltu	at,t1,t4
9d00652c:	1020fffc 	beqz	at,9d006520 <b29>
9d006530:	00000000 	nop

9d006534 <i28>:
9d006534:	000d6c00 	sll	t5,t5,0x10
9d006538:	01a76821 	addu	t5,t5,a3
9d00653c:	01ab0019 	multu	t5,t3
9d006540:	00003812 	mflo	a3
9d006544:	00002010 	mfhi	a0

9d006548 <e25>:
9d006548:	24080000 	li	t0,0
9d00654c:	0107782b 	sltu	t7,t0,a3
9d006550:	01074023 	subu	t0,t0,a3
9d006554:	012f102b 	sltu	v0,t1,t7
9d006558:	012f4823 	subu	t1,t1,t7
9d00655c:	0124782b 	sltu	t7,t1,a0
9d006560:	01e27825 	or	t7,t7,v0
9d006564:	11e0000b 	beqz	t7,9d006594 <i30>
9d006568:	01244823 	subu	t1,t1,a0

9d00656c <Dlab4>:
9d00656c:	25adffff 	addiu	t5,t5,-1
9d006570:	010b4021 	addu	t0,t0,t3
9d006574:	010b782b 	sltu	t7,t0,t3
9d006578:	012c4821 	addu	t1,t1,t4
9d00657c:	012f4821 	addu	t1,t1,t7
9d006580:	112c0002 	beq	t1,t4,9d00658c <L32>
9d006584:	00000000 	nop
9d006588:	012c782b 	sltu	t7,t1,t4

9d00658c <L32>:
9d00658c:	11e0fff7 	beqz	t7,9d00656c <Dlab4>
9d006590:	00000000 	nop

9d006594 <i30>:
9d006594:	05c00006 	bltz	t6,9d0065b0 <i31>
9d006598:	00000000 	nop
9d00659c:	01a0782a 	slt	t7,t5,zero
9d0065a0:	01ad6821 	addu	t5,t5,t5
9d0065a4:	01ce7021 	addu	t6,t6,t6
9d0065a8:	01cf7021 	addu	t6,t6,t7
9d0065ac:	254affff 	addiu	t2,t2,-1

9d0065b0 <i31>:
9d0065b0:	01287825 	or	t7,t1,t0
9d0065b4:	11e00002 	beqz	t7,9d0065c0 <i32>
9d0065b8:	00000000 	nop
9d0065bc:	35ad0001 	ori	t5,t5,0x1

9d0065c0 <i32>:
9d0065c0:	000e4825 	or	t1,zero,t6
9d0065c4:	000d4025 	or	t0,zero,t5
9d0065c8:	254fffff 	addiu	t7,t2,-1
9d0065cc:	2de107fe 	sltiu	at,t7,2046
9d0065d0:	10200015 	beqz	at,9d006628 <Doveund>
9d0065d4:	00000000 	nop
9d0065d8:	25080400 	addiu	t0,t0,1024
9d0065dc:	2d0f0400 	sltiu	t7,t0,1024
9d0065e0:	012f4821 	addu	t1,t1,t7
9d0065e4:	012f782b 	sltu	t7,t1,t7
9d0065e8:	014f5021 	addu	t2,t2,t7

9d0065ec <Dlab8>:
9d0065ec:	00087ac2 	srl	t7,t0,0xb
9d0065f0:	31ef0001 	andi	t7,t7,0x1
9d0065f4:	010f4023 	subu	t0,t0,t7
9d0065f8:	000822c2 	srl	a0,t0,0xb
9d0065fc:	00097d40 	sll	t7,t1,0x15
9d006600:	008f2025 	or	a0,a0,t7
9d006604:	00097840 	sll	t7,t1,0x1
9d006608:	000f7b02 	srl	t7,t7,0xc
9d00660c:	00af2825 	or	a1,a1,t7
9d006610:	000a7d00 	sll	t7,t2,0x14
9d006614:	00af2825 	or	a1,a1,t7

9d006618 <Dret>:
9d006618:	00041025 	or	v0,zero,a0
9d00661c:	00051825 	or	v1,zero,a1

9d006620 <D999>:
9d006620:	03e00008 	jr	ra
9d006624:	00000000 	nop

9d006628 <Doveund>:
9d006628:	1d400044 	bgtz	t2,9d00673c <Dinf>
9d00662c:	00000000 	nop
9d006630:	240e0001 	li	t6,1
9d006634:	01ca7023 	subu	t6,t6,t2

9d006638 <L33>:
9d006638:	2dc10020 	sltiu	at,t6,32
9d00663c:	14200007 	bnez	at,9d00665c <L34>
9d006640:	00000000 	nop
9d006644:	21ceffe0 	addi	t6,t6,-32
9d006648:	0008202b 	sltu	a0,zero,t0
9d00664c:	1009000d 	beq	zero,t1,9d006684 <L35>
9d006650:	01244025 	or	t0,t1,a0
9d006654:	1000fff8 	b	9d006638 <L33>
9d006658:	34090000 	li	t1,0x0

9d00665c <L34>:
9d00665c:	11c00009 	beqz	t6,9d006684 <L35>
9d006660:	00000000 	nop
9d006664:	000e3022 	neg	a2,t6
9d006668:	00c82004 	sllv	a0,t0,a2
9d00666c:	00c93004 	sllv	a2,t1,a2
9d006670:	01c84006 	srlv	t0,t0,t6
9d006674:	01c94806 	srlv	t1,t1,t6
9d006678:	10800002 	beqz	a0,9d006684 <L35>
9d00667c:	00c84025 	or	t0,a2,t0
9d006680:	35080002 	ori	t0,t0,0x2

9d006684 <L35>:
9d006684:	25080400 	addiu	t0,t0,1024
9d006688:	2d0f0400 	sltiu	t7,t0,1024
9d00668c:	012f4821 	addu	t1,t1,t7
9d006690:	1000ffd6 	b	9d0065ec <Dlab8>
9d006694:	000957c2 	srl	t2,t1,0x1f

9d006698 <DspecA>:
9d006698:	0100782a 	slt	t7,t0,zero
9d00669c:	01084021 	addu	t0,t0,t0
9d0066a0:	01294821 	addu	t1,t1,t1
9d0066a4:	15400017 	bnez	t2,9d006704 <i33>
9d0066a8:	012f4821 	addu	t1,t1,t7
9d0066ac:	01287825 	or	t7,t1,t0
9d0066b0:	11e00014 	beqz	t7,9d006704 <i33>
9d0066b4:	00000000 	nop
9d0066b8:	15200008 	bnez	t1,9d0066dc <L36>
9d0066bc:	00000000 	nop
9d0066c0:	15000003 	bnez	t0,9d0066d0 <L37>
9d0066c4:	00000000 	nop
9d0066c8:	1000ff29 	b	9d006370 <Dlab1>
9d0066cc:	240a0000 	li	t2,0

9d0066d0 <L37>:
9d0066d0:	01004825 	move	t1,t0
9d0066d4:	24080000 	li	t0,0
9d0066d8:	254affe0 	addiu	t2,t2,-32

9d0066dc <L36>:
9d0066dc:	712e7020 	clz	t6,t1
9d0066e0:	11c0ff23 	beqz	t6,9d006370 <Dlab1>
9d0066e4:	00000000 	nop
9d0066e8:	014e5023 	subu	t2,t2,t6
9d0066ec:	000e3022 	neg	a2,t6
9d0066f0:	00c83006 	srlv	a2,t0,a2
9d0066f4:	01c84004 	sllv	t0,t0,t6
9d0066f8:	01c94804 	sllv	t1,t1,t6
9d0066fc:	1000ff1c 	b	9d006370 <Dlab1>
9d006700:	01264825 	or	t1,t1,a2

9d006704 <i33>:
9d006704:	154d0005 	bne	t2,t5,9d00671c <i35>
9d006708:	00000000 	nop
9d00670c:	000c7840 	sll	t7,t4,0x1
9d006710:	01eb7825 	or	t7,t7,t3
9d006714:	11e0002b 	beqz	t7,9d0067c4 <Dnan>
9d006718:	00000000 	nop

9d00671c <i35>:
9d00671c:	240107ff 	li	at,2047
9d006720:	11a1000a 	beq	t5,at,9d00674c <DspecB>
9d006724:	00000000 	nop
9d006728:	1140ffbb 	beqz	t2,9d006618 <Dret>
9d00672c:	00000000 	nop
9d006730:	01287825 	or	t7,t1,t0
9d006734:	15e00023 	bnez	t7,9d0067c4 <Dnan>
9d006738:	00000000 	nop

9d00673c <Dinf>:
9d00673c:	3c017ff0 	lui	at,0x7ff0
9d006740:	00a12825 	or	a1,a1,at
9d006744:	1000ffb4 	b	9d006618 <Dret>
9d006748:	24040000 	li	a0,0

9d00674c <DspecB>:
9d00674c:	0160782a 	slt	t7,t3,zero
9d006750:	016b5821 	addu	t3,t3,t3
9d006754:	018c6021 	addu	t4,t4,t4
9d006758:	15a00017 	bnez	t5,9d0067b8 <i36>
9d00675c:	018f6021 	addu	t4,t4,t7
9d006760:	018b7825 	or	t7,t4,t3
9d006764:	11e0fff5 	beqz	t7,9d00673c <Dinf>
9d006768:	00000000 	nop
9d00676c:	15800008 	bnez	t4,9d006790 <L39>
9d006770:	00000000 	nop
9d006774:	15600003 	bnez	t3,9d006784 <L40>
9d006778:	00000000 	nop
9d00677c:	1000ff00 	b	9d006380 <Dlab2>
9d006780:	240d0000 	li	t5,0

9d006784 <L40>:
9d006784:	01606025 	move	t4,t3
9d006788:	240b0000 	li	t3,0
9d00678c:	25adffe0 	addiu	t5,t5,-32

9d006790 <L39>:
9d006790:	718e7020 	clz	t6,t4
9d006794:	11c0fefa 	beqz	t6,9d006380 <Dlab2>
9d006798:	00000000 	nop
9d00679c:	01ae6823 	subu	t5,t5,t6
9d0067a0:	000e3022 	neg	a2,t6
9d0067a4:	00cb3006 	srlv	a2,t3,a2
9d0067a8:	01cb5804 	sllv	t3,t3,t6
9d0067ac:	01cc6004 	sllv	t4,t4,t6
9d0067b0:	1000fef3 	b	9d006380 <Dlab2>
9d0067b4:	01866025 	or	t4,t4,a2

9d0067b8 <i36>:
9d0067b8:	018b7825 	or	t7,t4,t3
9d0067bc:	11e00002 	beqz	t7,9d0067c8 <i38>
9d0067c0:	00000000 	nop

9d0067c4 <Dnan>:
9d0067c4:	3c05fff8 	lui	a1,0xfff8

9d0067c8 <i38>:
9d0067c8:	1000ff93 	b	9d006618 <Dret>
9d0067cc:	24040000 	li	a0,0
9d0067d0:	00000000 	nop

Disassembly of section .text:

9d0067d4 <__divdi3>:
9d0067d4:	04a00052 	bltz	a1,9d006920 <.LBE15+0x38>
9d0067d8:	00004821 	move	t1,zero
9d0067dc:	04e20057 	bltzl	a3,9d00693c <.LBE15+0x54>
9d0067e0:	00063023 	negu	a2,a2

9d0067e4 <.LBB13>:
9d0067e4:	00c04021 	move	t0,a2
9d0067e8:	00805021 	move	t2,a0
9d0067ec:	14e00046 	bnez	a3,9d006908 <.LBE15+0x20>
9d0067f0:	00a01821 	move	v1,a1
9d0067f4:	00a6102b 	sltu	v0,a1,a2
9d0067f8:	1040005d 	beqz	v0,9d006970 <.LBE15+0x88>
9d0067fc:	70c21020 	clz	v0,a2
9d006800:	50400008 	beqzl	v0,9d006824 <.LBB15+0x4>
9d006804:	00082c02 	srl	a1,t0,0x10
9d006808:	00022023 	negu	a0,v0
9d00680c:	008a2006 	srlv	a0,t2,a0
9d006810:	00451804 	sllv	v1,a1,v0
9d006814:	00464004 	sllv	t0,a2,v0
9d006818:	00831825 	or	v1,a0,v1
9d00681c:	004a5004 	sllv	t2,t2,v0

9d006820 <.LBB15>:
9d006820:	00082c02 	srl	a1,t0,0x10
9d006824:	0065001b 	divu	zero,v1,a1
9d006828:	00a001f4 	teq	a1,zero,0x7
9d00682c:	00006010 	mfhi	t4
9d006830:	00005812 	mflo	t3
9d006834:	3107ffff 	andi	a3,t0,0xffff
9d006838:	000a2402 	srl	a0,t2,0x10
9d00683c:	00001012 	mflo	v0
9d006840:	71673002 	mul	a2,t3,a3
9d006844:	000c6400 	sll	t4,t4,0x10
9d006848:	01842025 	or	a0,t4,a0
9d00684c:	0086602b 	sltu	t4,a0,a2
9d006850:	0065001b 	divu	zero,v1,a1
9d006854:	00a001f4 	teq	a1,zero,0x7
9d006858:	1180000b 	beqz	t4,9d006888 <.LBB15+0x68>
9d00685c:	00861823 	subu	v1,a0,a2
9d006860:	00882021 	addu	a0,a0,t0
9d006864:	0088182b 	sltu	v1,a0,t0
9d006868:	14600006 	bnez	v1,9d006884 <.LBB15+0x64>
9d00686c:	2562ffff 	addiu	v0,t3,-1
9d006870:	0086182b 	sltu	v1,a0,a2
9d006874:	10600004 	beqz	v1,9d006888 <.LBB15+0x68>
9d006878:	00861823 	subu	v1,a0,a2
9d00687c:	2562fffe 	addiu	v0,t3,-2
9d006880:	00882021 	addu	a0,a0,t0
9d006884:	00861823 	subu	v1,a0,a2
9d006888:	314affff 	andi	t2,t2,0xffff
9d00688c:	0065001b 	divu	zero,v1,a1
9d006890:	00a001f4 	teq	a1,zero,0x7
9d006894:	00005810 	mfhi	t3
9d006898:	00003012 	mflo	a2
9d00689c:	00002012 	mflo	a0
9d0068a0:	70c73802 	mul	a3,a2,a3
9d0068a4:	000b5c00 	sll	t3,t3,0x10
9d0068a8:	016a5025 	or	t2,t3,t2
9d0068ac:	0147582b 	sltu	t3,t2,a3
9d0068b0:	0065001b 	divu	zero,v1,a1
9d0068b4:	00a001f4 	teq	a1,zero,0x7
9d0068b8:	51600009 	beqzl	t3,9d0068e0 <.LBB15+0xc0>
9d0068bc:	00021400 	sll	v0,v0,0x10
9d0068c0:	01485021 	addu	t2,t2,t0
9d0068c4:	0148402b 	sltu	t0,t2,t0
9d0068c8:	15000004 	bnez	t0,9d0068dc <.LBB15+0xbc>
9d0068cc:	24c4ffff 	addiu	a0,a2,-1
9d0068d0:	0147382b 	sltu	a3,t2,a3
9d0068d4:	24c6fffe 	addiu	a2,a2,-2
9d0068d8:	00c7200b 	movn	a0,a2,a3
9d0068dc:	00021400 	sll	v0,v0,0x10
9d0068e0:	00821025 	or	v0,a0,v0
9d0068e4:	00001821 	move	v1,zero

9d0068e8 <.LBE15>:
9d0068e8:	11200005 	beqz	t1,9d006900 <.LBE15+0x18>
9d0068ec:	00000000 	nop
9d0068f0:	00021023 	negu	v0,v0
9d0068f4:	0002202b 	sltu	a0,zero,v0
9d0068f8:	00031823 	negu	v1,v1
9d0068fc:	00641823 	subu	v1,v1,a0
9d006900:	03e00008 	jr	ra
9d006904:	00000000 	nop
9d006908:	00a7102b 	sltu	v0,a1,a3
9d00690c:	10400010 	beqz	v0,9d006950 <.LBE15+0x68>
9d006910:	70e84020 	clz	t0,a3
9d006914:	00001821 	move	v1,zero
9d006918:	0b401a3a 	j	9d0068e8 <.LBE15>
9d00691c:	00001021 	move	v0,zero
9d006920:	00042023 	negu	a0,a0
9d006924:	0004102b 	sltu	v0,zero,a0
9d006928:	00052823 	negu	a1,a1
9d00692c:	00a22823 	subu	a1,a1,v0
9d006930:	04e1ffac 	bgez	a3,9d0067e4 <.LBB13>
9d006934:	2409ffff 	li	t1,-1
9d006938:	00063023 	negu	a2,a2
9d00693c:	0006102b 	sltu	v0,zero,a2
9d006940:	00073823 	negu	a3,a3
9d006944:	00094827 	nor	t1,zero,t1
9d006948:	0b4019f9 	j	9d0067e4 <.LBB13>
9d00694c:	00e23823 	subu	a3,a3,v0
9d006950:	1500007e 	bnez	t0,9d006b4c <.LBE16+0xf8>
9d006954:	24020020 	li	v0,32
9d006958:	00e5282b 	sltu	a1,a3,a1
9d00695c:	14a000c6 	bnez	a1,9d006c78 <.LBE23+0x34>
9d006960:	00001821 	move	v1,zero
9d006964:	0086102b 	sltu	v0,a0,a2
9d006968:	0b401a3a 	j	9d0068e8 <.LBE15>
9d00696c:	38420001 	xori	v0,v0,0x1
9d006970:	14c00006 	bnez	a2,9d00698c <.LBE15+0xa4>
9d006974:	71021020 	clz	v0,t0
9d006978:	24080001 	li	t0,1
9d00697c:	0107001b 	divu	zero,t0,a3
9d006980:	00e001f4 	teq	a3,zero,0x7
9d006984:	00004012 	mflo	t0
9d006988:	71021020 	clz	v0,t0
9d00698c:	54400033 	bnezl	v0,9d006a5c <.LBE16+0x8>
9d006990:	00484004 	sllv	t0,t0,v0
9d006994:	00a82023 	subu	a0,a1,t0
9d006998:	00083c02 	srl	a3,t0,0x10
9d00699c:	310cffff 	andi	t4,t0,0xffff
9d0069a0:	24030001 	li	v1,1

9d0069a4 <.LBB16>:
9d0069a4:	000a3402 	srl	a2,t2,0x10
9d0069a8:	0087001b 	divu	zero,a0,a3
9d0069ac:	00e001f4 	teq	a3,zero,0x7
9d0069b0:	00007010 	mfhi	t6
9d0069b4:	00006812 	mflo	t5
9d0069b8:	00001012 	mflo	v0
9d0069bc:	71ac5802 	mul	t3,t5,t4
9d0069c0:	000e7400 	sll	t6,t6,0x10
9d0069c4:	01c63025 	or	a2,t6,a2
9d0069c8:	00cb702b 	sltu	t6,a2,t3
9d0069cc:	0087001b 	divu	zero,a0,a3
9d0069d0:	00e001f4 	teq	a3,zero,0x7
9d0069d4:	11c00009 	beqz	t6,9d0069fc <.LBB16+0x58>
9d0069d8:	00cb2823 	subu	a1,a2,t3
9d0069dc:	00c83021 	addu	a2,a2,t0
9d0069e0:	00c8202b 	sltu	a0,a2,t0
9d0069e4:	14800004 	bnez	a0,9d0069f8 <.LBB16+0x54>
9d0069e8:	25a2ffff 	addiu	v0,t5,-1
9d0069ec:	00cb202b 	sltu	a0,a2,t3
9d0069f0:	548000a3 	bnezl	a0,9d006c80 <.LBE23+0x3c>
9d0069f4:	25a2fffe 	addiu	v0,t5,-2
9d0069f8:	00cb2823 	subu	a1,a2,t3
9d0069fc:	314affff 	andi	t2,t2,0xffff
9d006a00:	00a7001b 	divu	zero,a1,a3
9d006a04:	00e001f4 	teq	a3,zero,0x7
9d006a08:	00005810 	mfhi	t3
9d006a0c:	00003012 	mflo	a2
9d006a10:	00002012 	mflo	a0
9d006a14:	70cc6002 	mul	t4,a2,t4
9d006a18:	000b5c00 	sll	t3,t3,0x10
9d006a1c:	016a5025 	or	t2,t3,t2
9d006a20:	014c582b 	sltu	t3,t2,t4
9d006a24:	00a7001b 	divu	zero,a1,a3
9d006a28:	00e001f4 	teq	a3,zero,0x7
9d006a2c:	51600009 	beqzl	t3,9d006a54 <.LBE16>
9d006a30:	00021400 	sll	v0,v0,0x10
9d006a34:	01485021 	addu	t2,t2,t0
9d006a38:	0148402b 	sltu	t0,t2,t0
9d006a3c:	15000004 	bnez	t0,9d006a50 <.LBB16+0xac>
9d006a40:	24c4ffff 	addiu	a0,a2,-1
9d006a44:	014c502b 	sltu	t2,t2,t4
9d006a48:	24c6fffe 	addiu	a2,a2,-2
9d006a4c:	00ca200b 	movn	a0,a2,t2
9d006a50:	00021400 	sll	v0,v0,0x10

9d006a54 <.LBE16>:
9d006a54:	0b401a3a 	j	9d0068e8 <.LBE15>
9d006a58:	00821025 	or	v0,a0,v0
9d006a5c:	24030020 	li	v1,32
9d006a60:	00621823 	subu	v1,v1,v0
9d006a64:	00653006 	srlv	a2,a1,v1
9d006a68:	00083c02 	srl	a3,t0,0x10
9d006a6c:	00c7001b 	divu	zero,a2,a3
9d006a70:	00e001f4 	teq	a3,zero,0x7
9d006a74:	00007810 	mfhi	t7
9d006a78:	00006812 	mflo	t5
9d006a7c:	310cffff 	andi	t4,t0,0xffff
9d006a80:	00452804 	sllv	a1,a1,v0
9d006a84:	00641806 	srlv	v1,a0,v1
9d006a88:	00652825 	or	a1,v1,a1
9d006a8c:	00057402 	srl	t6,a1,0x10
9d006a90:	00445004 	sllv	t2,a0,v0
9d006a94:	00001812 	mflo	v1
9d006a98:	71ac5802 	mul	t3,t5,t4
9d006a9c:	000f1400 	sll	v0,t7,0x10
9d006aa0:	01c21025 	or	v0,t6,v0
9d006aa4:	004b202b 	sltu	a0,v0,t3
9d006aa8:	00c7001b 	divu	zero,a2,a3
9d006aac:	00e001f4 	teq	a3,zero,0x7
9d006ab0:	5080000b 	beqzl	a0,9d006ae0 <.LBE16+0x8c>
9d006ab4:	004b1023 	subu	v0,v0,t3
9d006ab8:	00481021 	addu	v0,v0,t0
9d006abc:	0048202b 	sltu	a0,v0,t0
9d006ac0:	14800006 	bnez	a0,9d006adc <.LBE16+0x88>
9d006ac4:	25a3ffff 	addiu	v1,t5,-1
9d006ac8:	004b202b 	sltu	a0,v0,t3
9d006acc:	50800004 	beqzl	a0,9d006ae0 <.LBE16+0x8c>
9d006ad0:	004b1023 	subu	v0,v0,t3
9d006ad4:	25a3fffe 	addiu	v1,t5,-2
9d006ad8:	00481021 	addu	v0,v0,t0
9d006adc:	004b1023 	subu	v0,v0,t3
9d006ae0:	30adffff 	andi	t5,a1,0xffff
9d006ae4:	0047001b 	divu	zero,v0,a3
9d006ae8:	00e001f4 	teq	a3,zero,0x7
9d006aec:	00002010 	mfhi	a0
9d006af0:	00005812 	mflo	t3
9d006af4:	00003012 	mflo	a2
9d006af8:	716c2802 	mul	a1,t3,t4
9d006afc:	00042400 	sll	a0,a0,0x10
9d006b00:	008d2025 	or	a0,a0,t5
9d006b04:	0085682b 	sltu	t5,a0,a1
9d006b08:	0047001b 	divu	zero,v0,a3
9d006b0c:	00e001f4 	teq	a3,zero,0x7
9d006b10:	51a0000b 	beqzl	t5,9d006b40 <.LBE16+0xec>
9d006b14:	00031c00 	sll	v1,v1,0x10
9d006b18:	00882021 	addu	a0,a0,t0
9d006b1c:	0088102b 	sltu	v0,a0,t0
9d006b20:	14400006 	bnez	v0,9d006b3c <.LBE16+0xe8>
9d006b24:	2566ffff 	addiu	a2,t3,-1
9d006b28:	0085102b 	sltu	v0,a0,a1
9d006b2c:	50400004 	beqzl	v0,9d006b40 <.LBE16+0xec>
9d006b30:	00031c00 	sll	v1,v1,0x10
9d006b34:	2566fffe 	addiu	a2,t3,-2
9d006b38:	00882021 	addu	a0,a0,t0
9d006b3c:	00031c00 	sll	v1,v1,0x10
9d006b40:	00852023 	subu	a0,a0,a1
9d006b44:	0b401a69 	j	9d0069a4 <.LBB16>
9d006b48:	00c31825 	or	v1,a2,v1
9d006b4c:	00481023 	subu	v0,v0,t0
9d006b50:	01073804 	sllv	a3,a3,t0
9d006b54:	00461806 	srlv	v1,a2,v0
9d006b58:	00673825 	or	a3,v1,a3
9d006b5c:	00455806 	srlv	t3,a1,v0
9d006b60:	00071c02 	srl	v1,a3,0x10
9d006b64:	0163001b 	divu	zero,t3,v1
9d006b68:	006001f4 	teq	v1,zero,0x7
9d006b6c:	00005010 	mfhi	t2
9d006b70:	00007012 	mflo	t6
9d006b74:	30ecffff 	andi	t4,a3,0xffff
9d006b78:	01052804 	sllv	a1,a1,t0
9d006b7c:	00441006 	srlv	v0,a0,v0
9d006b80:	00452825 	or	a1,v0,a1
9d006b84:	00057c02 	srl	t7,a1,0x10
9d006b88:	00001012 	mflo	v0
9d006b8c:	71cc6802 	mul	t5,t6,t4
9d006b90:	000a5400 	sll	t2,t2,0x10
9d006b94:	014f5025 	or	t2,t2,t7
9d006b98:	014d782b 	sltu	t7,t2,t5
9d006b9c:	0163001b 	divu	zero,t3,v1
9d006ba0:	006001f4 	teq	v1,zero,0x7
9d006ba4:	11e0000a 	beqz	t7,9d006bd0 <.LBE16+0x17c>
9d006ba8:	01063004 	sllv	a2,a2,t0
9d006bac:	01475021 	addu	t2,t2,a3
9d006bb0:	0147582b 	sltu	t3,t2,a3
9d006bb4:	15600006 	bnez	t3,9d006bd0 <.LBE16+0x17c>
9d006bb8:	25c2ffff 	addiu	v0,t6,-1
9d006bbc:	014d582b 	sltu	t3,t2,t5
9d006bc0:	51600004 	beqzl	t3,9d006bd4 <.LBE16+0x180>
9d006bc4:	014d5023 	subu	t2,t2,t5
9d006bc8:	25c2fffe 	addiu	v0,t6,-2
9d006bcc:	01475021 	addu	t2,t2,a3
9d006bd0:	014d5023 	subu	t2,t2,t5
9d006bd4:	30a5ffff 	andi	a1,a1,0xffff
9d006bd8:	0143001b 	divu	zero,t2,v1
9d006bdc:	006001f4 	teq	v1,zero,0x7
9d006be0:	00007010 	mfhi	t6
9d006be4:	00006812 	mflo	t5
9d006be8:	00005812 	mflo	t3
9d006bec:	71ac6002 	mul	t4,t5,t4
9d006bf0:	000e7400 	sll	t6,t6,0x10
9d006bf4:	01c52825 	or	a1,t6,a1
9d006bf8:	00ac702b 	sltu	t6,a1,t4
9d006bfc:	0143001b 	divu	zero,t2,v1
9d006c00:	006001f4 	teq	v1,zero,0x7
9d006c04:	51c0000b 	beqzl	t6,9d006c34 <.LBE16+0x1e0>
9d006c08:	00021400 	sll	v0,v0,0x10
9d006c0c:	00a72821 	addu	a1,a1,a3
9d006c10:	00a7182b 	sltu	v1,a1,a3
9d006c14:	14600006 	bnez	v1,9d006c30 <.LBE16+0x1dc>
9d006c18:	25abffff 	addiu	t3,t5,-1
9d006c1c:	00ac182b 	sltu	v1,a1,t4
9d006c20:	50600004 	beqzl	v1,9d006c34 <.LBE16+0x1e0>
9d006c24:	00021400 	sll	v0,v0,0x10
9d006c28:	25abfffe 	addiu	t3,t5,-2
9d006c2c:	00a72821 	addu	a1,a1,a3
9d006c30:	00021400 	sll	v0,v0,0x10
9d006c34:	01621025 	or	v0,t3,v0
9d006c38:	00ac2823 	subu	a1,a1,t4

9d006c3c <.LBB23>:
9d006c3c:	00460019 	multu	v0,a2
9d006c40:	00003810 	mfhi	a3

9d006c44 <.LBE23>:
9d006c44:	00a7182b 	sltu	v1,a1,a3
9d006c48:	14600008 	bnez	v1,9d006c6c <.LBE23+0x28>
9d006c4c:	00003012 	mflo	a2
9d006c50:	50a70003 	beql	a1,a3,9d006c60 <.LBE23+0x1c>
9d006c54:	01042004 	sllv	a0,a0,t0
9d006c58:	0b401a3a 	j	9d0068e8 <.LBE15>
9d006c5c:	00001821 	move	v1,zero
9d006c60:	0086302b 	sltu	a2,a0,a2
9d006c64:	50c0ff20 	beqzl	a2,9d0068e8 <.LBE15>
9d006c68:	00001821 	move	v1,zero
9d006c6c:	2442ffff 	addiu	v0,v0,-1
9d006c70:	0b401a3a 	j	9d0068e8 <.LBE15>
9d006c74:	00001821 	move	v1,zero
9d006c78:	0b401a3a 	j	9d0068e8 <.LBE15>
9d006c7c:	24020001 	li	v0,1
9d006c80:	0b401a7e 	j	9d0069f8 <.LBB16+0x54>
9d006c84:	00c83021 	addu	a2,a2,t0

9d006c88 <__umoddi3>:
9d006c88:	00c04021 	move	t0,a2
9d006c8c:	00804821 	move	t1,a0
9d006c90:	14e0003b 	bnez	a3,9d006d80 <.LBE15+0xc>
9d006c94:	00a01821 	move	v1,a1
9d006c98:	00a6102b 	sltu	v0,a1,a2
9d006c9c:	10400048 	beqz	v0,9d006dc0 <.LBE16+0x8>
9d006ca0:	70c21020 	clz	v0,a2
9d006ca4:	50400008 	beqzl	v0,9d006cc8 <.LBB15+0x4>
9d006ca8:	00083402 	srl	a2,t0,0x10
9d006cac:	00021823 	negu	v1,v0
9d006cb0:	00452804 	sllv	a1,a1,v0
9d006cb4:	00641806 	srlv	v1,a0,v1
9d006cb8:	00464004 	sllv	t0,a2,v0
9d006cbc:	00651825 	or	v1,v1,a1
9d006cc0:	00444804 	sllv	t1,a0,v0

9d006cc4 <.LBB15>:
9d006cc4:	00083402 	srl	a2,t0,0x10
9d006cc8:	0066001b 	divu	zero,v1,a2
9d006ccc:	00c001f4 	teq	a2,zero,0x7
9d006cd0:	00002010 	mfhi	a0
9d006cd4:	00005812 	mflo	t3
9d006cd8:	310cffff 	andi	t4,t0,0xffff
9d006cdc:	00095402 	srl	t2,t1,0x10
9d006ce0:	716c5802 	mul	t3,t3,t4
9d006ce4:	00042400 	sll	a0,a0,0x10
9d006ce8:	008a5025 	or	t2,a0,t2
9d006cec:	014b682b 	sltu	t5,t2,t3
9d006cf0:	0066001b 	divu	zero,v1,a2
9d006cf4:	00c001f4 	teq	a2,zero,0x7
9d006cf8:	51a00009 	beqzl	t5,9d006d20 <.LBB15+0x5c>
9d006cfc:	014b5023 	subu	t2,t2,t3
9d006d00:	01485021 	addu	t2,t2,t0
9d006d04:	0148182b 	sltu	v1,t2,t0
9d006d08:	54600005 	bnezl	v1,9d006d20 <.LBB15+0x5c>
9d006d0c:	014b5023 	subu	t2,t2,t3
9d006d10:	014b202b 	sltu	a0,t2,t3
9d006d14:	01481821 	addu	v1,t2,t0
9d006d18:	0064500b 	movn	t2,v1,a0
9d006d1c:	014b5023 	subu	t2,t2,t3
9d006d20:	3123ffff 	andi	v1,t1,0xffff
9d006d24:	0146001b 	divu	zero,t2,a2
9d006d28:	00c001f4 	teq	a2,zero,0x7
9d006d2c:	00004810 	mfhi	t1
9d006d30:	00002012 	mflo	a0
9d006d34:	708c2002 	mul	a0,a0,t4
9d006d38:	00094c00 	sll	t1,t1,0x10
9d006d3c:	01234825 	or	t1,t1,v1
9d006d40:	0124182b 	sltu	v1,t1,a0
9d006d44:	0146001b 	divu	zero,t2,a2
9d006d48:	00c001f4 	teq	a2,zero,0x7
9d006d4c:	50600009 	beqzl	v1,9d006d74 <.LBE15>
9d006d50:	01244823 	subu	t1,t1,a0
9d006d54:	01284821 	addu	t1,t1,t0
9d006d58:	0128182b 	sltu	v1,t1,t0
9d006d5c:	54600005 	bnezl	v1,9d006d74 <.LBE15>
9d006d60:	01244823 	subu	t1,t1,a0
9d006d64:	0124182b 	sltu	v1,t1,a0
9d006d68:	01284021 	addu	t0,t1,t0
9d006d6c:	0103480b 	movn	t1,t0,v1
9d006d70:	01244823 	subu	t1,t1,a0

9d006d74 <.LBE15>:
9d006d74:	00491006 	srlv	v0,t1,v0
9d006d78:	03e00008 	jr	ra
9d006d7c:	00001821 	move	v1,zero
9d006d80:	00a7102b 	sltu	v0,a1,a3
9d006d84:	14400047 	bnez	v0,9d006ea4 <.LBE17+0xc>
9d006d88:	70ea5020 	clz	t2,a3
9d006d8c:	15400048 	bnez	t2,9d006eb0 <.LBE17+0x18>
9d006d90:	240b0020 	li	t3,32
9d006d94:	00e5102b 	sltu	v0,a3,a1
9d006d98:	14400005 	bnez	v0,9d006db0 <.LBB16+0x4>
9d006d9c:	00861023 	subu	v0,a0,a2
9d006da0:	0086402b 	sltu	t0,a0,a2
9d006da4:	15000089 	bnez	t0,9d006fcc <.LBE24+0x10>
9d006da8:	00801021 	move	v0,a0

9d006dac <.LBB16>:
9d006dac:	00861023 	subu	v0,a0,a2
9d006db0:	00a72823 	subu	a1,a1,a3
9d006db4:	0082202b 	sltu	a0,a0,v0

9d006db8 <.LBE16>:
9d006db8:	03e00008 	jr	ra
9d006dbc:	00a41823 	subu	v1,a1,a0
9d006dc0:	14c00006 	bnez	a2,9d006ddc <.LBE16+0x24>
9d006dc4:	71021020 	clz	v0,t0
9d006dc8:	24020001 	li	v0,1
9d006dcc:	0046001b 	divu	zero,v0,a2
9d006dd0:	00c001f4 	teq	a2,zero,0x7
9d006dd4:	00004012 	mflo	t0
9d006dd8:	71021020 	clz	v0,t0
9d006ddc:	5440007d 	bnezl	v0,9d006fd4 <.LBE24+0x18>
9d006de0:	00484004 	sllv	t0,t0,v0
9d006de4:	00a82823 	subu	a1,a1,t0
9d006de8:	00081c02 	srl	v1,t0,0x10
9d006dec:	3107ffff 	andi	a3,t0,0xffff

9d006df0 <.LBB17>:
9d006df0:	00092402 	srl	a0,t1,0x10
9d006df4:	00a3001b 	divu	zero,a1,v1
9d006df8:	006001f4 	teq	v1,zero,0x7
9d006dfc:	00005010 	mfhi	t2
9d006e00:	00003012 	mflo	a2
9d006e04:	70c73002 	mul	a2,a2,a3
9d006e08:	000a5400 	sll	t2,t2,0x10
9d006e0c:	01442025 	or	a0,t2,a0
9d006e10:	0086502b 	sltu	t2,a0,a2
9d006e14:	00a3001b 	divu	zero,a1,v1
9d006e18:	006001f4 	teq	v1,zero,0x7
9d006e1c:	51400009 	beqzl	t2,9d006e44 <.LBB17+0x54>
9d006e20:	00862023 	subu	a0,a0,a2
9d006e24:	00882021 	addu	a0,a0,t0
9d006e28:	0088282b 	sltu	a1,a0,t0
9d006e2c:	54a00005 	bnezl	a1,9d006e44 <.LBB17+0x54>
9d006e30:	00862023 	subu	a0,a0,a2
9d006e34:	0086502b 	sltu	t2,a0,a2
9d006e38:	00882821 	addu	a1,a0,t0
9d006e3c:	00aa200b 	movn	a0,a1,t2
9d006e40:	00862023 	subu	a0,a0,a2
9d006e44:	3126ffff 	andi	a2,t1,0xffff
9d006e48:	0083001b 	divu	zero,a0,v1
9d006e4c:	006001f4 	teq	v1,zero,0x7
9d006e50:	00004810 	mfhi	t1
9d006e54:	00002812 	mflo	a1
9d006e58:	70a72802 	mul	a1,a1,a3
9d006e5c:	00094c00 	sll	t1,t1,0x10
9d006e60:	01264825 	or	t1,t1,a2
9d006e64:	0125302b 	sltu	a2,t1,a1
9d006e68:	0083001b 	divu	zero,a0,v1
9d006e6c:	006001f4 	teq	v1,zero,0x7
9d006e70:	50c00009 	beqzl	a2,9d006e98 <.LBE17>
9d006e74:	01254823 	subu	t1,t1,a1
9d006e78:	01284821 	addu	t1,t1,t0
9d006e7c:	0128182b 	sltu	v1,t1,t0
9d006e80:	54600005 	bnezl	v1,9d006e98 <.LBE17>
9d006e84:	01254823 	subu	t1,t1,a1
9d006e88:	0125182b 	sltu	v1,t1,a1
9d006e8c:	01284021 	addu	t0,t1,t0
9d006e90:	0103480b 	movn	t1,t0,v1
9d006e94:	01254823 	subu	t1,t1,a1

9d006e98 <.LBE17>:
9d006e98:	00491006 	srlv	v0,t1,v0
9d006e9c:	03e00008 	jr	ra
9d006ea0:	00001821 	move	v1,zero
9d006ea4:	00801021 	move	v0,a0
9d006ea8:	03e00008 	jr	ra
9d006eac:	00a01821 	move	v1,a1
9d006eb0:	016a5823 	subu	t3,t3,t2
9d006eb4:	01473804 	sllv	a3,a3,t2
9d006eb8:	01661006 	srlv	v0,a2,t3
9d006ebc:	00473825 	or	a3,v0,a3
9d006ec0:	01656806 	srlv	t5,a1,t3
9d006ec4:	00074c02 	srl	t1,a3,0x10
9d006ec8:	01a9001b 	divu	zero,t5,t1
9d006ecc:	012001f4 	teq	t1,zero,0x7
9d006ed0:	00006010 	mfhi	t4
9d006ed4:	00001812 	mflo	v1
9d006ed8:	30eeffff 	andi	t6,a3,0xffff
9d006edc:	01452804 	sllv	a1,a1,t2
9d006ee0:	01641006 	srlv	v0,a0,t3
9d006ee4:	00451025 	or	v0,v0,a1
9d006ee8:	00022c02 	srl	a1,v0,0x10
9d006eec:	01463004 	sllv	a2,a2,t2
9d006ef0:	00004012 	mflo	t0
9d006ef4:	706e7802 	mul	t7,v1,t6
9d006ef8:	000c6400 	sll	t4,t4,0x10
9d006efc:	01856025 	or	t4,t4,a1
9d006f00:	018f282b 	sltu	a1,t4,t7
9d006f04:	01a9001b 	divu	zero,t5,t1
9d006f08:	012001f4 	teq	t1,zero,0x7
9d006f0c:	10a0000a 	beqz	a1,9d006f38 <.LBE17+0xa0>
9d006f10:	01442004 	sllv	a0,a0,t2
9d006f14:	01876021 	addu	t4,t4,a3
9d006f18:	0187282b 	sltu	a1,t4,a3
9d006f1c:	14a00006 	bnez	a1,9d006f38 <.LBE17+0xa0>
9d006f20:	2468ffff 	addiu	t0,v1,-1
9d006f24:	018f282b 	sltu	a1,t4,t7
9d006f28:	50a00004 	beqzl	a1,9d006f3c <.LBE17+0xa4>
9d006f2c:	018f6023 	subu	t4,t4,t7
9d006f30:	2468fffe 	addiu	t0,v1,-2
9d006f34:	01876021 	addu	t4,t4,a3
9d006f38:	018f6023 	subu	t4,t4,t7
9d006f3c:	3042ffff 	andi	v0,v0,0xffff
9d006f40:	0189001b 	divu	zero,t4,t1
9d006f44:	012001f4 	teq	t1,zero,0x7
9d006f48:	00002810 	mfhi	a1
9d006f4c:	00001812 	mflo	v1
9d006f50:	00006812 	mflo	t5
9d006f54:	706e7002 	mul	t6,v1,t6
9d006f58:	00052c00 	sll	a1,a1,0x10
9d006f5c:	00a21025 	or	v0,a1,v0
9d006f60:	004e282b 	sltu	a1,v0,t6
9d006f64:	0189001b 	divu	zero,t4,t1
9d006f68:	012001f4 	teq	t1,zero,0x7
9d006f6c:	50a00006 	beqzl	a1,9d006f88 <.LBE17+0xf0>
9d006f70:	00084400 	sll	t0,t0,0x10
9d006f74:	00471021 	addu	v0,v0,a3
9d006f78:	0047282b 	sltu	a1,v0,a3
9d006f7c:	10a0004c 	beqz	a1,9d0070b0 <.LBE25>
9d006f80:	246dffff 	addiu	t5,v1,-1
9d006f84:	00084400 	sll	t0,t0,0x10
9d006f88:	01a84025 	or	t0,t5,t0
9d006f8c:	004e1023 	subu	v0,v0,t6
9d006f90:	01060019 	multu	t0,a2
9d006f94:	00004810 	mfhi	t1
9d006f98:	0049182b 	sltu	v1,v0,t1
9d006f9c:	1460003e 	bnez	v1,9d007098 <.LBB25>
9d006fa0:	00004012 	mflo	t0
9d006fa4:	1049004b 	beq	v0,t1,9d0070d4 <.LBE25+0x24>
9d006fa8:	00491823 	subu	v1,v0,t1
9d006fac:	00003012 	mflo	a2

9d006fb0 <.LBB24>:
9d006fb0:	00863023 	subu	a2,a0,a2
9d006fb4:	0086202b 	sltu	a0,a0,a2
9d006fb8:	00641823 	subu	v1,v1,a0

9d006fbc <.LBE24>:
9d006fbc:	01631004 	sllv	v0,v1,t3
9d006fc0:	01463006 	srlv	a2,a2,t2
9d006fc4:	00461025 	or	v0,v0,a2
9d006fc8:	01431806 	srlv	v1,v1,t2
9d006fcc:	03e00008 	jr	ra
9d006fd0:	00000000 	nop
9d006fd4:	24090020 	li	t1,32
9d006fd8:	01224823 	subu	t1,t1,v0
9d006fdc:	01255006 	srlv	t2,a1,t1
9d006fe0:	00081c02 	srl	v1,t0,0x10
9d006fe4:	0143001b 	divu	zero,t2,v1
9d006fe8:	006001f4 	teq	v1,zero,0x7
9d006fec:	00003010 	mfhi	a2
9d006ff0:	00005812 	mflo	t3
9d006ff4:	3107ffff 	andi	a3,t0,0xffff
9d006ff8:	00452804 	sllv	a1,a1,v0
9d006ffc:	01244806 	srlv	t1,a0,t1
9d007000:	01252825 	or	a1,t1,a1
9d007004:	00056402 	srl	t4,a1,0x10
9d007008:	00444804 	sllv	t1,a0,v0
9d00700c:	71675802 	mul	t3,t3,a3
9d007010:	00063400 	sll	a2,a2,0x10
9d007014:	01863025 	or	a2,t4,a2
9d007018:	00cb202b 	sltu	a0,a2,t3
9d00701c:	0143001b 	divu	zero,t2,v1
9d007020:	006001f4 	teq	v1,zero,0x7
9d007024:	50800006 	beqzl	a0,9d007040 <.LBE24+0x84>
9d007028:	00cb3023 	subu	a2,a2,t3
9d00702c:	00c83021 	addu	a2,a2,t0
9d007030:	00c8202b 	sltu	a0,a2,t0
9d007034:	10800024 	beqz	a0,9d0070c8 <.LBE25+0x18>
9d007038:	00cb502b 	sltu	t2,a2,t3
9d00703c:	00cb3023 	subu	a2,a2,t3
9d007040:	30aaffff 	andi	t2,a1,0xffff
9d007044:	00c3001b 	divu	zero,a2,v1
9d007048:	006001f4 	teq	v1,zero,0x7
9d00704c:	00002010 	mfhi	a0
9d007050:	00002812 	mflo	a1
9d007054:	70a72802 	mul	a1,a1,a3
9d007058:	00042400 	sll	a0,a0,0x10
9d00705c:	008a2025 	or	a0,a0,t2
9d007060:	0085502b 	sltu	t2,a0,a1
9d007064:	00c3001b 	divu	zero,a2,v1
9d007068:	006001f4 	teq	v1,zero,0x7
9d00706c:	5140ff60 	beqzl	t2,9d006df0 <.LBB17>
9d007070:	00852823 	subu	a1,a0,a1
9d007074:	00882021 	addu	a0,a0,t0
9d007078:	0088302b 	sltu	a2,a0,t0
9d00707c:	54c0ff5c 	bnezl	a2,9d006df0 <.LBB17>
9d007080:	00852823 	subu	a1,a0,a1
9d007084:	0085502b 	sltu	t2,a0,a1
9d007088:	00883021 	addu	a2,a0,t0
9d00708c:	00ca200b 	movn	a0,a2,t2
9d007090:	0b401b7c 	j	9d006df0 <.LBB17>
9d007094:	00852823 	subu	a1,a0,a1

9d007098 <.LBB25>:
9d007098:	01063023 	subu	a2,t0,a2
9d00709c:	01271823 	subu	v1,t1,a3
9d0070a0:	0106402b 	sltu	t0,t0,a2
9d0070a4:	00681823 	subu	v1,v1,t0
9d0070a8:	0b401bec 	j	9d006fb0 <.LBB24>
9d0070ac:	00431823 	subu	v1,v0,v1

9d0070b0 <.LBE25>:
9d0070b0:	004e282b 	sltu	a1,v0,t6
9d0070b4:	50a0ffb4 	beqzl	a1,9d006f88 <.LBE17+0xf0>
9d0070b8:	00084400 	sll	t0,t0,0x10
9d0070bc:	246dfffe 	addiu	t5,v1,-2
9d0070c0:	0b401be1 	j	9d006f84 <.LBE17+0xec>
9d0070c4:	00471021 	addu	v0,v0,a3
9d0070c8:	00c82021 	addu	a0,a2,t0
9d0070cc:	0b401c0f 	j	9d00703c <.LBE24+0x80>
9d0070d0:	008a300b 	movn	a2,a0,t2
9d0070d4:	0088182b 	sltu	v1,a0,t0
9d0070d8:	5460fff0 	bnezl	v1,9d00709c <.LBB25+0x4>
9d0070dc:	01063023 	subu	a2,t0,a2
9d0070e0:	00003012 	mflo	a2
9d0070e4:	0b401bec 	j	9d006fb0 <.LBB24>
9d0070e8:	00001821 	move	v1,zero

Disassembly of section .text:

9d0070ec <__udivdi3>:
9d0070ec:	00c04021 	move	t0,a2
9d0070f0:	00801021 	move	v0,a0
9d0070f4:	14e0003f 	bnez	a3,9d0071f4 <.LBE15+0x8>
9d0070f8:	00a04821 	move	t1,a1
9d0070fc:	00a6182b 	sltu	v1,a1,a2
9d007100:	10600047 	beqz	v1,9d007220 <.LBE15+0x34>
9d007104:	70c31820 	clz	v1,a2
9d007108:	50600008 	beqzl	v1,9d00712c <.LBB15+0x4>
9d00710c:	00081c02 	srl	v1,t0,0x10
9d007110:	00034823 	negu	t1,v1
9d007114:	00652804 	sllv	a1,a1,v1
9d007118:	01244806 	srlv	t1,a0,t1
9d00711c:	00664004 	sllv	t0,a2,v1
9d007120:	01254825 	or	t1,t1,a1
9d007124:	00641004 	sllv	v0,a0,v1

9d007128 <.LBB15>:
9d007128:	00081c02 	srl	v1,t0,0x10
9d00712c:	0123001b 	divu	zero,t1,v1
9d007130:	006001f4 	teq	v1,zero,0x7
9d007134:	00006010 	mfhi	t4
9d007138:	00005812 	mflo	t3
9d00713c:	310affff 	andi	t2,t0,0xffff
9d007140:	00022402 	srl	a0,v0,0x10
9d007144:	00003012 	mflo	a2
9d007148:	716a3802 	mul	a3,t3,t2
9d00714c:	000c6400 	sll	t4,t4,0x10
9d007150:	01842025 	or	a0,t4,a0
9d007154:	0087602b 	sltu	t4,a0,a3
9d007158:	0123001b 	divu	zero,t1,v1
9d00715c:	006001f4 	teq	v1,zero,0x7
9d007160:	1180000b 	beqz	t4,9d007190 <.LBB15+0x68>
9d007164:	00872823 	subu	a1,a0,a3
9d007168:	00882021 	addu	a0,a0,t0
9d00716c:	0088282b 	sltu	a1,a0,t0
9d007170:	14a00006 	bnez	a1,9d00718c <.LBB15+0x64>
9d007174:	2566ffff 	addiu	a2,t3,-1
9d007178:	0087282b 	sltu	a1,a0,a3
9d00717c:	10a00004 	beqz	a1,9d007190 <.LBB15+0x68>
9d007180:	00872823 	subu	a1,a0,a3
9d007184:	2566fffe 	addiu	a2,t3,-2
9d007188:	00882021 	addu	a0,a0,t0
9d00718c:	00872823 	subu	a1,a0,a3
9d007190:	3042ffff 	andi	v0,v0,0xffff
9d007194:	00a3001b 	divu	zero,a1,v1
9d007198:	006001f4 	teq	v1,zero,0x7
9d00719c:	00004810 	mfhi	t1
9d0071a0:	00003812 	mflo	a3
9d0071a4:	00002012 	mflo	a0
9d0071a8:	70ea5002 	mul	t2,a3,t2
9d0071ac:	00094c00 	sll	t1,t1,0x10
9d0071b0:	01221025 	or	v0,t1,v0
9d0071b4:	004a482b 	sltu	t1,v0,t2
9d0071b8:	00a3001b 	divu	zero,a1,v1
9d0071bc:	006001f4 	teq	v1,zero,0x7
9d0071c0:	51200009 	beqzl	t1,9d0071e8 <.LBB15+0xc0>
9d0071c4:	00061400 	sll	v0,a2,0x10
9d0071c8:	00481021 	addu	v0,v0,t0
9d0071cc:	0048402b 	sltu	t0,v0,t0
9d0071d0:	15000004 	bnez	t0,9d0071e4 <.LBB15+0xbc>
9d0071d4:	24e4ffff 	addiu	a0,a3,-1
9d0071d8:	004a502b 	sltu	t2,v0,t2
9d0071dc:	24e7fffe 	addiu	a3,a3,-2
9d0071e0:	00ea200b 	movn	a0,a3,t2
9d0071e4:	00061400 	sll	v0,a2,0x10
9d0071e8:	00821025 	or	v0,a0,v0

9d0071ec <.LBE15>:
9d0071ec:	03e00008 	jr	ra
9d0071f0:	00001821 	move	v1,zero
9d0071f4:	00a7102b 	sltu	v0,a1,a3
9d0071f8:	14400044 	bnez	v0,9d00730c <.LBE16+0x8>
9d0071fc:	70e84020 	clz	t0,a3
9d007200:	55000045 	bnezl	t0,9d007318 <.LBE16+0x14>
9d007204:	24020020 	li	v0,32
9d007208:	00e5282b 	sltu	a1,a3,a1
9d00720c:	14a000c8 	bnez	a1,9d007530 <.LBE20+0x120>
9d007210:	0086302b 	sltu	a2,a0,a2
9d007214:	38c20001 	xori	v0,a2,0x1
9d007218:	03e00008 	jr	ra
9d00721c:	00001821 	move	v1,zero
9d007220:	14c00006 	bnez	a2,9d00723c <.LBE15+0x50>
9d007224:	71031820 	clz	v1,t0
9d007228:	24030001 	li	v1,1
9d00722c:	0066001b 	divu	zero,v1,a2
9d007230:	00c001f4 	teq	a2,zero,0x7
9d007234:	00004012 	mflo	t0
9d007238:	71031820 	clz	v1,t0
9d00723c:	5460007b 	bnezl	v1,9d00742c <.LBE20+0x1c>
9d007240:	00684004 	sllv	t0,t0,v1
9d007244:	00a82023 	subu	a0,a1,t0
9d007248:	00083c02 	srl	a3,t0,0x10
9d00724c:	310bffff 	andi	t3,t0,0xffff
9d007250:	24030001 	li	v1,1

9d007254 <.LBB16>:
9d007254:	00023402 	srl	a2,v0,0x10
9d007258:	0087001b 	divu	zero,a0,a3
9d00725c:	00e001f4 	teq	a3,zero,0x7
9d007260:	00006810 	mfhi	t5
9d007264:	00006012 	mflo	t4
9d007268:	00004812 	mflo	t1
9d00726c:	718b5002 	mul	t2,t4,t3
9d007270:	000d6c00 	sll	t5,t5,0x10
9d007274:	01a63025 	or	a2,t5,a2
9d007278:	00ca682b 	sltu	t5,a2,t2
9d00727c:	0087001b 	divu	zero,a0,a3
9d007280:	00e001f4 	teq	a3,zero,0x7
9d007284:	11a00009 	beqz	t5,9d0072ac <.LBB16+0x58>
9d007288:	00ca2823 	subu	a1,a2,t2
9d00728c:	00c83021 	addu	a2,a2,t0
9d007290:	00c8202b 	sltu	a0,a2,t0
9d007294:	14800004 	bnez	a0,9d0072a8 <.LBB16+0x54>
9d007298:	2589ffff 	addiu	t1,t4,-1
9d00729c:	00ca202b 	sltu	a0,a2,t2
9d0072a0:	548000a6 	bnezl	a0,9d00753c <.LBE20+0x12c>
9d0072a4:	2589fffe 	addiu	t1,t4,-2
9d0072a8:	00ca2823 	subu	a1,a2,t2
9d0072ac:	3042ffff 	andi	v0,v0,0xffff
9d0072b0:	00a7001b 	divu	zero,a1,a3
9d0072b4:	00e001f4 	teq	a3,zero,0x7
9d0072b8:	00005010 	mfhi	t2
9d0072bc:	00003012 	mflo	a2
9d0072c0:	00002012 	mflo	a0
9d0072c4:	70cb5802 	mul	t3,a2,t3
9d0072c8:	000a5400 	sll	t2,t2,0x10
9d0072cc:	01421025 	or	v0,t2,v0
9d0072d0:	004b502b 	sltu	t2,v0,t3
9d0072d4:	00a7001b 	divu	zero,a1,a3
9d0072d8:	00e001f4 	teq	a3,zero,0x7
9d0072dc:	51400009 	beqzl	t2,9d007304 <.LBE16>
9d0072e0:	00091400 	sll	v0,t1,0x10
9d0072e4:	00481021 	addu	v0,v0,t0
9d0072e8:	0048402b 	sltu	t0,v0,t0
9d0072ec:	15000004 	bnez	t0,9d007300 <.LBB16+0xac>
9d0072f0:	24c4ffff 	addiu	a0,a2,-1
9d0072f4:	004b582b 	sltu	t3,v0,t3
9d0072f8:	24c6fffe 	addiu	a2,a2,-2
9d0072fc:	00cb200b 	movn	a0,a2,t3
9d007300:	00091400 	sll	v0,t1,0x10

9d007304 <.LBE16>:
9d007304:	03e00008 	jr	ra
9d007308:	00821025 	or	v0,a0,v0
9d00730c:	00001821 	move	v1,zero
9d007310:	03e00008 	jr	ra
9d007314:	00001021 	move	v0,zero
9d007318:	00481023 	subu	v0,v0,t0
9d00731c:	01073804 	sllv	a3,a3,t0
9d007320:	00461806 	srlv	v1,a2,v0
9d007324:	00673825 	or	a3,v1,a3
9d007328:	00455006 	srlv	t2,a1,v0
9d00732c:	00071c02 	srl	v1,a3,0x10
9d007330:	0143001b 	divu	zero,t2,v1
9d007334:	006001f4 	teq	v1,zero,0x7
9d007338:	00004810 	mfhi	t1
9d00733c:	00006812 	mflo	t5
9d007340:	30ebffff 	andi	t3,a3,0xffff
9d007344:	01052804 	sllv	a1,a1,t0
9d007348:	00441006 	srlv	v0,a0,v0
9d00734c:	00452825 	or	a1,v0,a1
9d007350:	00057402 	srl	t6,a1,0x10
9d007354:	00001012 	mflo	v0
9d007358:	71ab6002 	mul	t4,t5,t3
9d00735c:	00094c00 	sll	t1,t1,0x10
9d007360:	012e4825 	or	t1,t1,t6
9d007364:	012c702b 	sltu	t6,t1,t4
9d007368:	0143001b 	divu	zero,t2,v1
9d00736c:	006001f4 	teq	v1,zero,0x7
9d007370:	11c0000a 	beqz	t6,9d00739c <.LBE16+0x98>
9d007374:	01063004 	sllv	a2,a2,t0
9d007378:	01274821 	addu	t1,t1,a3
9d00737c:	0127502b 	sltu	t2,t1,a3
9d007380:	15400006 	bnez	t2,9d00739c <.LBE16+0x98>
9d007384:	25a2ffff 	addiu	v0,t5,-1
9d007388:	012c502b 	sltu	t2,t1,t4
9d00738c:	51400004 	beqzl	t2,9d0073a0 <.LBE16+0x9c>
9d007390:	012c4823 	subu	t1,t1,t4
9d007394:	25a2fffe 	addiu	v0,t5,-2
9d007398:	01274821 	addu	t1,t1,a3
9d00739c:	012c4823 	subu	t1,t1,t4
9d0073a0:	30a5ffff 	andi	a1,a1,0xffff
9d0073a4:	0123001b 	divu	zero,t1,v1
9d0073a8:	006001f4 	teq	v1,zero,0x7
9d0073ac:	00006810 	mfhi	t5
9d0073b0:	00006012 	mflo	t4
9d0073b4:	00005012 	mflo	t2
9d0073b8:	718b5802 	mul	t3,t4,t3
9d0073bc:	000d6c00 	sll	t5,t5,0x10
9d0073c0:	01a52825 	or	a1,t5,a1
9d0073c4:	00ab682b 	sltu	t5,a1,t3
9d0073c8:	0123001b 	divu	zero,t1,v1
9d0073cc:	006001f4 	teq	v1,zero,0x7
9d0073d0:	51a0000b 	beqzl	t5,9d007400 <.LBE16+0xfc>
9d0073d4:	00021400 	sll	v0,v0,0x10
9d0073d8:	00a72821 	addu	a1,a1,a3
9d0073dc:	00a7182b 	sltu	v1,a1,a3
9d0073e0:	14600006 	bnez	v1,9d0073fc <.LBE16+0xf8>
9d0073e4:	258affff 	addiu	t2,t4,-1
9d0073e8:	00ab182b 	sltu	v1,a1,t3
9d0073ec:	50600004 	beqzl	v1,9d007400 <.LBE16+0xfc>
9d0073f0:	00021400 	sll	v0,v0,0x10
9d0073f4:	258afffe 	addiu	t2,t4,-2
9d0073f8:	00a72821 	addu	a1,a1,a3
9d0073fc:	00021400 	sll	v0,v0,0x10
9d007400:	01421025 	or	v0,t2,v0
9d007404:	00ab2823 	subu	a1,a1,t3

9d007408 <.LBB20>:
9d007408:	00460019 	multu	v0,a2
9d00740c:	00003810 	mfhi	a3

9d007410 <.LBE20>:
9d007410:	00a7182b 	sltu	v1,a1,a3
9d007414:	14600044 	bnez	v1,9d007528 <.LBE20+0x118>
9d007418:	00003012 	mflo	a2
9d00741c:	10a7003f 	beq	a1,a3,9d00751c <.LBE20+0x10c>
9d007420:	01042004 	sllv	a0,a0,t0
9d007424:	03e00008 	jr	ra
9d007428:	00001821 	move	v1,zero
9d00742c:	24020020 	li	v0,32
9d007430:	00431023 	subu	v0,v0,v1
9d007434:	00454806 	srlv	t1,a1,v0
9d007438:	00083c02 	srl	a3,t0,0x10
9d00743c:	0127001b 	divu	zero,t1,a3
9d007440:	00e001f4 	teq	a3,zero,0x7
9d007444:	00003010 	mfhi	a2
9d007448:	00006012 	mflo	t4
9d00744c:	310bffff 	andi	t3,t0,0xffff
9d007450:	00652804 	sllv	a1,a1,v1
9d007454:	00441006 	srlv	v0,a0,v0
9d007458:	00452825 	or	a1,v0,a1
9d00745c:	00056c02 	srl	t5,a1,0x10
9d007460:	00641004 	sllv	v0,a0,v1
9d007464:	00001812 	mflo	v1
9d007468:	718b5002 	mul	t2,t4,t3
9d00746c:	00063400 	sll	a2,a2,0x10
9d007470:	01a63025 	or	a2,t5,a2
9d007474:	00ca202b 	sltu	a0,a2,t2
9d007478:	0127001b 	divu	zero,t1,a3
9d00747c:	00e001f4 	teq	a3,zero,0x7
9d007480:	5080000b 	beqzl	a0,9d0074b0 <.LBE20+0xa0>
9d007484:	00ca3023 	subu	a2,a2,t2
9d007488:	00c83021 	addu	a2,a2,t0
9d00748c:	00c8202b 	sltu	a0,a2,t0
9d007490:	14800006 	bnez	a0,9d0074ac <.LBE20+0x9c>
9d007494:	2583ffff 	addiu	v1,t4,-1
9d007498:	00ca202b 	sltu	a0,a2,t2
9d00749c:	50800004 	beqzl	a0,9d0074b0 <.LBE20+0xa0>
9d0074a0:	00ca3023 	subu	a2,a2,t2
9d0074a4:	2583fffe 	addiu	v1,t4,-2
9d0074a8:	00c83021 	addu	a2,a2,t0
9d0074ac:	00ca3023 	subu	a2,a2,t2
9d0074b0:	30acffff 	andi	t4,a1,0xffff
9d0074b4:	00c7001b 	divu	zero,a2,a3
9d0074b8:	00e001f4 	teq	a3,zero,0x7
9d0074bc:	00002010 	mfhi	a0
9d0074c0:	00005012 	mflo	t2
9d0074c4:	00004812 	mflo	t1
9d0074c8:	714b2802 	mul	a1,t2,t3
9d0074cc:	00042400 	sll	a0,a0,0x10
9d0074d0:	008c2025 	or	a0,a0,t4
9d0074d4:	0085602b 	sltu	t4,a0,a1
9d0074d8:	00c7001b 	divu	zero,a2,a3
9d0074dc:	00e001f4 	teq	a3,zero,0x7
9d0074e0:	5180000b 	beqzl	t4,9d007510 <.LBE20+0x100>
9d0074e4:	00031c00 	sll	v1,v1,0x10
9d0074e8:	00882021 	addu	a0,a0,t0
9d0074ec:	0088302b 	sltu	a2,a0,t0
9d0074f0:	14c00006 	bnez	a2,9d00750c <.LBE20+0xfc>
9d0074f4:	2549ffff 	addiu	t1,t2,-1
9d0074f8:	0085302b 	sltu	a2,a0,a1
9d0074fc:	50c00004 	beqzl	a2,9d007510 <.LBE20+0x100>
9d007500:	00031c00 	sll	v1,v1,0x10
9d007504:	2549fffe 	addiu	t1,t2,-2
9d007508:	00882021 	addu	a0,a0,t0
9d00750c:	00031c00 	sll	v1,v1,0x10
9d007510:	00852023 	subu	a0,a0,a1
9d007514:	0b401c95 	j	9d007254 <.LBB16>
9d007518:	01231825 	or	v1,t1,v1
9d00751c:	0086302b 	sltu	a2,a0,a2
9d007520:	10c0ffc0 	beqz	a2,9d007424 <.LBE20+0x14>
9d007524:	00000000 	nop
9d007528:	0b401d09 	j	9d007424 <.LBE20+0x14>
9d00752c:	2442ffff 	addiu	v0,v0,-1
9d007530:	00001821 	move	v1,zero
9d007534:	03e00008 	jr	ra
9d007538:	24020001 	li	v0,1
9d00753c:	0b401caa 	j	9d0072a8 <.LBB16+0x54>
9d007540:	00c83021 	addu	a2,a2,t0

Disassembly of section .text.dp32subadd:

9d007544 <__subdf3>:
9d007544:	3c018000 00e13826                       ...<&8..

9d00754c <__adddf3>:
9d00754c:	00055840 000b5d42 000552c0 00047d42     @X..B]...R..B}..
9d00755c:	014f5025 00044ac0 3c088000 01485025     %PO..J.....<%PH.
9d00756c:	00077040 000e7542 00076ac0 00067d42     @p..Bu...j..B}..
9d00757c:	01af6825 000662c0 01a86825 256fffff     %h...b..%h....o%
9d00758c:	2de107fe 1020008d 00000000              ...-.. .....

9d007598 <Blab1>:
9d007598:	25cfffff 	addiu	t7,t6,-1
9d00759c:	2de107fe 	sltiu	at,t7,2046
9d0075a0:	102000bb 	beqz	at,9d007890 <BspecB>
9d0075a4:	00000000 	nop

9d0075a8 <Blab2>:
9d0075a8:	3c018000 	lui	at,0x8000
9d0075ac:	00a12824 	and	a1,a1,at
9d0075b0:	016e4023 	subu	t0,t3,t6
9d0075b4:	1100002c 	beqz	t0,9d007668 <Badd3>
9d0075b8:	00000000 	nop
9d0075bc:	19000015 	blez	t0,9d007614 <i1>
9d0075c0:	00000000 	nop

9d0075c4 <L1>:
9d0075c4:	2d010020 	sltiu	at,t0,32
9d0075c8:	14200007 	bnez	at,9d0075e8 <L2>
9d0075cc:	00000000 	nop
9d0075d0:	2108ffe0 	addi	t0,t0,-32
9d0075d4:	000c302b 	sltu	a2,zero,t4
9d0075d8:	100d0023 	beq	zero,t5,9d007668 <Badd3>
9d0075dc:	01a66025 	or	t4,t5,a2
9d0075e0:	1000fff8 	b	9d0075c4 <L1>
9d0075e4:	340d0000 	li	t5,0x0

9d0075e8 <L2>:
9d0075e8:	1100001f 	beqz	t0,9d007668 <Badd3>
9d0075ec:	00000000 	nop
9d0075f0:	00082022 	neg	a0,t0
9d0075f4:	008c3004 	sllv	a2,t4,a0
9d0075f8:	008d2004 	sllv	a0,t5,a0
9d0075fc:	010c6006 	srlv	t4,t4,t0
9d007600:	010d6806 	srlv	t5,t5,t0
9d007604:	10c00018 	beqz	a2,9d007668 <Badd3>
9d007608:	008c6025 	or	t4,a0,t4
9d00760c:	10000016 	b	9d007668 <Badd3>
9d007610:	358c0002 	ori	t4,t4,0x2

9d007614 <i1>:
9d007614:	000e5825 	or	t3,zero,t6
9d007618:	00084023 	negu	t0,t0

9d00761c <L4>:
9d00761c:	2d010020 	sltiu	at,t0,32
9d007620:	14200007 	bnez	at,9d007640 <L5>
9d007624:	00000000 	nop
9d007628:	2108ffe0 	addi	t0,t0,-32
9d00762c:	0009302b 	sltu	a2,zero,t1
9d007630:	100a000d 	beq	zero,t2,9d007668 <Badd3>
9d007634:	01464825 	or	t1,t2,a2
9d007638:	1000fff8 	b	9d00761c <L4>
9d00763c:	340a0000 	li	t2,0x0

9d007640 <L5>:
9d007640:	11000009 	beqz	t0,9d007668 <Badd3>
9d007644:	00000000 	nop
9d007648:	00082022 	neg	a0,t0
9d00764c:	00893004 	sllv	a2,t1,a0
9d007650:	008a2004 	sllv	a0,t2,a0
9d007654:	01094806 	srlv	t1,t1,t0
9d007658:	010a5006 	srlv	t2,t2,t0
9d00765c:	10c00002 	beqz	a2,9d007668 <Badd3>
9d007660:	00894825 	or	t1,a0,t1
9d007664:	35290002 	ori	t1,t1,0x2

9d007668 <Badd3>:
9d007668:	00a77826 	xor	t7,a1,a3
9d00766c:	05e0001c 	bltz	t7,9d0076e0 <Bsub1>
9d007670:	00000000 	nop
9d007674:	012c4821 	addu	t1,t1,t4
9d007678:	012c782b 	sltu	t7,t1,t4
9d00767c:	014d5021 	addu	t2,t2,t5
9d007680:	014f5021 	addu	t2,t2,t7
9d007684:	114d0002 	beq	t2,t5,9d007690 <L7>
9d007688:	00000000 	nop
9d00768c:	014d782b 	sltu	t7,t2,t5

9d007690 <L7>:
9d007690:	11e00037 	beqz	t7,9d007770 <Bres>
9d007694:	00000000 	nop
9d007698:	312f0001 	andi	t7,t1,0x1
9d00769c:	11e00002 	beqz	t7,9d0076a8 <i3>
9d0076a0:	00000000 	nop
9d0076a4:	35290002 	ori	t1,t1,0x2

9d0076a8 <i3>:
9d0076a8:	00094842 	srl	t1,t1,0x1
9d0076ac:	000a7fc0 	sll	t7,t2,0x1f
9d0076b0:	012f4825 	or	t1,t1,t7
9d0076b4:	000a5042 	srl	t2,t2,0x1
9d0076b8:	3c018000 	lui	at,0x8000
9d0076bc:	01415025 	or	t2,t2,at
9d0076c0:	256b0001 	addiu	t3,t3,1
9d0076c4:	240107ff 	li	at,2047
9d0076c8:	15610029 	bne	t3,at,9d007770 <Bres>
9d0076cc:	00000000 	nop
9d0076d0:	3c017ff0 	lui	at,0x7ff0
9d0076d4:	00a12825 	or	a1,a1,at
9d0076d8:	10000037 	b	9d0077b8 <BretA>
9d0076dc:	24040000 	li	a0,0

9d0076e0 <Bsub1>:
9d0076e0:	012c782b 	sltu	t7,t1,t4
9d0076e4:	012c4823 	subu	t1,t1,t4
9d0076e8:	014f102b 	sltu	v0,t2,t7
9d0076ec:	014f5023 	subu	t2,t2,t7
9d0076f0:	014d782b 	sltu	t7,t2,t5
9d0076f4:	01e27825 	or	t7,t7,v0
9d0076f8:	11e00007 	beqz	t7,9d007718 <i5>
9d0076fc:	014d5023 	subu	t2,t2,t5
9d007700:	3c018000 	lui	at,0x8000
9d007704:	00a12826 	xor	a1,a1,at
9d007708:	0009782b 	sltu	t7,zero,t1
9d00770c:	00094823 	negu	t1,t1
9d007710:	000a5023 	negu	t2,t2
9d007714:	014f5023 	subu	t2,t2,t7

9d007718 <i5>:
9d007718:	15400008 	bnez	t2,9d00773c <L8>
9d00771c:	00000000 	nop
9d007720:	15200003 	bnez	t1,9d007730 <L9>
9d007724:	00000000 	nop
9d007728:	1000000d 	b	9d007760 <L10>
9d00772c:	240b0000 	li	t3,0

9d007730 <L9>:
9d007730:	01205025 	move	t2,t1
9d007734:	24090000 	li	t1,0
9d007738:	256bffe0 	addiu	t3,t3,-32

9d00773c <L8>:
9d00773c:	71484020 	clz	t0,t2
9d007740:	11000007 	beqz	t0,9d007760 <L10>
9d007744:	00000000 	nop
9d007748:	01685823 	subu	t3,t3,t0
9d00774c:	00082022 	neg	a0,t0
9d007750:	00892006 	srlv	a0,t1,a0
9d007754:	01094804 	sllv	t1,t1,t0
9d007758:	010a5004 	sllv	t2,t2,t0
9d00775c:	01445025 	or	t2,t2,a0

9d007760 <L10>:
9d007760:	01497825 	or	t7,t2,t1
9d007764:	15e00002 	bnez	t7,9d007770 <Bres>
9d007768:	00000000 	nop
9d00776c:	24050000 	li	a1,0

9d007770 <Bres>:
9d007770:	19600068 	blez	t3,9d007914 <Bund>
9d007774:	00000000 	nop

9d007778 <Blab8>:
9d007778:	25290400 	addiu	t1,t1,1024
9d00777c:	2d2f0400 	sltiu	t7,t1,1024
9d007780:	014f5021 	addu	t2,t2,t7
9d007784:	014f782b 	sltu	t7,t2,t7
9d007788:	016f5821 	addu	t3,t3,t7
9d00778c:	00097ac2 	srl	t7,t1,0xb
9d007790:	31ef0001 	andi	t7,t7,0x1
9d007794:	012f4823 	subu	t1,t1,t7
9d007798:	000922c2 	srl	a0,t1,0xb
9d00779c:	000a7d40 	sll	t7,t2,0x15
9d0077a0:	008f2025 	or	a0,a0,t7
9d0077a4:	000a7840 	sll	t7,t2,0x1
9d0077a8:	000f7b02 	srl	t7,t7,0xc
9d0077ac:	00af2825 	or	a1,a1,t7
9d0077b0:	000b7d00 	sll	t7,t3,0x14
9d0077b4:	00af2825 	or	a1,a1,t7

9d0077b8 <BretA>:
9d0077b8:	00041025 	or	v0,zero,a0
9d0077bc:	00051825 	or	v1,zero,a1

9d0077c0 <B999>:
9d0077c0:	03e00008 	jr	ra
9d0077c4:	00000000 	nop

9d0077c8 <BspecA>:
9d0077c8:	0120782a 	slt	t7,t1,zero
9d0077cc:	01294821 	addu	t1,t1,t1
9d0077d0:	014a5021 	addu	t2,t2,t2
9d0077d4:	15600023 	bnez	t3,9d007864 <i7>
9d0077d8:	014f5021 	addu	t2,t2,t7
9d0077dc:	01497825 	or	t7,t2,t1
9d0077e0:	11e00014 	beqz	t7,9d007834 <i8>
9d0077e4:	00000000 	nop
9d0077e8:	15400008 	bnez	t2,9d00780c <L11>
9d0077ec:	00000000 	nop
9d0077f0:	15200003 	bnez	t1,9d007800 <L12>
9d0077f4:	00000000 	nop
9d0077f8:	1000ff67 	b	9d007598 <Blab1>
9d0077fc:	240b0000 	li	t3,0

9d007800 <L12>:
9d007800:	01205025 	move	t2,t1
9d007804:	24090000 	li	t1,0
9d007808:	256bffe0 	addiu	t3,t3,-32

9d00780c <L11>:
9d00780c:	71484020 	clz	t0,t2
9d007810:	1100ff61 	beqz	t0,9d007598 <Blab1>
9d007814:	00000000 	nop
9d007818:	01685823 	subu	t3,t3,t0
9d00781c:	00082022 	neg	a0,t0
9d007820:	00892006 	srlv	a0,t1,a0
9d007824:	01094804 	sllv	t1,t1,t0
9d007828:	010a5004 	sllv	t2,t2,t0
9d00782c:	1000ff5a 	b	9d007598 <Blab1>
9d007830:	01445025 	or	t2,t2,a0

9d007834 <i8>:
9d007834:	240107ff 	li	at,2047
9d007838:	11c10015 	beq	t6,at,9d007890 <BspecB>
9d00783c:	00000000 	nop
9d007840:	00e74021 	addu	t0,a3,a3
9d007844:	01067825 	or	t7,t0,a2
9d007848:	15e00003 	bnez	t7,9d007858 <BretB>
9d00784c:	00000000 	nop
9d007850:	04e0ffd9 	bltz	a3,9d0077b8 <BretA>
9d007854:	00000000 	nop

9d007858 <BretB>:
9d007858:	00061025 	or	v0,zero,a2
9d00785c:	1000ffd8 	b	9d0077c0 <B999>
9d007860:	00071825 	or	v1,zero,a3

9d007864 <i7>:
9d007864:	01497825 	or	t7,t2,t1
9d007868:	15e00027 	bnez	t7,9d007908 <Bnan>
9d00786c:	00000000 	nop
9d007870:	240107ff 	li	at,2047
9d007874:	15c1ffd0 	bne	t6,at,9d0077b8 <BretA>
9d007878:	00000000 	nop
9d00787c:	00a77826 	xor	t7,a1,a3
9d007880:	05e00021 	bltz	t7,9d007908 <Bnan>
9d007884:	00000000 	nop
9d007888:	1000fff3 	b	9d007858 <BretB>
9d00788c:	00000000 	nop

9d007890 <BspecB>:
9d007890:	0180782a 	slt	t7,t4,zero
9d007894:	018c6021 	addu	t4,t4,t4
9d007898:	01ad6821 	addu	t5,t5,t5
9d00789c:	15c00017 	bnez	t6,9d0078fc <i11>
9d0078a0:	01af6821 	addu	t5,t5,t7
9d0078a4:	01ac7825 	or	t7,t5,t4
9d0078a8:	11e0ffc3 	beqz	t7,9d0077b8 <BretA>
9d0078ac:	00000000 	nop
9d0078b0:	15a00008 	bnez	t5,9d0078d4 <L14>
9d0078b4:	00000000 	nop
9d0078b8:	15800003 	bnez	t4,9d0078c8 <L15>
9d0078bc:	00000000 	nop
9d0078c0:	1000ff39 	b	9d0075a8 <Blab2>
9d0078c4:	240e0000 	li	t6,0

9d0078c8 <L15>:
9d0078c8:	01806825 	move	t5,t4
9d0078cc:	240c0000 	li	t4,0
9d0078d0:	25ceffe0 	addiu	t6,t6,-32

9d0078d4 <L14>:
9d0078d4:	71a84020 	clz	t0,t5
9d0078d8:	1100ff33 	beqz	t0,9d0075a8 <Blab2>
9d0078dc:	00000000 	nop
9d0078e0:	01c87023 	subu	t6,t6,t0
9d0078e4:	00082022 	neg	a0,t0
9d0078e8:	008c2006 	srlv	a0,t4,a0
9d0078ec:	010c6004 	sllv	t4,t4,t0
9d0078f0:	010d6804 	sllv	t5,t5,t0
9d0078f4:	1000ff2c 	b	9d0075a8 <Blab2>
9d0078f8:	01a46825 	or	t5,t5,a0

9d0078fc <i11>:
9d0078fc:	01ac7825 	or	t7,t5,t4
9d007900:	11e0ffd5 	beqz	t7,9d007858 <BretB>
9d007904:	00000000 	nop

9d007908 <Bnan>:
9d007908:	3c05fff8 	lui	a1,0xfff8
9d00790c:	1000ffaa 	b	9d0077b8 <BretA>
9d007910:	24040000 	li	a0,0

9d007914 <Bund>:
9d007914:	24080001 	li	t0,1
9d007918:	010b4023 	subu	t0,t0,t3

9d00791c <L17>:
9d00791c:	2d010020 	sltiu	at,t0,32
9d007920:	14200007 	bnez	at,9d007940 <L18>
9d007924:	00000000 	nop
9d007928:	2108ffe0 	addi	t0,t0,-32
9d00792c:	0009302b 	sltu	a2,zero,t1
9d007930:	100a000d 	beq	zero,t2,9d007968 <L19>
9d007934:	01464825 	or	t1,t2,a2
9d007938:	1000fff8 	b	9d00791c <L17>
9d00793c:	340a0000 	li	t2,0x0

9d007940 <L18>:
9d007940:	11000009 	beqz	t0,9d007968 <L19>
9d007944:	00000000 	nop
9d007948:	00082022 	neg	a0,t0
9d00794c:	00893004 	sllv	a2,t1,a0
9d007950:	008a2004 	sllv	a0,t2,a0
9d007954:	01094806 	srlv	t1,t1,t0
9d007958:	010a5006 	srlv	t2,t2,t0
9d00795c:	10c00002 	beqz	a2,9d007968 <L19>
9d007960:	00894825 	or	t1,a0,t1
9d007964:	35290002 	ori	t1,t1,0x2

9d007968 <L19>:
9d007968:	1000ff83 	b	9d007778 <Blab8>
9d00796c:	240b0000 	li	t3,0
9d007970:	00000000 	nop

Disassembly of section .text.__strtod:

9d007974 <__strtod>:
9d007974:	27bdffc8 	addiu	sp,sp,-56

9d007978 <.LCFI0>:
9d007978:	afbf0034 	sw	ra,52(sp)
9d00797c:	afbe0030 	sw	s8,48(sp)
9d007980:	afb7002c 	sw	s7,44(sp)
9d007984:	afb60028 	sw	s6,40(sp)
9d007988:	afb50024 	sw	s5,36(sp)
9d00798c:	afb40020 	sw	s4,32(sp)
9d007990:	afb3001c 	sw	s3,28(sp)
9d007994:	afb20018 	sw	s2,24(sp)
9d007998:	afb10014 	sw	s1,20(sp)
9d00799c:	afb00010 	sw	s0,16(sp)
9d0079a0:	0080b821 	move	s7,a0
9d0079a4:	80820000 	lb	v0,0(a0)
9d0079a8:	3c1e9d01 	lui	s8,0x9d01
9d0079ac:	27deaa81 	addiu	s8,s8,-21887
9d0079b0:	03c21821 	addu	v1,s8,v0
9d0079b4:	80630000 	lb	v1,0(v1)
9d0079b8:	00a0a821 	move	s5,a1
9d0079bc:	30630088 	andi	v1,v1,0x88
9d0079c0:	10600008 	beqz	v1,9d0079e4 <.LCFI0+0x6c>
9d0079c4:	0080a021 	move	s4,a0
9d0079c8:	26940001 	addiu	s4,s4,1
9d0079cc:	82820000 	lb	v0,0(s4)
9d0079d0:	03c21821 	addu	v1,s8,v0
9d0079d4:	80630000 	lb	v1,0(v1)
9d0079d8:	30630088 	andi	v1,v1,0x88
9d0079dc:	5460fffb 	bnezl	v1,9d0079cc <.LCFI0+0x54>
9d0079e0:	26940001 	addiu	s4,s4,1
9d0079e4:	2403002d 	li	v1,45
9d0079e8:	10430098 	beq	v0,v1,9d007c4c <.LCFI0+0x2d4>
9d0079ec:	3842002b 	xori	v0,v0,0x2b
9d0079f0:	2c420001 	sltiu	v0,v0,1
9d0079f4:	00009821 	move	s3,zero
9d0079f8:	0282a021 	addu	s4,s4,v0
9d0079fc:	82860000 	lb	a2,0(s4)
9d007a00:	03c61021 	addu	v0,s8,a2
9d007a04:	90420000 	lbu	v0,0(v0)
9d007a08:	30420004 	andi	v0,v0,0x4
9d007a0c:	00008821 	move	s1,zero
9d007a10:	104000bc 	beqz	v0,9d007d04 <.LCFI0+0x38c>
9d007a14:	00008021 	move	s0,zero
9d007a18:	00009021 	move	s2,zero
9d007a1c:	24d6ffd0 	addiu	s6,a2,-48
9d007a20:	02002821 	move	a1,s0
9d007a24:	02202021 	move	a0,s1
9d007a28:	00003021 	move	a2,zero
9d007a2c:	0f402109 	jal	9d008424 <.LFE23>
9d007a30:	3c074024 	lui	a3,0x4024
9d007a34:	00408021 	move	s0,v0
9d007a38:	00608821 	move	s1,v1
9d007a3c:	0f402f46 	jal	9d00bd18 <__floatsidf>
9d007a40:	02c02021 	move	a0,s6
9d007a44:	02002021 	move	a0,s0
9d007a48:	02202821 	move	a1,s1
9d007a4c:	00403021 	move	a2,v0
9d007a50:	00603821 	move	a3,v1
9d007a54:	0f401d53 	jal	9d00754c <__adddf3>
9d007a58:	26940001 	addiu	s4,s4,1
9d007a5c:	00408821 	move	s1,v0
9d007a60:	00608021 	move	s0,v1
9d007a64:	82860000 	lb	a2,0(s4)
9d007a68:	03c61021 	addu	v0,s8,a2
9d007a6c:	90420000 	lbu	v0,0(v0)
9d007a70:	30420004 	andi	v0,v0,0x4
9d007a74:	1440ffe9 	bnez	v0,9d007a1c <.LCFI0+0xa4>
9d007a78:	02569025 	or	s2,s2,s6
9d007a7c:	24030001 	li	v1,1
9d007a80:	2402002e 	li	v0,46
9d007a84:	50c20048 	beql	a2,v0,9d007ba8 <.LCFI0+0x230>
9d007a88:	82820001 	lb	v0,1(s4)
9d007a8c:	54600072 	bnezl	v1,9d007c58 <.LCFI0+0x2e0>
9d007a90:	82820000 	lb	v0,0(s4)
9d007a94:	12a0002a 	beqz	s5,9d007b40 <.LCFI0+0x1c8>
9d007a98:	00000000 	nop
9d007a9c:	02e0a021 	move	s4,s7
9d007aa0:	0000b821 	move	s7,zero
9d007aa4:	aeb40000 	sw	s4,0(s5)
9d007aa8:	12e00025 	beqz	s7,9d007b40 <.LCFI0+0x1c8>
9d007aac:	00004021 	move	t0,zero
9d007ab0:	001717c3 	sra	v0,s7,0x1f
9d007ab4:	0057b026 	xor	s6,v0,s7
9d007ab8:	02c2b023 	subu	s6,s6,v0
9d007abc:	3c159d01 	lui	s5,0x9d01
9d007ac0:	26b5c398 	addiu	s5,s5,-15464
9d007ac4:	3c093ff0 	lui	t1,0x3ff0
9d007ac8:	0b401eb6 	j	9d007ad8 <.LCFI0+0x160>
9d007acc:	24140009 	li	s4,9
9d007ad0:	1280000e 	beqz	s4,9d007b0c <.LCFI0+0x194>
9d007ad4:	26b5fff8 	addiu	s5,s5,-8
9d007ad8:	2694ffff 	addiu	s4,s4,-1
9d007adc:	02961007 	srav	v0,s6,s4
9d007ae0:	30420001 	andi	v0,v0,0x1
9d007ae4:	1040fffa 	beqz	v0,9d007ad0 <.LCFI0+0x158>
9d007ae8:	01002021 	move	a0,t0
9d007aec:	8ea60000 	lw	a2,0(s5)
9d007af0:	8ea70004 	lw	a3,4(s5)
9d007af4:	0f402109 	jal	9d008424 <.LFE23>
9d007af8:	01202821 	move	a1,t1
9d007afc:	00404021 	move	t0,v0
9d007b00:	00604821 	move	t1,v1
9d007b04:	1680fff4 	bnez	s4,9d007ad8 <.LCFI0+0x160>
9d007b08:	26b5fff8 	addiu	s5,s5,-8
9d007b0c:	02202021 	move	a0,s1
9d007b10:	02002821 	move	a1,s0
9d007b14:	01003021 	move	a2,t0
9d007b18:	06e00075 	bltz	s7,9d007cf0 <.LCFI0+0x378>
9d007b1c:	01203821 	move	a3,t1
9d007b20:	0f402109 	jal	9d008424 <.LFE23>
9d007b24:	00000000 	nop
9d007b28:	00402021 	move	a0,v0
9d007b2c:	00602821 	move	a1,v1
9d007b30:	0f402793 	jal	9d009e4c <__ldexp>
9d007b34:	02e03021 	move	a2,s7
9d007b38:	00408821 	move	s1,v0
9d007b3c:	00608021 	move	s0,v1
9d007b40:	1220007b 	beqz	s1,9d007d30 <.LCFI0+0x3b8>
9d007b44:	7e02f000 	ext	v0,s0,0x0,0x1f
9d007b48:	02301025 	or	v0,s1,s0
9d007b4c:	10400073 	beqz	v0,9d007d1c <.LCFI0+0x3a4>
9d007b50:	00000000 	nop
9d007b54:	12600007 	beqz	s3,9d007b74 <.LCFI0+0x1fc>
9d007b58:	02201021 	move	v0,s1
9d007b5c:	02202021 	move	a0,s1
9d007b60:	0f4031d5 	jal	9d00c754 <__negdf2>
9d007b64:	02002821 	move	a1,s0
9d007b68:	00408821 	move	s1,v0
9d007b6c:	00608021 	move	s0,v1
9d007b70:	02201021 	move	v0,s1
9d007b74:	02001821 	move	v1,s0
9d007b78:	8fbf0034 	lw	ra,52(sp)
9d007b7c:	8fbe0030 	lw	s8,48(sp)
9d007b80:	8fb7002c 	lw	s7,44(sp)
9d007b84:	8fb60028 	lw	s6,40(sp)
9d007b88:	8fb50024 	lw	s5,36(sp)
9d007b8c:	8fb40020 	lw	s4,32(sp)
9d007b90:	8fb3001c 	lw	s3,28(sp)
9d007b94:	8fb20018 	lw	s2,24(sp)
9d007b98:	8fb10014 	lw	s1,20(sp)
9d007b9c:	8fb00010 	lw	s0,16(sp)
9d007ba0:	03e00008 	jr	ra
9d007ba4:	27bd0038 	addiu	sp,sp,56
9d007ba8:	03c22021 	addu	a0,s8,v0
9d007bac:	90840000 	lbu	a0,0(a0)
9d007bb0:	30840004 	andi	a0,a0,0x4
9d007bb4:	1080ffb5 	beqz	a0,9d007a8c <.LCFI0+0x114>
9d007bb8:	26940001 	addiu	s4,s4,1
9d007bbc:	0000b821 	move	s7,zero
9d007bc0:	2456ffd0 	addiu	s6,v0,-48
9d007bc4:	02002821 	move	a1,s0
9d007bc8:	02202021 	move	a0,s1
9d007bcc:	00003021 	move	a2,zero
9d007bd0:	0f402109 	jal	9d008424 <.LFE23>
9d007bd4:	3c074024 	lui	a3,0x4024
9d007bd8:	00408021 	move	s0,v0
9d007bdc:	00608821 	move	s1,v1
9d007be0:	0f402f46 	jal	9d00bd18 <__floatsidf>
9d007be4:	02c02021 	move	a0,s6
9d007be8:	02002021 	move	a0,s0
9d007bec:	02202821 	move	a1,s1
9d007bf0:	00403021 	move	a2,v0
9d007bf4:	00603821 	move	a3,v1
9d007bf8:	0f401d53 	jal	9d00754c <__adddf3>
9d007bfc:	26940001 	addiu	s4,s4,1
9d007c00:	00408821 	move	s1,v0
9d007c04:	00608021 	move	s0,v1
9d007c08:	82820000 	lb	v0,0(s4)
9d007c0c:	02569025 	or	s2,s2,s6
9d007c10:	03c21821 	addu	v1,s8,v0
9d007c14:	90630000 	lbu	v1,0(v1)
9d007c18:	30630004 	andi	v1,v1,0x4
9d007c1c:	1460ffe8 	bnez	v1,9d007bc0 <.LCFI0+0x248>
9d007c20:	26f7ffff 	addiu	s7,s7,-1
9d007c24:	2404ffdf 	li	a0,-33
9d007c28:	00441824 	and	v1,v0,a0
9d007c2c:	7c031c20 	seb	v1,v1
9d007c30:	24020045 	li	v0,69
9d007c34:	5062000f 	beql	v1,v0,9d007c74 <.LCFI0+0x2fc>
9d007c38:	82830001 	lb	v1,1(s4)
9d007c3c:	56a0ff9a 	bnezl	s5,9d007aa8 <.LCFI0+0x130>
9d007c40:	aeb40000 	sw	s4,0(s5)
9d007c44:	0b401eaa 	j	9d007aa8 <.LCFI0+0x130>
9d007c48:	00000000 	nop
9d007c4c:	26940001 	addiu	s4,s4,1
9d007c50:	0b401e7f 	j	9d0079fc <.LCFI0+0x84>
9d007c54:	24130001 	li	s3,1
9d007c58:	2404ffdf 	li	a0,-33
9d007c5c:	00441824 	and	v1,v0,a0
9d007c60:	7c031c20 	seb	v1,v1
9d007c64:	24020045 	li	v0,69
9d007c68:	1462fff4 	bne	v1,v0,9d007c3c <.LCFI0+0x2c4>
9d007c6c:	0000b821 	move	s7,zero
9d007c70:	82830001 	lb	v1,1(s4)
9d007c74:	2402002d 	li	v0,45
9d007c78:	10620019 	beq	v1,v0,9d007ce0 <.LCFI0+0x368>
9d007c7c:	2402002b 	li	v0,43
9d007c80:	50620023 	beql	v1,v0,9d007d10 <.LCFI0+0x398>
9d007c84:	82830002 	lb	v1,2(s4)
9d007c88:	26940001 	addiu	s4,s4,1
9d007c8c:	00003821 	move	a3,zero
9d007c90:	03c31021 	addu	v0,s8,v1
9d007c94:	90420000 	lbu	v0,0(v0)
9d007c98:	30420004 	andi	v0,v0,0x4
9d007c9c:	1040000c 	beqz	v0,9d007cd0 <.LCFI0+0x358>
9d007ca0:	00001021 	move	v0,zero
9d007ca4:	26940001 	addiu	s4,s4,1
9d007ca8:	2465ffd0 	addiu	a1,v1,-48
9d007cac:	82830000 	lb	v1,0(s4)
9d007cb0:	00023040 	sll	a2,v0,0x1
9d007cb4:	000210c0 	sll	v0,v0,0x3
9d007cb8:	03c32021 	addu	a0,s8,v1
9d007cbc:	90840000 	lbu	a0,0(a0)
9d007cc0:	00c21021 	addu	v0,a2,v0
9d007cc4:	30840004 	andi	a0,a0,0x4
9d007cc8:	1480fff6 	bnez	a0,9d007ca4 <.LCFI0+0x32c>
9d007ccc:	00451021 	addu	v0,v0,a1
9d007cd0:	00021823 	negu	v1,v0
9d007cd4:	0067100b 	movn	v0,v1,a3
9d007cd8:	0b401f0f 	j	9d007c3c <.LCFI0+0x2c4>
9d007cdc:	02e2b821 	addu	s7,s7,v0
9d007ce0:	82830002 	lb	v1,2(s4)
9d007ce4:	24070001 	li	a3,1
9d007ce8:	0b401f24 	j	9d007c90 <.LCFI0+0x318>
9d007cec:	26940002 	addiu	s4,s4,2
9d007cf0:	0f4018c7 	jal	9d00631c <__divdf3>
9d007cf4:	00000000 	nop
9d007cf8:	00402021 	move	a0,v0
9d007cfc:	0b401ecc 	j	9d007b30 <.LCFI0+0x1b8>
9d007d00:	00602821 	move	a1,v1
9d007d04:	00001821 	move	v1,zero
9d007d08:	0b401ea0 	j	9d007a80 <.LCFI0+0x108>
9d007d0c:	00009021 	move	s2,zero
9d007d10:	00003821 	move	a3,zero
9d007d14:	0b401f24 	j	9d007c90 <.LCFI0+0x318>
9d007d18:	26940002 	addiu	s4,s4,2
9d007d1c:	1240ff8d 	beqz	s2,9d007b54 <.LCFI0+0x1dc>
9d007d20:	24030022 	li	v1,34
9d007d24:	3c02a000 	lui	v0,0xa000
9d007d28:	0b401ed5 	j	9d007b54 <.LCFI0+0x1dc>
9d007d2c:	ac43006c 	sw	v1,108(v0)
9d007d30:	3c037ff0 	lui	v1,0x7ff0
9d007d34:	1443ff85 	bne	v0,v1,9d007b4c <.LCFI0+0x1d4>
9d007d38:	02301025 	or	v0,s1,s0
9d007d3c:	0b401f49 	j	9d007d24 <.LCFI0+0x3ac>
9d007d40:	24030022 	li	v1,34

Disassembly of section .text.strtoll:

9d007d44 <strtoll>:
9d007d44:	27bdffd0 	addiu	sp,sp,-48
9d007d48:	afbf002c 	sw	ra,44(sp)
9d007d4c:	afb60028 	sw	s6,40(sp)
9d007d50:	afb50024 	sw	s5,36(sp)
9d007d54:	afb40020 	sw	s4,32(sp)
9d007d58:	afb3001c 	sw	s3,28(sp)
9d007d5c:	afb20018 	sw	s2,24(sp)
9d007d60:	afb10014 	sw	s1,20(sp)
9d007d64:	afb00010 	sw	s0,16(sp)
9d007d68:	00809821 	move	s3,a0
9d007d6c:	80820000 	lb	v0,0(a0)
9d007d70:	00a0a021 	move	s4,a1
9d007d74:	104000c0 	beqz	v0,9d008078 <strtoll+0x334>
9d007d78:	00c09021 	move	s2,a2
9d007d7c:	3c049d01 	lui	a0,0x9d01
9d007d80:	2484aa81 	addiu	a0,a0,-21887
9d007d84:	00821821 	addu	v1,a0,v0
9d007d88:	80630000 	lb	v1,0(v1)
9d007d8c:	30630088 	andi	v1,v1,0x88
9d007d90:	14600007 	bnez	v1,9d007db0 <strtoll+0x6c>
9d007d94:	02608821 	move	s1,s3
9d007d98:	0b401fec 	j	9d007fb0 <strtoll+0x26c>
9d007d9c:	2403002b 	li	v1,43
9d007da0:	80630000 	lb	v1,0(v1)
9d007da4:	30630088 	andi	v1,v1,0x88
9d007da8:	50600081 	beqzl	v1,9d007fb0 <strtoll+0x26c>
9d007dac:	2403002b 	li	v1,43
9d007db0:	26310001 	addiu	s1,s1,1
9d007db4:	82220000 	lb	v0,0(s1)
9d007db8:	1440fff9 	bnez	v0,9d007da0 <strtoll+0x5c>
9d007dbc:	00821821 	addu	v1,a0,v0
9d007dc0:	00008021 	move	s0,zero
9d007dc4:	0000b021 	move	s6,zero
9d007dc8:	16400063 	bnez	s2,9d007f58 <strtoll+0x214>
9d007dcc:	24020010 	li	v0,16
9d007dd0:	24020030 	li	v0,48
9d007dd4:	12020090 	beq	s0,v0,9d008018 <strtoll+0x2d4>
9d007dd8:	3c0fcccc 	lui	t7,0xcccc
9d007ddc:	35efcccc 	ori	t7,t7,0xcccc
9d007de0:	3c0b0ccc 	lui	t3,0xccc
9d007de4:	356bcccc 	ori	t3,t3,0xcccc
9d007de8:	240c000a 	li	t4,10
9d007dec:	0000a821 	move	s5,zero
9d007df0:	00002021 	move	a0,zero
9d007df4:	2412000a 	li	s2,10
9d007df8:	2628ffff 	addiu	t0,s1,-1
9d007dfc:	00002821 	move	a1,zero
9d007e00:	00001021 	move	v0,zero
9d007e04:	00001821 	move	v1,zero
9d007e08:	3c079d01 	lui	a3,0x9d01
9d007e0c:	24e7aa81 	addiu	a3,a3,-21887
9d007e10:	240e0061 	li	t6,97
9d007e14:	240d0041 	li	t5,65
9d007e18:	3c187fff 	lui	t8,0x7fff
9d007e1c:	3718ffff 	ori	t8,t8,0xffff
9d007e20:	1200002c 	beqz	s0,9d007ed4 <strtoll+0x190>
9d007e24:	25080001 	addiu	t0,t0,1
9d007e28:	02074821 	addu	t1,s0,a3
9d007e2c:	91290000 	lbu	t1,0(t1)
9d007e30:	312a0004 	andi	t2,t1,0x4
9d007e34:	11400041 	beqz	t2,9d007f3c <strtoll+0x1f8>
9d007e38:	31260003 	andi	a2,t1,0x3
9d007e3c:	2610ffd0 	addiu	s0,s0,-48
9d007e40:	06000024 	bltz	s0,9d007ed4 <strtoll+0x190>
9d007e44:	0212482a 	slt	t1,s0,s2
9d007e48:	11200022 	beqz	t1,9d007ed4 <strtoll+0x190>
9d007e4c:	0163482a 	slt	t1,t3,v1
9d007e50:	55200037 	bnezl	t1,9d007f30 <strtoll+0x1ec>
9d007e54:	24050001 	li	a1,1
9d007e58:	146b0003 	bne	v1,t3,9d007e68 <strtoll+0x124>
9d007e5c:	01e2202b 	sltu	a0,t7,v0
9d007e60:	54800033 	bnezl	a0,9d007f30 <strtoll+0x1ec>
9d007e64:	24050001 	li	a1,1
9d007e68:	14a00030 	bnez	a1,9d007f2c <strtoll+0x1e8>
9d007e6c:	02a20018 	mult	s5,v0
9d007e70:	001027c3 	sra	a0,s0,0x1f
9d007e74:	71830000 	madd	t4,v1
9d007e78:	00003012 	mflo	a2
9d007e7c:	004c0019 	multu	v0,t4
9d007e80:	00001012 	mflo	v0
9d007e84:	00001810 	mfhi	v1
9d007e88:	00c31821 	addu	v1,a2,v1
9d007e8c:	03033023 	subu	a2,t8,v1
9d007e90:	00c4482a 	slt	t1,a2,a0
9d007e94:	15200025 	bnez	t1,9d007f2c <strtoll+0x1e8>
9d007e98:	00025027 	nor	t2,zero,v0
9d007e9c:	54860005 	bnel	a0,a2,9d007eb4 <strtoll+0x170>
9d007ea0:	02028021 	addu	s0,s0,v0
9d007ea4:	0150502b 	sltu	t2,t2,s0
9d007ea8:	55400021 	bnezl	t2,9d007f30 <strtoll+0x1ec>
9d007eac:	24050001 	li	a1,1
9d007eb0:	02028021 	addu	s0,s0,v0
9d007eb4:	0202302b 	sltu	a2,s0,v0
9d007eb8:	00642021 	addu	a0,v1,a0
9d007ebc:	02001021 	move	v0,s0
9d007ec0:	00c41821 	addu	v1,a2,a0
9d007ec4:	81100001 	lb	s0,1(t0)
9d007ec8:	24040001 	li	a0,1
9d007ecc:	1600ffd6 	bnez	s0,9d007e28 <strtoll+0xe4>
9d007ed0:	25080001 	addiu	t0,t0,1
9d007ed4:	12c0002d 	beqz	s6,9d007f8c <strtoll+0x248>
9d007ed8:	00000000 	nop
9d007edc:	54a0003b 	bnezl	a1,9d007fcc <strtoll+0x288>
9d007ee0:	24030022 	li	v1,34
9d007ee4:	00023823 	negu	a3,v0
9d007ee8:	0007282b 	sltu	a1,zero,a3
9d007eec:	00033023 	negu	a2,v1
9d007ef0:	00e01021 	move	v0,a3
9d007ef4:	00c51823 	subu	v1,a2,a1
9d007ef8:	12800002 	beqz	s4,9d007f04 <strtoll+0x1c0>
9d007efc:	0264400a 	movz	t0,s3,a0
9d007f00:	ae880000 	sw	t0,0(s4)
9d007f04:	8fbf002c 	lw	ra,44(sp)
9d007f08:	8fb60028 	lw	s6,40(sp)
9d007f0c:	8fb50024 	lw	s5,36(sp)
9d007f10:	8fb40020 	lw	s4,32(sp)
9d007f14:	8fb3001c 	lw	s3,28(sp)
9d007f18:	8fb20018 	lw	s2,24(sp)
9d007f1c:	8fb10014 	lw	s1,20(sp)
9d007f20:	8fb00010 	lw	s0,16(sp)
9d007f24:	03e00008 	jr	ra
9d007f28:	27bd0030 	addiu	sp,sp,48
9d007f2c:	24050001 	li	a1,1
9d007f30:	81100001 	lb	s0,1(t0)
9d007f34:	0b401fb3 	j	9d007ecc <strtoll+0x188>
9d007f38:	24040001 	li	a0,1
9d007f3c:	10c0ffe5 	beqz	a2,9d007ed4 <strtoll+0x190>
9d007f40:	31290001 	andi	t1,t1,0x1
9d007f44:	01a03021 	move	a2,t5
9d007f48:	01c9300a 	movz	a2,t6,t1
9d007f4c:	02068023 	subu	s0,s0,a2
9d007f50:	0b401f90 	j	9d007e40 <strtoll+0xfc>
9d007f54:	2610000a 	addiu	s0,s0,10
9d007f58:	12420026 	beq	s2,v0,9d007ff4 <strtoll+0x2b0>
9d007f5c:	0012afc3 	sra	s5,s2,0x1f
9d007f60:	2404ffff 	li	a0,-1
9d007f64:	3c057fff 	lui	a1,0x7fff
9d007f68:	34a5ffff 	ori	a1,a1,0xffff
9d007f6c:	02403021 	move	a2,s2
9d007f70:	0f4019f5 	jal	9d0067d4 <__divdi3>
9d007f74:	02a03821 	move	a3,s5
9d007f78:	02406021 	move	t4,s2
9d007f7c:	00407821 	move	t7,v0
9d007f80:	00605821 	move	t3,v1
9d007f84:	0b401f7e 	j	9d007df8 <strtoll+0xb4>
9d007f88:	00002021 	move	a0,zero
9d007f8c:	10a0ffda 	beqz	a1,9d007ef8 <strtoll+0x1b4>
9d007f90:	00000000 	nop
9d007f94:	24030022 	li	v1,34
9d007f98:	3c02a000 	lui	v0,0xa000
9d007f9c:	ac43006c 	sw	v1,108(v0)
9d007fa0:	2402ffff 	li	v0,-1
9d007fa4:	3c037fff 	lui	v1,0x7fff
9d007fa8:	0b401fbe 	j	9d007ef8 <strtoll+0x1b4>
9d007fac:	3463ffff 	ori	v1,v1,0xffff
9d007fb0:	5443000b 	bnel	v0,v1,9d007fe0 <strtoll+0x29c>
9d007fb4:	2403002d 	li	v1,45
9d007fb8:	3842002d 	xori	v0,v0,0x2d
9d007fbc:	82300001 	lb	s0,1(s1)
9d007fc0:	2c560001 	sltiu	s6,v0,1
9d007fc4:	0b401f72 	j	9d007dc8 <strtoll+0x84>
9d007fc8:	26310001 	addiu	s1,s1,1
9d007fcc:	3c02a000 	lui	v0,0xa000
9d007fd0:	ac43006c 	sw	v1,108(v0)
9d007fd4:	00001021 	move	v0,zero
9d007fd8:	0b401fbe 	j	9d007ef8 <strtoll+0x1b4>
9d007fdc:	3c038000 	lui	v1,0x8000
9d007fe0:	5043fff6 	beql	v0,v1,9d007fbc <strtoll+0x278>
9d007fe4:	3842002d 	xori	v0,v0,0x2d
9d007fe8:	82300000 	lb	s0,0(s1)
9d007fec:	0b401f72 	j	9d007dc8 <strtoll+0x84>
9d007ff0:	0000b021 	move	s6,zero
9d007ff4:	24020030 	li	v0,48
9d007ff8:	12020023 	beq	s0,v0,9d008088 <strtoll+0x344>
9d007ffc:	240fffff 	li	t7,-1
9d008000:	3c0b07ff 	lui	t3,0x7ff
9d008004:	356bffff 	ori	t3,t3,0xffff
9d008008:	240c0010 	li	t4,16
9d00800c:	0000a821 	move	s5,zero
9d008010:	0b401f7e 	j	9d007df8 <strtoll+0xb4>
9d008014:	00002021 	move	a0,zero
9d008018:	82300001 	lb	s0,1(s1)
9d00801c:	2402ffdf 	li	v0,-33
9d008020:	02021824 	and	v1,s0,v0
9d008024:	24020058 	li	v0,88
9d008028:	5062000a 	beql	v1,v0,9d008054 <strtoll+0x310>
9d00802c:	82300002 	lb	s0,2(s1)
9d008030:	26310001 	addiu	s1,s1,1
9d008034:	240fffff 	li	t7,-1
9d008038:	3c0b0fff 	lui	t3,0xfff
9d00803c:	356bffff 	ori	t3,t3,0xffff
9d008040:	240c0008 	li	t4,8
9d008044:	0000a821 	move	s5,zero
9d008048:	24040001 	li	a0,1
9d00804c:	0b401f7e 	j	9d007df8 <strtoll+0xb4>
9d008050:	24120008 	li	s2,8
9d008054:	240fffff 	li	t7,-1
9d008058:	26310002 	addiu	s1,s1,2
9d00805c:	3c0b07ff 	lui	t3,0x7ff
9d008060:	356bffff 	ori	t3,t3,0xffff
9d008064:	240c0010 	li	t4,16
9d008068:	0000a821 	move	s5,zero
9d00806c:	24040001 	li	a0,1
9d008070:	0b401f7e 	j	9d007df8 <strtoll+0xb4>
9d008074:	24120010 	li	s2,16
9d008078:	00008021 	move	s0,zero
9d00807c:	00808821 	move	s1,a0
9d008080:	0b401f72 	j	9d007dc8 <strtoll+0x84>
9d008084:	0000b021 	move	s6,zero
9d008088:	82300001 	lb	s0,1(s1)
9d00808c:	2406ffdf 	li	a2,-33
9d008090:	02061824 	and	v1,s0,a2
9d008094:	24020058 	li	v0,88
9d008098:	50620009 	beql	v1,v0,9d0080c0 <strtoll+0x37c>
9d00809c:	82300002 	lb	s0,2(s1)
9d0080a0:	26310001 	addiu	s1,s1,1
9d0080a4:	240fffff 	li	t7,-1
9d0080a8:	3c0b07ff 	lui	t3,0x7ff
9d0080ac:	356bffff 	ori	t3,t3,0xffff
9d0080b0:	240c0010 	li	t4,16
9d0080b4:	0000a821 	move	s5,zero
9d0080b8:	0b401f7e 	j	9d007df8 <strtoll+0xb4>
9d0080bc:	24040001 	li	a0,1
9d0080c0:	240fffff 	li	t7,-1
9d0080c4:	0b40202a 	j	9d0080a8 <strtoll+0x364>
9d0080c8:	26310002 	addiu	s1,s1,2

Disassembly of section .text.__strtof:

9d0080cc <__strtof>:
9d0080cc:	27bdffc8 	addiu	sp,sp,-56

9d0080d0 <.LCFI0>:
9d0080d0:	afbf0034 	sw	ra,52(sp)
9d0080d4:	afb70030 	sw	s7,48(sp)
9d0080d8:	afb6002c 	sw	s6,44(sp)
9d0080dc:	afb50028 	sw	s5,40(sp)
9d0080e0:	afb40024 	sw	s4,36(sp)
9d0080e4:	afb30020 	sw	s3,32(sp)
9d0080e8:	afb2001c 	sw	s2,28(sp)
9d0080ec:	afb10018 	sw	s1,24(sp)
9d0080f0:	afb00014 	sw	s0,20(sp)
9d0080f4:	0080a821 	move	s5,a0
9d0080f8:	80820000 	lb	v0,0(a0)
9d0080fc:	3c139d01 	lui	s3,0x9d01
9d008100:	2673aa81 	addiu	s3,s3,-21887
9d008104:	02621821 	addu	v1,s3,v0
9d008108:	80630000 	lb	v1,0(v1)
9d00810c:	00a0b021 	move	s6,a1
9d008110:	30630088 	andi	v1,v1,0x88
9d008114:	10600008 	beqz	v1,9d008138 <.LCFI0+0x68>
9d008118:	00808021 	move	s0,a0
9d00811c:	26100001 	addiu	s0,s0,1
9d008120:	82020000 	lb	v0,0(s0)
9d008124:	02621821 	addu	v1,s3,v0
9d008128:	80630000 	lb	v1,0(v1)
9d00812c:	30630088 	andi	v1,v1,0x88
9d008130:	5460fffb 	bnezl	v1,9d008120 <.LCFI0+0x50>
9d008134:	26100001 	addiu	s0,s0,1
9d008138:	2403002d 	li	v1,45
9d00813c:	10430081 	beq	v0,v1,9d008344 <.LCFI0+0x274>
9d008140:	3842002b 	xori	v0,v0,0x2b
9d008144:	2c420001 	sltiu	v0,v0,1
9d008148:	0000b821 	move	s7,zero
9d00814c:	02028021 	addu	s0,s0,v0
9d008150:	82030000 	lb	v1,0(s0)
9d008154:	02631021 	addu	v0,s3,v1
9d008158:	90420000 	lbu	v0,0(v0)
9d00815c:	30420004 	andi	v0,v0,0x4
9d008160:	104000a5 	beqz	v0,9d0083f8 <.LCFI0+0x328>
9d008164:	00008821 	move	s1,zero
9d008168:	0000a021 	move	s4,zero
9d00816c:	2472ffd0 	addiu	s2,v1,-48
9d008170:	02202021 	move	a0,s1
9d008174:	0f402724 	jal	9d009c90 <.LFE9>
9d008178:	3c054120 	lui	a1,0x4120
9d00817c:	00408821 	move	s1,v0
9d008180:	0f403039 	jal	9d00c0e4 <__floatsisf>
9d008184:	02402021 	move	a0,s2
9d008188:	02202021 	move	a0,s1
9d00818c:	00402821 	move	a1,v0
9d008190:	0f402518 	jal	9d009460 <__addsf3>
9d008194:	26100001 	addiu	s0,s0,1
9d008198:	00408821 	move	s1,v0
9d00819c:	82030000 	lb	v1,0(s0)
9d0081a0:	02631021 	addu	v0,s3,v1
9d0081a4:	90420000 	lbu	v0,0(v0)
9d0081a8:	30420004 	andi	v0,v0,0x4
9d0081ac:	1440ffef 	bnez	v0,9d00816c <.LCFI0+0x9c>
9d0081b0:	0292a025 	or	s4,s4,s2
9d0081b4:	24040001 	li	a0,1
9d0081b8:	2402002e 	li	v0,46
9d0081bc:	5062003e 	beql	v1,v0,9d0082b8 <.LCFI0+0x1e8>
9d0081c0:	82020001 	lb	v0,1(s0)
9d0081c4:	54800062 	bnezl	a0,9d008350 <.LCFI0+0x280>
9d0081c8:	82020000 	lb	v0,0(s0)
9d0081cc:	12c00024 	beqz	s6,9d008260 <.LCFI0+0x190>
9d0081d0:	00111840 	sll	v1,s1,0x1
9d0081d4:	02a08021 	move	s0,s5
9d0081d8:	00009021 	move	s2,zero
9d0081dc:	aed00000 	sw	s0,0(s6)
9d0081e0:	1240001f 	beqz	s2,9d008260 <.LCFI0+0x190>
9d0081e4:	00111840 	sll	v1,s1,0x1
9d0081e8:	001217c3 	sra	v0,s2,0x1f
9d0081ec:	0052a826 	xor	s5,v0,s2
9d0081f0:	02a2a823 	subu	s5,s5,v0
9d0081f4:	3c139d01 	lui	s3,0x9d01
9d0081f8:	2673c79c 	addiu	s3,s3,-14436
9d0081fc:	24100006 	li	s0,6
9d008200:	0b402084 	j	9d008210 <.LCFI0+0x140>
9d008204:	3c023f80 	lui	v0,0x3f80
9d008208:	1200000b 	beqz	s0,9d008238 <.LCFI0+0x168>
9d00820c:	2673fffc 	addiu	s3,s3,-4
9d008210:	2610ffff 	addiu	s0,s0,-1
9d008214:	02151807 	srav	v1,s5,s0
9d008218:	30630001 	andi	v1,v1,0x1
9d00821c:	1060fffa 	beqz	v1,9d008208 <.LCFI0+0x138>
9d008220:	00000000 	nop
9d008224:	8e650000 	lw	a1,0(s3)
9d008228:	0f402724 	jal	9d009c90 <.LFE9>
9d00822c:	00402021 	move	a0,v0
9d008230:	1600fff7 	bnez	s0,9d008210 <.LCFI0+0x140>
9d008234:	2673fffc 	addiu	s3,s3,-4
9d008238:	02202021 	move	a0,s1
9d00823c:	0640006a 	bltz	s2,9d0083e8 <.LCFI0+0x318>
9d008240:	00402821 	move	a1,v0
9d008244:	0f402724 	jal	9d009c90 <.LFE9>
9d008248:	00000000 	nop
9d00824c:	00402021 	move	a0,v0
9d008250:	0f402b22 	jal	9d00ac88 <__ldexpf>
9d008254:	02402821 	move	a1,s2
9d008258:	00408821 	move	s1,v0
9d00825c:	00111840 	sll	v1,s1,0x1
9d008260:	3c02ff00 	lui	v0,0xff00
9d008264:	5062006c 	beql	v1,v0,9d008418 <.LCFI0+0x348>
9d008268:	24030022 	li	v1,34
9d00826c:	12200068 	beqz	s1,9d008410 <.LCFI0+0x340>
9d008270:	00000000 	nop
9d008274:	12e00005 	beqz	s7,9d00828c <.LCFI0+0x1bc>
9d008278:	02201021 	move	v0,s1
9d00827c:	0f4031fc 	jal	9d00c7f0 <__negsf2>
9d008280:	02202021 	move	a0,s1
9d008284:	00408821 	move	s1,v0
9d008288:	02201021 	move	v0,s1
9d00828c:	8fbf0034 	lw	ra,52(sp)
9d008290:	8fb70030 	lw	s7,48(sp)
9d008294:	8fb6002c 	lw	s6,44(sp)
9d008298:	8fb50028 	lw	s5,40(sp)
9d00829c:	8fb40024 	lw	s4,36(sp)
9d0082a0:	8fb30020 	lw	s3,32(sp)
9d0082a4:	8fb2001c 	lw	s2,28(sp)
9d0082a8:	8fb10018 	lw	s1,24(sp)
9d0082ac:	8fb00014 	lw	s0,20(sp)
9d0082b0:	03e00008 	jr	ra
9d0082b4:	27bd0038 	addiu	sp,sp,56
9d0082b8:	02621821 	addu	v1,s3,v0
9d0082bc:	90630000 	lbu	v1,0(v1)
9d0082c0:	30630004 	andi	v1,v1,0x4
9d0082c4:	1060ffbf 	beqz	v1,9d0081c4 <.LCFI0+0xf4>
9d0082c8:	26100001 	addiu	s0,s0,1
9d0082cc:	00009021 	move	s2,zero
9d0082d0:	2455ffd0 	addiu	s5,v0,-48
9d0082d4:	02202021 	move	a0,s1
9d0082d8:	0f402724 	jal	9d009c90 <.LFE9>
9d0082dc:	3c054120 	lui	a1,0x4120
9d0082e0:	00408821 	move	s1,v0
9d0082e4:	0f403039 	jal	9d00c0e4 <__floatsisf>
9d0082e8:	02a02021 	move	a0,s5
9d0082ec:	02202021 	move	a0,s1
9d0082f0:	00402821 	move	a1,v0
9d0082f4:	0f402518 	jal	9d009460 <__addsf3>
9d0082f8:	26100001 	addiu	s0,s0,1
9d0082fc:	00408821 	move	s1,v0
9d008300:	82020000 	lb	v0,0(s0)
9d008304:	0295a025 	or	s4,s4,s5
9d008308:	02621821 	addu	v1,s3,v0
9d00830c:	90630000 	lbu	v1,0(v1)
9d008310:	30630004 	andi	v1,v1,0x4
9d008314:	1460ffee 	bnez	v1,9d0082d0 <.LCFI0+0x200>
9d008318:	2652ffff 	addiu	s2,s2,-1
9d00831c:	2404ffdf 	li	a0,-33
9d008320:	00441824 	and	v1,v0,a0
9d008324:	7c031c20 	seb	v1,v1
9d008328:	24020045 	li	v0,69
9d00832c:	5062000f 	beql	v1,v0,9d00836c <.LCFI0+0x29c>
9d008330:	82030001 	lb	v1,1(s0)
9d008334:	56c0ffaa 	bnezl	s6,9d0081e0 <.LCFI0+0x110>
9d008338:	aed00000 	sw	s0,0(s6)
9d00833c:	0b402078 	j	9d0081e0 <.LCFI0+0x110>
9d008340:	00000000 	nop
9d008344:	26100001 	addiu	s0,s0,1
9d008348:	0b402054 	j	9d008150 <.LCFI0+0x80>
9d00834c:	24170001 	li	s7,1
9d008350:	2404ffdf 	li	a0,-33
9d008354:	00441824 	and	v1,v0,a0
9d008358:	7c031c20 	seb	v1,v1
9d00835c:	24020045 	li	v0,69
9d008360:	1462fff4 	bne	v1,v0,9d008334 <.LCFI0+0x264>
9d008364:	00009021 	move	s2,zero
9d008368:	82030001 	lb	v1,1(s0)
9d00836c:	2402002d 	li	v0,45
9d008370:	10620019 	beq	v1,v0,9d0083d8 <.LCFI0+0x308>
9d008374:	2402002b 	li	v0,43
9d008378:	50620022 	beql	v1,v0,9d008404 <.LCFI0+0x334>
9d00837c:	82030002 	lb	v1,2(s0)
9d008380:	26100001 	addiu	s0,s0,1
9d008384:	00003821 	move	a3,zero
9d008388:	02631021 	addu	v0,s3,v1
9d00838c:	90420000 	lbu	v0,0(v0)
9d008390:	30420004 	andi	v0,v0,0x4
9d008394:	1040000c 	beqz	v0,9d0083c8 <.LCFI0+0x2f8>
9d008398:	00001021 	move	v0,zero
9d00839c:	26100001 	addiu	s0,s0,1
9d0083a0:	2465ffd0 	addiu	a1,v1,-48
9d0083a4:	82030000 	lb	v1,0(s0)
9d0083a8:	00023040 	sll	a2,v0,0x1
9d0083ac:	000210c0 	sll	v0,v0,0x3
9d0083b0:	02632021 	addu	a0,s3,v1
9d0083b4:	90840000 	lbu	a0,0(a0)
9d0083b8:	00c21021 	addu	v0,a2,v0
9d0083bc:	30840004 	andi	a0,a0,0x4
9d0083c0:	1480fff6 	bnez	a0,9d00839c <.LCFI0+0x2cc>
9d0083c4:	00451021 	addu	v0,v0,a1
9d0083c8:	00021823 	negu	v1,v0
9d0083cc:	0067100b 	movn	v0,v1,a3
9d0083d0:	0b4020cd 	j	9d008334 <.LCFI0+0x264>
9d0083d4:	02429021 	addu	s2,s2,v0
9d0083d8:	82030002 	lb	v1,2(s0)
9d0083dc:	24070001 	li	a3,1
9d0083e0:	0b4020e2 	j	9d008388 <.LCFI0+0x2b8>
9d0083e4:	26100002 	addiu	s0,s0,2
9d0083e8:	0f4025b4 	jal	9d0096d0 <__divsf3>
9d0083ec:	00000000 	nop
9d0083f0:	0b402094 	j	9d008250 <.LCFI0+0x180>
9d0083f4:	00402021 	move	a0,v0
9d0083f8:	00002021 	move	a0,zero
9d0083fc:	0b40206e 	j	9d0081b8 <.LCFI0+0xe8>
9d008400:	0000a021 	move	s4,zero
9d008404:	00003821 	move	a3,zero
9d008408:	0b4020e2 	j	9d008388 <.LCFI0+0x2b8>
9d00840c:	26100002 	addiu	s0,s0,2
9d008410:	1280ff98 	beqz	s4,9d008274 <.LCFI0+0x1a4>
9d008414:	24030022 	li	v1,34
9d008418:	3c02a000 	lui	v0,0xa000
9d00841c:	0b40209d 	j	9d008274 <.LCFI0+0x1a4>
9d008420:	ac43006c 	sw	v1,108(v0)

Disassembly of section .text.dp32mul:

9d008424 <__muldf3>:
9d008424:	00055040 000a5542 00054ac0 00047d42     @P..BU...J..B}..
9d008434:	012f4825 000442c0 3c0e8000 012e4825     %H/..B.....<%H..
9d008444:	00076840 000d6d42 000762c0 00067d42     @h..Bm...b..B}..
9d008454:	018f6025 00065ac0 018e6025 00a72826     %`...Z..%`..&(..
9d008464:	00ae2824 254fffff 2de107fe 10200047     $(....O%...-G. .
9d008474:	00000000                                ....

9d008478 <Clab1>:
9d008478:	25afffff 	addiu	t7,t5,-1
9d00847c:	2de107fe 	sltiu	at,t7,2046
9d008480:	1020006f 	beqz	at,9d008640 <CspecB>
9d008484:	00000000 	nop

9d008488 <Clab2>:
9d008488:	25affc02 	addiu	t7,t5,-1022
9d00848c:	014f5021 	addu	t2,t2,t7
9d008490:	012c0019 	multu	t1,t4
9d008494:	00003812 	mflo	a3
9d008498:	00007010 	mfhi	t6
9d00849c:	010b0019 	multu	t0,t3
9d0084a0:	00002012 	mflo	a0
9d0084a4:	00003010 	mfhi	a2
9d0084a8:	012b0019 	multu	t1,t3
9d0084ac:	00005812 	mflo	t3
9d0084b0:	00006810 	mfhi	t5
9d0084b4:	00cb3021 	addu	a2,a2,t3
9d0084b8:	00cb782b 	sltu	t7,a2,t3
9d0084bc:	00ed3821 	addu	a3,a3,t5
9d0084c0:	00ef3821 	addu	a3,a3,t7
9d0084c4:	10ed0002 	beq	a3,t5,9d0084d0 <L20>
9d0084c8:	00000000 	nop
9d0084cc:	00ed782b 	sltu	t7,a3,t5

9d0084d0 <L20>:
9d0084d0:	01cf7021 	addu	t6,t6,t7
9d0084d4:	010c0019 	multu	t0,t4
9d0084d8:	00004012 	mflo	t0
9d0084dc:	00004810 	mfhi	t1
9d0084e0:	00c83021 	addu	a2,a2,t0
9d0084e4:	00c8782b 	sltu	t7,a2,t0
9d0084e8:	00e93821 	addu	a3,a3,t1
9d0084ec:	00ef3821 	addu	a3,a3,t7
9d0084f0:	10e90002 	beq	a3,t1,9d0084fc <L21>
9d0084f4:	00000000 	nop
9d0084f8:	00e9782b 	sltu	t7,a3,t1

9d0084fc <L21>:
9d0084fc:	01cf7021 	addu	t6,t6,t7
9d008500:	00867825 	or	t7,a0,a2
9d008504:	11e00002 	beqz	t7,9d008510 <i13>
9d008508:	00000000 	nop
9d00850c:	34e70001 	ori	a3,a3,0x1

9d008510 <i13>:
9d008510:	000e4825 	or	t1,zero,t6
9d008514:	05200006 	bltz	t1,9d008530 <i14>
9d008518:	00074025 	or	t0,zero,a3
9d00851c:	0100782a 	slt	t7,t0,zero
9d008520:	01084021 	addu	t0,t0,t0
9d008524:	01294821 	addu	t1,t1,t1
9d008528:	012f4821 	addu	t1,t1,t7
9d00852c:	254affff 	addiu	t2,t2,-1

9d008530 <i14>:
9d008530:	254fffff 	addiu	t7,t2,-1
9d008534:	2de107fe 	sltiu	at,t7,2046
9d008538:	10200068 	beqz	at,9d0086dc <Coveund>
9d00853c:	00000000 	nop
9d008540:	25080400 	addiu	t0,t0,1024
9d008544:	2d0f0400 	sltiu	t7,t0,1024
9d008548:	012f4821 	addu	t1,t1,t7
9d00854c:	012f782b 	sltu	t7,t1,t7
9d008550:	014f5021 	addu	t2,t2,t7

9d008554 <Clab8>:
9d008554:	00087ac2 	srl	t7,t0,0xb
9d008558:	31ef0001 	andi	t7,t7,0x1
9d00855c:	010f4023 	subu	t0,t0,t7
9d008560:	000822c2 	srl	a0,t0,0xb
9d008564:	00097d40 	sll	t7,t1,0x15
9d008568:	008f2025 	or	a0,a0,t7
9d00856c:	00097840 	sll	t7,t1,0x1
9d008570:	000f7b02 	srl	t7,t7,0xc
9d008574:	00af2825 	or	a1,a1,t7
9d008578:	000a7d00 	sll	t7,t2,0x14
9d00857c:	00af2825 	or	a1,a1,t7

9d008580 <Cret>:
9d008580:	00041025 	or	v0,zero,a0
9d008584:	00051825 	or	v1,zero,a1

9d008588 <C999>:
9d008588:	03e00008 	jr	ra
9d00858c:	00000000 	nop

9d008590 <CspecA>:
9d008590:	0100782a 	slt	t7,t0,zero
9d008594:	01084021 	addu	t0,t0,t0
9d008598:	01294821 	addu	t1,t1,t1
9d00859c:	1540001c 	bnez	t2,9d008610 <i15>
9d0085a0:	012f4821 	addu	t1,t1,t7
9d0085a4:	01287825 	or	t7,t1,t0
9d0085a8:	11e00014 	beqz	t7,9d0085fc <i16>
9d0085ac:	00000000 	nop
9d0085b0:	15200008 	bnez	t1,9d0085d4 <L22>
9d0085b4:	00000000 	nop
9d0085b8:	15000003 	bnez	t0,9d0085c8 <L23>
9d0085bc:	00000000 	nop
9d0085c0:	1000ffad 	b	9d008478 <Clab1>
9d0085c4:	240a0000 	li	t2,0

9d0085c8 <L23>:
9d0085c8:	01004825 	move	t1,t0
9d0085cc:	24080000 	li	t0,0
9d0085d0:	254affe0 	addiu	t2,t2,-32

9d0085d4 <L22>:
9d0085d4:	712e7020 	clz	t6,t1
9d0085d8:	11c0ffa7 	beqz	t6,9d008478 <Clab1>
9d0085dc:	00000000 	nop
9d0085e0:	014e5023 	subu	t2,t2,t6
9d0085e4:	000e3822 	neg	a3,t6
9d0085e8:	00e83806 	srlv	a3,t0,a3
9d0085ec:	01c84004 	sllv	t0,t0,t6
9d0085f0:	01c94804 	sllv	t1,t1,t6
9d0085f4:	1000ffa0 	b	9d008478 <Clab1>
9d0085f8:	01274825 	or	t1,t1,a3

9d0085fc <i16>:
9d0085fc:	240107ff 	li	at,2047
9d008600:	11a10033 	beq	t5,at,9d0086d0 <Cnan>
9d008604:	00000000 	nop
9d008608:	1000ffdd 	b	9d008580 <Cret>
9d00860c:	00000000 	nop

9d008610 <i15>:
9d008610:	01287825 	or	t7,t1,t0
9d008614:	15e0002e 	bnez	t7,9d0086d0 <Cnan>
9d008618:	00000000 	nop
9d00861c:	15a00005 	bnez	t5,9d008634 <i17>
9d008620:	00000000 	nop
9d008624:	000c7840 	sll	t7,t4,0x1
9d008628:	01eb7825 	or	t7,t7,t3
9d00862c:	11e00028 	beqz	t7,9d0086d0 <Cnan>
9d008630:	00000000 	nop

9d008634 <i17>:
9d008634:	240107ff 	li	at,2047
9d008638:	15a10021 	bne	t5,at,9d0086c0 <Cinf>
9d00863c:	00000000 	nop

9d008640 <CspecB>:
9d008640:	0160782a 	slt	t7,t3,zero
9d008644:	016b5821 	addu	t3,t3,t3
9d008648:	018c6021 	addu	t4,t4,t4
9d00864c:	15a00019 	bnez	t5,9d0086b4 <i18>
9d008650:	018f6021 	addu	t4,t4,t7
9d008654:	018b7825 	or	t7,t4,t3
9d008658:	11e00014 	beqz	t7,9d0086ac <i19>
9d00865c:	00000000 	nop
9d008660:	15800008 	bnez	t4,9d008684 <L25>
9d008664:	00000000 	nop
9d008668:	15600003 	bnez	t3,9d008678 <L26>
9d00866c:	00000000 	nop
9d008670:	1000ff85 	b	9d008488 <Clab2>
9d008674:	240d0000 	li	t5,0

9d008678 <L26>:
9d008678:	01606025 	move	t4,t3
9d00867c:	240b0000 	li	t3,0
9d008680:	25adffe0 	addiu	t5,t5,-32

9d008684 <L25>:
9d008684:	71863020 	clz	a2,t4
9d008688:	10c0ff7f 	beqz	a2,9d008488 <Clab2>
9d00868c:	00000000 	nop
9d008690:	01a66823 	subu	t5,t5,a2
9d008694:	00067022 	neg	t6,a2
9d008698:	01cb7006 	srlv	t6,t3,t6
9d00869c:	00cb5804 	sllv	t3,t3,a2
9d0086a0:	00cc6004 	sllv	t4,t4,a2
9d0086a4:	1000ff78 	b	9d008488 <Clab2>
9d0086a8:	018e6025 	or	t4,t4,t6

9d0086ac <i19>:
9d0086ac:	1000ffb4 	b	9d008580 <Cret>
9d0086b0:	24040000 	li	a0,0

9d0086b4 <i18>:
9d0086b4:	018b7825 	or	t7,t4,t3
9d0086b8:	15e00005 	bnez	t7,9d0086d0 <Cnan>
9d0086bc:	00000000 	nop

9d0086c0 <Cinf>:
9d0086c0:	3c017ff0 	lui	at,0x7ff0
9d0086c4:	00a12825 	or	a1,a1,at
9d0086c8:	1000ffad 	b	9d008580 <Cret>
9d0086cc:	24040000 	li	a0,0

9d0086d0 <Cnan>:
9d0086d0:	3c05fff8 	lui	a1,0xfff8
9d0086d4:	1000ffaa 	b	9d008580 <Cret>
9d0086d8:	24040000 	li	a0,0

9d0086dc <Coveund>:
9d0086dc:	1d40fff8 	bgtz	t2,9d0086c0 <Cinf>
9d0086e0:	00000000 	nop
9d0086e4:	240e0001 	li	t6,1
9d0086e8:	01ca7023 	subu	t6,t6,t2

9d0086ec <L28>:
9d0086ec:	2dc10020 	sltiu	at,t6,32
9d0086f0:	14200007 	bnez	at,9d008710 <L29>
9d0086f4:	00000000 	nop
9d0086f8:	21ceffe0 	addi	t6,t6,-32
9d0086fc:	0008302b 	sltu	a2,zero,t0
9d008700:	1009000d 	beq	zero,t1,9d008738 <L30>
9d008704:	01264025 	or	t0,t1,a2
9d008708:	1000fff8 	b	9d0086ec <L28>
9d00870c:	34090000 	li	t1,0x0

9d008710 <L29>:
9d008710:	11c00009 	beqz	t6,9d008738 <L30>
9d008714:	00000000 	nop
9d008718:	000e3822 	neg	a3,t6
9d00871c:	00e83004 	sllv	a2,t0,a3
9d008720:	00e93804 	sllv	a3,t1,a3
9d008724:	01c84006 	srlv	t0,t0,t6
9d008728:	01c94806 	srlv	t1,t1,t6
9d00872c:	10c00002 	beqz	a2,9d008738 <L30>
9d008730:	00e84025 	or	t0,a3,t0
9d008734:	35080002 	ori	t0,t0,0x2

9d008738 <L30>:
9d008738:	25080400 	addiu	t0,t0,1024
9d00873c:	2d0f0400 	sltiu	t7,t0,1024
9d008740:	012f4821 	addu	t1,t1,t7
9d008744:	1000ff83 	b	9d008554 <Clab8>
9d008748:	000957c2 	srl	t2,t1,0x1f
9d00874c:	00000000 	nop

Disassembly of section .text.strtoull:

9d008750 <strtoull>:
9d008750:	27bdffd0 	addiu	sp,sp,-48
9d008754:	afbf002c 	sw	ra,44(sp)
9d008758:	afb50028 	sw	s5,40(sp)
9d00875c:	afb40024 	sw	s4,36(sp)
9d008760:	afb30020 	sw	s3,32(sp)
9d008764:	afb2001c 	sw	s2,28(sp)
9d008768:	afb10018 	sw	s1,24(sp)
9d00876c:	afb00014 	sw	s0,20(sp)
9d008770:	00808821 	move	s1,a0
9d008774:	80820000 	lb	v0,0(a0)
9d008778:	00a09821 	move	s3,a1
9d00877c:	1040001f 	beqz	v0,9d0087fc <strtoull+0xac>
9d008780:	00c09021 	move	s2,a2
9d008784:	3c049d01 	lui	a0,0x9d01
9d008788:	2484aa81 	addiu	a0,a0,-21887
9d00878c:	0b4021e8 	j	9d0087a0 <strtoull+0x50>
9d008790:	00821821 	addu	v1,a0,v0
9d008794:	82220000 	lb	v0,0(s1)
9d008798:	10400018 	beqz	v0,9d0087fc <strtoull+0xac>
9d00879c:	00821821 	addu	v1,a0,v0
9d0087a0:	80630000 	lb	v1,0(v1)
9d0087a4:	30630088 	andi	v1,v1,0x88
9d0087a8:	5460fffa 	bnezl	v1,9d008794 <strtoull+0x44>
9d0087ac:	26310001 	addiu	s1,s1,1
9d0087b0:	2403002b 	li	v1,43
9d0087b4:	14430079 	bne	v0,v1,9d00899c <strtoull+0x24c>
9d0087b8:	2403002d 	li	v1,45
9d0087bc:	3842002d 	xori	v0,v0,0x2d
9d0087c0:	82300001 	lb	s0,1(s1)
9d0087c4:	2c550001 	sltiu	s5,v0,1
9d0087c8:	26310001 	addiu	s1,s1,1
9d0087cc:	1640000f 	bnez	s2,9d00880c <strtoull+0xbc>
9d0087d0:	24020010 	li	v0,16
9d0087d4:	24020030 	li	v0,48
9d0087d8:	12020075 	beq	s0,v0,9d0089b0 <strtoull+0x260>
9d0087dc:	3c0d9999 	lui	t5,0x9999
9d0087e0:	35ad9999 	ori	t5,t5,0x9999
9d0087e4:	3c0a1999 	lui	t2,0x1999
9d0087e8:	354a9999 	ori	t2,t2,0x9999
9d0087ec:	240b000a 	li	t3,10
9d0087f0:	0000a021 	move	s4,zero
9d0087f4:	0b40220d 	j	9d008834 <strtoull+0xe4>
9d0087f8:	2412000a 	li	s2,10
9d0087fc:	00008021 	move	s0,zero
9d008800:	1240fff4 	beqz	s2,9d0087d4 <strtoull+0x84>
9d008804:	0000a821 	move	s5,zero
9d008808:	24020010 	li	v0,16
9d00880c:	12420076 	beq	s2,v0,9d0089e8 <strtoull+0x298>
9d008810:	0012a7c3 	sra	s4,s2,0x1f
9d008814:	2404ffff 	li	a0,-1
9d008818:	2405ffff 	li	a1,-1
9d00881c:	02403021 	move	a2,s2
9d008820:	0f401c3b 	jal	9d0070ec <.LFE1>
9d008824:	02803821 	move	a3,s4
9d008828:	02405821 	move	t3,s2
9d00882c:	00406821 	move	t5,v0
9d008830:	00605021 	move	t2,v1
9d008834:	2624ffff 	addiu	a0,s1,-1
9d008838:	00002821 	move	a1,zero
9d00883c:	00001021 	move	v0,zero
9d008840:	00001821 	move	v1,zero
9d008844:	3c079d01 	lui	a3,0x9d01
9d008848:	24e7aa81 	addiu	a3,a3,-21887
9d00884c:	240e0061 	li	t6,97
9d008850:	240c0041 	li	t4,65
9d008854:	1200002b 	beqz	s0,9d008904 <strtoull+0x1b4>
9d008858:	24840001 	addiu	a0,a0,1
9d00885c:	02074021 	addu	t0,s0,a3
9d008860:	91080000 	lbu	t0,0(t0)
9d008864:	31090004 	andi	t1,t0,0x4
9d008868:	1120003d 	beqz	t1,9d008960 <strtoull+0x210>
9d00886c:	31060003 	andi	a2,t0,0x3
9d008870:	2610ffd0 	addiu	s0,s0,-48
9d008874:	06000023 	bltz	s0,9d008904 <strtoull+0x1b4>
9d008878:	0212402a 	slt	t0,s0,s2
9d00887c:	11000021 	beqz	t0,9d008904 <strtoull+0x1b4>
9d008880:	0143402b 	sltu	t0,t2,v1
9d008884:	55000034 	bnezl	t0,9d008958 <strtoull+0x208>
9d008888:	24050001 	li	a1,1
9d00888c:	146a0003 	bne	v1,t2,9d00889c <strtoull+0x14c>
9d008890:	01a2302b 	sltu	a2,t5,v0
9d008894:	54c00030 	bnezl	a2,9d008958 <strtoull+0x208>
9d008898:	24050001 	li	a1,1
9d00889c:	14a00016 	bnez	a1,9d0088f8 <strtoull+0x1a8>
9d0088a0:	02820018 	mult	s4,v0
9d0088a4:	001047c3 	sra	t0,s0,0x1f
9d0088a8:	71630000 	madd	t3,v1
9d0088ac:	00003012 	mflo	a2
9d0088b0:	004b0019 	multu	v0,t3
9d0088b4:	00001012 	mflo	v0
9d0088b8:	00001810 	mfhi	v1
9d0088bc:	00c31821 	addu	v1,a2,v1
9d0088c0:	00033027 	nor	a2,zero,v1
9d0088c4:	00c8482b 	sltu	t1,a2,t0
9d0088c8:	15200022 	bnez	t1,9d008954 <strtoull+0x204>
9d0088cc:	00027827 	nor	t7,zero,v0
9d0088d0:	55060005 	bnel	t0,a2,9d0088e8 <strtoull+0x198>
9d0088d4:	02028021 	addu	s0,s0,v0
9d0088d8:	01f0782b 	sltu	t7,t7,s0
9d0088dc:	55e0001e 	bnezl	t7,9d008958 <strtoull+0x208>
9d0088e0:	24050001 	li	a1,1
9d0088e4:	02028021 	addu	s0,s0,v0
9d0088e8:	0202302b 	sltu	a2,s0,v0
9d0088ec:	00684021 	addu	t0,v1,t0
9d0088f0:	02001021 	move	v0,s0
9d0088f4:	00c81821 	addu	v1,a2,t0
9d0088f8:	80900001 	lb	s0,1(a0)
9d0088fc:	1600ffd7 	bnez	s0,9d00885c <strtoull+0x10c>
9d008900:	24840001 	addiu	a0,a0,1
9d008904:	12a0001d 	beqz	s5,9d00897c <strtoull+0x22c>
9d008908:	00000000 	nop
9d00890c:	54a0001e 	bnezl	a1,9d008988 <strtoull+0x238>
9d008910:	24030022 	li	v1,34
9d008914:	00023823 	negu	a3,v0
9d008918:	0007282b 	sltu	a1,zero,a3
9d00891c:	00033023 	negu	a2,v1
9d008920:	00e01021 	move	v0,a3
9d008924:	00c51823 	subu	v1,a2,a1
9d008928:	56600001 	bnezl	s3,9d008930 <strtoull+0x1e0>
9d00892c:	ae640000 	sw	a0,0(s3)
9d008930:	8fbf002c 	lw	ra,44(sp)
9d008934:	8fb50028 	lw	s5,40(sp)
9d008938:	8fb40024 	lw	s4,36(sp)
9d00893c:	8fb30020 	lw	s3,32(sp)
9d008940:	8fb2001c 	lw	s2,28(sp)
9d008944:	8fb10018 	lw	s1,24(sp)
9d008948:	8fb00014 	lw	s0,20(sp)
9d00894c:	03e00008 	jr	ra
9d008950:	27bd0030 	addiu	sp,sp,48
9d008954:	24050001 	li	a1,1
9d008958:	0b40223f 	j	9d0088fc <strtoull+0x1ac>
9d00895c:	80900001 	lb	s0,1(a0)
9d008960:	10c0ffe8 	beqz	a2,9d008904 <strtoull+0x1b4>
9d008964:	31080001 	andi	t0,t0,0x1
9d008968:	01803021 	move	a2,t4
9d00896c:	01c8300a 	movz	a2,t6,t0
9d008970:	02068023 	subu	s0,s0,a2
9d008974:	0b40221d 	j	9d008874 <strtoull+0x124>
9d008978:	2610000a 	addiu	s0,s0,10
9d00897c:	10a0ffea 	beqz	a1,9d008928 <strtoull+0x1d8>
9d008980:	00000000 	nop
9d008984:	24030022 	li	v1,34
9d008988:	3c02a000 	lui	v0,0xa000
9d00898c:	ac43006c 	sw	v1,108(v0)
9d008990:	2402ffff 	li	v0,-1
9d008994:	0b40224a 	j	9d008928 <strtoull+0x1d8>
9d008998:	2403ffff 	li	v1,-1
9d00899c:	1043ff88 	beq	v0,v1,9d0087c0 <strtoull+0x70>
9d0089a0:	3842002d 	xori	v0,v0,0x2d
9d0089a4:	82300000 	lb	s0,0(s1)
9d0089a8:	0b4021f3 	j	9d0087cc <strtoull+0x7c>
9d0089ac:	0000a821 	move	s5,zero
9d0089b0:	82300001 	lb	s0,1(s1)
9d0089b4:	2402ffdf 	li	v0,-33
9d0089b8:	02021824 	and	v1,s0,v0
9d0089bc:	24020058 	li	v0,88
9d0089c0:	50620012 	beql	v1,v0,9d008a0c <strtoull+0x2bc>
9d0089c4:	82300002 	lb	s0,2(s1)
9d0089c8:	26310001 	addiu	s1,s1,1
9d0089cc:	240dffff 	li	t5,-1
9d0089d0:	3c0a1fff 	lui	t2,0x1fff
9d0089d4:	354affff 	ori	t2,t2,0xffff
9d0089d8:	240b0008 	li	t3,8
9d0089dc:	0000a021 	move	s4,zero
9d0089e0:	0b40220d 	j	9d008834 <strtoull+0xe4>
9d0089e4:	24120008 	li	s2,8
9d0089e8:	24020030 	li	v0,48
9d0089ec:	5202000f 	beql	s0,v0,9d008a2c <strtoull+0x2dc>
9d0089f0:	82300001 	lb	s0,1(s1)
9d0089f4:	240dffff 	li	t5,-1
9d0089f8:	3c0a0fff 	lui	t2,0xfff
9d0089fc:	354affff 	ori	t2,t2,0xffff
9d008a00:	240b0010 	li	t3,16
9d008a04:	0b40220d 	j	9d008834 <strtoull+0xe4>
9d008a08:	0000a021 	move	s4,zero
9d008a0c:	240dffff 	li	t5,-1
9d008a10:	26310002 	addiu	s1,s1,2
9d008a14:	3c0a0fff 	lui	t2,0xfff
9d008a18:	354affff 	ori	t2,t2,0xffff
9d008a1c:	240b0010 	li	t3,16
9d008a20:	0000a021 	move	s4,zero
9d008a24:	0b40220d 	j	9d008834 <strtoull+0xe4>
9d008a28:	24120010 	li	s2,16
9d008a2c:	24020078 	li	v0,120
9d008a30:	52020003 	beql	s0,v0,9d008a40 <strtoull+0x2f0>
9d008a34:	82300002 	lb	s0,2(s1)
9d008a38:	0b40227d 	j	9d0089f4 <strtoull+0x2a4>
9d008a3c:	26310001 	addiu	s1,s1,1
9d008a40:	240dffff 	li	t5,-1
9d008a44:	26310002 	addiu	s1,s1,2
9d008a48:	3c0a0fff 	lui	t2,0xfff
9d008a4c:	354affff 	ori	t2,t2,0xffff
9d008a50:	240b0010 	li	t3,16
9d008a54:	0b40220d 	j	9d008834 <strtoull+0xe4>
9d008a58:	0000a021 	move	s4,zero

Disassembly of section .text._strtostr:

9d008a5c <_strtostr>:
9d008a5c:	27bdfec8 	addiu	sp,sp,-312
9d008a60:	afbf0134 	sw	ra,308(sp)
9d008a64:	afbe0130 	sw	s8,304(sp)
9d008a68:	afb7012c 	sw	s7,300(sp)
9d008a6c:	afb60128 	sw	s6,296(sp)
9d008a70:	afb50124 	sw	s5,292(sp)
9d008a74:	afb40120 	sw	s4,288(sp)
9d008a78:	afb3011c 	sw	s3,284(sp)
9d008a7c:	afb20118 	sw	s2,280(sp)
9d008a80:	afb10114 	sw	s1,276(sp)
9d008a84:	afb00110 	sw	s0,272(sp)
9d008a88:	00808021 	move	s0,a0
9d008a8c:	afa5013c 	sw	a1,316(sp)
9d008a90:	00c09821 	move	s3,a2
9d008a94:	00e0b021 	move	s6,a3
9d008a98:	24020002 	li	v0,2
9d008a9c:	10820056 	beq	a0,v0,9d008bf8 <_strtostr+0x19c>
9d008aa0:	8fb20148 	lw	s2,328(sp)
9d008aa4:	32730001 	andi	s3,s3,0x1
9d008aa8:	16600005 	bnez	s3,9d008ac0 <_strtostr+0x64>
9d008aac:	00000000 	nop
9d008ab0:	8e42000c 	lw	v0,12(s2)
9d008ab4:	24430004 	addiu	v1,v0,4
9d008ab8:	ae43000c 	sw	v1,12(s2)
9d008abc:	8c510000 	lw	s1,0(v0)
9d008ac0:	12c00081 	beqz	s6,9d008cc8 <_strtostr+0x26c>
9d008ac4:	02c0b821 	move	s7,s6
9d008ac8:	2414ffff 	li	s4,-1
9d008acc:	24150001 	li	s5,1
9d008ad0:	3c1e9d01 	lui	s8,0x9d01
9d008ad4:	27deaa81 	addiu	s8,s8,-21887
9d008ad8:	0f403007 	jal	9d00c01c <gsgetc>
9d008adc:	02402021 	move	a0,s2
9d008ae0:	50540011 	beql	v0,s4,9d008b28 <_strtostr+0xcc>
9d008ae4:	02e01821 	move	v1,s7
9d008ae8:	12150038 	beq	s0,s5,9d008bcc <_strtostr+0x170>
9d008aec:	26e3ffff 	addiu	v1,s7,-1
9d008af0:	24040002 	li	a0,2
9d008af4:	1204002b 	beq	s0,a0,9d008ba4 <_strtostr+0x148>
9d008af8:	27a50010 	addiu	a1,sp,16
9d008afc:	16600003 	bnez	s3,9d008b0c <_strtostr+0xb0>
9d008b00:	00000000 	nop
9d008b04:	a2220000 	sb	v0,0(s1)
9d008b08:	26310001 	addiu	s1,s1,1
9d008b0c:	10600006 	beqz	v1,9d008b28 <_strtostr+0xcc>
9d008b10:	0060b821 	move	s7,v1
9d008b14:	0f403007 	jal	9d00c01c <gsgetc>
9d008b18:	02402021 	move	a0,s2
9d008b1c:	1454fff2 	bne	v0,s4,9d008ae8 <_strtostr+0x8c>
9d008b20:	00000000 	nop
9d008b24:	02e01821 	move	v1,s7
9d008b28:	2402ffff 	li	v0,-1
9d008b2c:	8e440014 	lw	a0,20(s2)
9d008b30:	24840001 	addiu	a0,a0,1
9d008b34:	16600008 	bnez	s3,9d008b58 <_strtostr+0xfc>
9d008b38:	ae440014 	sw	a0,20(s2)
9d008b3c:	24040001 	li	a0,1
9d008b40:	8fa6013c 	lw	a2,316(sp)
9d008b44:	50c40001 	beql	a2,a0,9d008b4c <_strtostr+0xf0>
9d008b48:	a2200000 	sb	zero,0(s1)
9d008b4c:	8e440018 	lw	a0,24(s2)
9d008b50:	24840001 	addiu	a0,a0,1
9d008b54:	ae440018 	sw	a0,24(s2)
9d008b58:	14760005 	bne	v1,s6,9d008b70 <_strtostr+0x114>
9d008b5c:	00002021 	move	a0,zero
9d008b60:	2404ffff 	li	a0,-1
9d008b64:	00021027 	nor	v0,zero,v0
9d008b68:	24030001 	li	v1,1
9d008b6c:	0062200b 	movn	a0,v1,v0
9d008b70:	00801021 	move	v0,a0
9d008b74:	8fbf0134 	lw	ra,308(sp)
9d008b78:	8fbe0130 	lw	s8,304(sp)
9d008b7c:	8fb7012c 	lw	s7,300(sp)
9d008b80:	8fb60128 	lw	s6,296(sp)
9d008b84:	8fb50124 	lw	s5,292(sp)
9d008b88:	8fb40120 	lw	s4,288(sp)
9d008b8c:	8fb3011c 	lw	s3,284(sp)
9d008b90:	8fb20118 	lw	s2,280(sp)
9d008b94:	8fb10114 	lw	s1,276(sp)
9d008b98:	8fb00110 	lw	s0,272(sp)
9d008b9c:	03e00008 	jr	ra
9d008ba0:	27bd0138 	addiu	sp,sp,312
9d008ba4:	00a22021 	addu	a0,a1,v0
9d008ba8:	80840000 	lb	a0,0(a0)
9d008bac:	1480ffd3 	bnez	a0,9d008afc <_strtostr+0xa0>
9d008bb0:	00000000 	nop
9d008bb4:	8e440010 	lw	a0,16(s2)
9d008bb8:	ae420004 	sw	v0,4(s2)
9d008bbc:	02e01821 	move	v1,s7
9d008bc0:	2484ffff 	addiu	a0,a0,-1
9d008bc4:	0b4022cb 	j	9d008b2c <_strtostr+0xd0>
9d008bc8:	ae440010 	sw	a0,16(s2)
9d008bcc:	005e2021 	addu	a0,v0,s8
9d008bd0:	80840000 	lb	a0,0(a0)
9d008bd4:	30840088 	andi	a0,a0,0x88
9d008bd8:	1080ffc8 	beqz	a0,9d008afc <_strtostr+0xa0>
9d008bdc:	00000000 	nop
9d008be0:	8e440010 	lw	a0,16(s2)
9d008be4:	ae420004 	sw	v0,4(s2)
9d008be8:	02e01821 	move	v1,s7
9d008bec:	2484ffff 	addiu	a0,a0,-1
9d008bf0:	0b4022cb 	j	9d008b2c <_strtostr+0xd0>
9d008bf4:	ae440010 	sw	a0,16(s2)
9d008bf8:	8e540008 	lw	s4,8(s2)
9d008bfc:	82830000 	lb	v1,0(s4)
9d008c00:	2402005e 	li	v0,94
9d008c04:	50620032 	beql	v1,v0,9d008cd0 <_strtostr+0x274>
9d008c08:	26940001 	addiu	s4,s4,1
9d008c0c:	24150001 	li	s5,1
9d008c10:	00002821 	move	a1,zero
9d008c14:	27a40010 	addiu	a0,sp,16
9d008c18:	0f40318f 	jal	9d00c63c <.LFE1>
9d008c1c:	24060100 	li	a2,256
9d008c20:	82830000 	lb	v1,0(s4)
9d008c24:	2405ffff 	li	a1,-1
9d008c28:	2409ffff 	li	t1,-1
9d008c2c:	240a002d 	li	t2,45
9d008c30:	2408005d 	li	t0,93
9d008c34:	0b402319 	j	9d008c64 <_strtostr+0x208>
9d008c38:	7c152420 	seb	a0,s5
9d008c3c:	00602821 	move	a1,v1
9d008c40:	27a30010 	addiu	v1,sp,16
9d008c44:	00651021 	addu	v0,v1,a1
9d008c48:	a0550000 	sb	s5,0(v0)
9d008c4c:	02801021 	move	v0,s4
9d008c50:	24540001 	addiu	s4,v0,1
9d008c54:	ae540008 	sw	s4,8(s2)
9d008c58:	80430001 	lb	v1,1(v0)
9d008c5c:	50680018 	beql	v1,t0,9d008cc0 <_strtostr+0x264>
9d008c60:	24420002 	addiu	v0,v0,2
9d008c64:	10a9fff5 	beq	a1,t1,9d008c3c <_strtostr+0x1e0>
9d008c68:	82870001 	lb	a3,1(s4)
9d008c6c:	546afff4 	bnel	v1,t2,9d008c40 <_strtostr+0x1e4>
9d008c70:	00602821 	move	a1,v1
9d008c74:	10e8fff1 	beq	a3,t0,9d008c3c <_strtostr+0x1e0>
9d008c78:	24a20001 	addiu	v0,a1,1
9d008c7c:	00e2282a 	slt	a1,a3,v0
9d008c80:	27a30010 	addiu	v1,sp,16
9d008c84:	00621021 	addu	v0,v1,v0
9d008c88:	27a60011 	addiu	a2,sp,17
9d008c8c:	14a00005 	bnez	a1,9d008ca4 <_strtostr+0x248>
9d008c90:	00c71821 	addu	v1,a2,a3
9d008c94:	a0440000 	sb	a0,0(v0)
9d008c98:	24420001 	addiu	v0,v0,1
9d008c9c:	5443fffe 	bnel	v0,v1,9d008c98 <_strtostr+0x23c>
9d008ca0:	a0440000 	sb	a0,0(v0)
9d008ca4:	26820001 	addiu	v0,s4,1
9d008ca8:	24540001 	addiu	s4,v0,1
9d008cac:	ae540008 	sw	s4,8(s2)
9d008cb0:	80430001 	lb	v1,1(v0)
9d008cb4:	1468ffeb 	bne	v1,t0,9d008c64 <_strtostr+0x208>
9d008cb8:	2405ffff 	li	a1,-1
9d008cbc:	24420002 	addiu	v0,v0,2
9d008cc0:	0b4022a9 	j	9d008aa4 <_strtostr+0x48>
9d008cc4:	ae420008 	sw	v0,8(s2)
9d008cc8:	0b4022ca 	j	9d008b28 <_strtostr+0xcc>
9d008ccc:	00001821 	move	v1,zero
9d008cd0:	ae540008 	sw	s4,8(s2)
9d008cd4:	0000a821 	move	s5,zero
9d008cd8:	0b402305 	j	9d008c14 <_strtostr+0x1b8>
9d008cdc:	24050001 	li	a1,1

Disassembly of section .text.strtoul:

9d008ce0 <strtoul>:
9d008ce0:	80820000 	lb	v0,0(a0)
9d008ce4:	10400089 	beqz	v0,9d008f0c <strtoul+0x22c>
9d008ce8:	00001821 	move	v1,zero
9d008cec:	3c089d01 	lui	t0,0x9d01
9d008cf0:	2508aa81 	addiu	t0,t0,-21887
9d008cf4:	01021821 	addu	v1,t0,v0
9d008cf8:	80630000 	lb	v1,0(v1)
9d008cfc:	30630088 	andi	v1,v1,0x88
9d008d00:	14600007 	bnez	v1,9d008d20 <strtoul+0x40>
9d008d04:	00803821 	move	a3,a0
9d008d08:	0b40239c 	j	9d008e70 <strtoul+0x190>
9d008d0c:	2403002b 	li	v1,43
9d008d10:	80630000 	lb	v1,0(v1)
9d008d14:	30630088 	andi	v1,v1,0x88
9d008d18:	50600055 	beqzl	v1,9d008e70 <strtoul+0x190>
9d008d1c:	2403002b 	li	v1,43
9d008d20:	24e70001 	addiu	a3,a3,1
9d008d24:	80e20000 	lb	v0,0(a3)
9d008d28:	1440fff9 	bnez	v0,9d008d10 <strtoul+0x30>
9d008d2c:	01021821 	addu	v1,t0,v0
9d008d30:	00001821 	move	v1,zero
9d008d34:	0000c021 	move	t8,zero
9d008d38:	14c00041 	bnez	a2,9d008e40 <strtoul+0x160>
9d008d3c:	24020010 	li	v0,16
9d008d40:	24020030 	li	v0,48
9d008d44:	1062005d 	beq	v1,v0,9d008ebc <strtoul+0x1dc>
9d008d48:	3c0d1999 	lui	t5,0x1999
9d008d4c:	35ad9999 	ori	t5,t5,0x9999
9d008d50:	240f000a 	li	t7,10
9d008d54:	00005821 	move	t3,zero
9d008d58:	2406000a 	li	a2,10
9d008d5c:	24e7ffff 	addiu	a3,a3,-1
9d008d60:	00005021 	move	t2,zero
9d008d64:	00001021 	move	v0,zero
9d008d68:	3c0c9d01 	lui	t4,0x9d01
9d008d6c:	258caa81 	addiu	t4,t4,-21887
9d008d70:	24190061 	li	t9,97
9d008d74:	240e0041 	li	t6,65
9d008d78:	10600019 	beqz	v1,9d008de0 <strtoul+0x100>
9d008d7c:	24e70001 	addiu	a3,a3,1
9d008d80:	006c4021 	addu	t0,v1,t4
9d008d84:	91080000 	lbu	t0,0(t0)
9d008d88:	31090004 	andi	t1,t0,0x4
9d008d8c:	11200023 	beqz	t1,9d008e1c <strtoul+0x13c>
9d008d90:	31090003 	andi	t1,t0,0x3
9d008d94:	2463ffd0 	addiu	v1,v1,-48
9d008d98:	04600011 	bltz	v1,9d008de0 <strtoul+0x100>
9d008d9c:	0066402a 	slt	t0,v1,a2
9d008da0:	1100000f 	beqz	t0,9d008de0 <strtoul+0x100>
9d008da4:	01a2402b 	sltu	t0,t5,v0
9d008da8:	55000019 	bnezl	t0,9d008e10 <strtoul+0x130>
9d008dac:	240a0001 	li	t2,1
9d008db0:	55400008 	bnezl	t2,9d008dd4 <strtoul+0xf4>
9d008db4:	80e30001 	lb	v1,1(a3)
9d008db8:	704f1002 	mul	v0,v0,t7
9d008dbc:	00024027 	nor	t0,zero,v0
9d008dc0:	0103402b 	sltu	t0,t0,v1
9d008dc4:	55000012 	bnezl	t0,9d008e10 <strtoul+0x130>
9d008dc8:	240a0001 	li	t2,1
9d008dcc:	00431021 	addu	v0,v0,v1
9d008dd0:	80e30001 	lb	v1,1(a3)
9d008dd4:	240b0001 	li	t3,1
9d008dd8:	1460ffe9 	bnez	v1,9d008d80 <strtoul+0xa0>
9d008ddc:	24e70001 	addiu	a3,a3,1
9d008de0:	1300001f 	beqz	t8,9d008e60 <strtoul+0x180>
9d008de4:	00000000 	nop
9d008de8:	11400005 	beqz	t2,9d008e00 <strtoul+0x120>
9d008dec:	00021023 	negu	v0,v0
9d008df0:	24030022 	li	v1,34
9d008df4:	3c02a000 	lui	v0,0xa000
9d008df8:	ac43006c 	sw	v1,108(v0)
9d008dfc:	2402ffff 	li	v0,-1
9d008e00:	10a0000d 	beqz	a1,9d008e38 <strtoul+0x158>
9d008e04:	008b380a 	movz	a3,a0,t3
9d008e08:	03e00008 	jr	ra
9d008e0c:	aca70000 	sw	a3,0(a1)
9d008e10:	80e30001 	lb	v1,1(a3)
9d008e14:	0b402376 	j	9d008dd8 <strtoul+0xf8>
9d008e18:	240b0001 	li	t3,1
9d008e1c:	1120fff0 	beqz	t1,9d008de0 <strtoul+0x100>
9d008e20:	31080001 	andi	t0,t0,0x1
9d008e24:	01c04821 	move	t1,t6
9d008e28:	0328480a 	movz	t1,t9,t0
9d008e2c:	00691823 	subu	v1,v1,t1
9d008e30:	0b402366 	j	9d008d98 <strtoul+0xb8>
9d008e34:	2463000a 	addiu	v1,v1,10
9d008e38:	03e00008 	jr	ra
9d008e3c:	00000000 	nop
9d008e40:	10c20017 	beq	a2,v0,9d008ea0 <strtoul+0x1c0>
9d008e44:	240dffff 	li	t5,-1
9d008e48:	00c07821 	move	t7,a2
9d008e4c:	01a6001b 	divu	zero,t5,a2
9d008e50:	00c001f4 	teq	a2,zero,0x7
9d008e54:	00006812 	mflo	t5
9d008e58:	0b402357 	j	9d008d5c <strtoul+0x7c>
9d008e5c:	00005821 	move	t3,zero
9d008e60:	1540ffe4 	bnez	t2,9d008df4 <strtoul+0x114>
9d008e64:	24030022 	li	v1,34
9d008e68:	0b402380 	j	9d008e00 <strtoul+0x120>
9d008e6c:	00000000 	nop
9d008e70:	54430006 	bnel	v0,v1,9d008e8c <strtoul+0x1ac>
9d008e74:	2403002d 	li	v1,45
9d008e78:	3842002d 	xori	v0,v0,0x2d
9d008e7c:	80e30001 	lb	v1,1(a3)
9d008e80:	2c580001 	sltiu	t8,v0,1
9d008e84:	0b40234e 	j	9d008d38 <strtoul+0x58>
9d008e88:	24e70001 	addiu	a3,a3,1
9d008e8c:	5043fffb 	beql	v0,v1,9d008e7c <strtoul+0x19c>
9d008e90:	3842002d 	xori	v0,v0,0x2d
9d008e94:	80e30000 	lb	v1,0(a3)
9d008e98:	0b40234e 	j	9d008d38 <strtoul+0x58>
9d008e9c:	0000c021 	move	t8,zero
9d008ea0:	24020030 	li	v0,48
9d008ea4:	1062001c 	beq	v1,v0,9d008f18 <strtoul+0x238>
9d008ea8:	3c0d0fff 	lui	t5,0xfff
9d008eac:	35adffff 	ori	t5,t5,0xffff
9d008eb0:	240f0010 	li	t7,16
9d008eb4:	0b402357 	j	9d008d5c <strtoul+0x7c>
9d008eb8:	00005821 	move	t3,zero
9d008ebc:	80e30001 	lb	v1,1(a3)
9d008ec0:	2402ffdf 	li	v0,-33
9d008ec4:	00623024 	and	a2,v1,v0
9d008ec8:	24020058 	li	v0,88
9d008ecc:	50c20008 	beql	a2,v0,9d008ef0 <strtoul+0x210>
9d008ed0:	80e30002 	lb	v1,2(a3)
9d008ed4:	24e70001 	addiu	a3,a3,1
9d008ed8:	3c0d1fff 	lui	t5,0x1fff
9d008edc:	35adffff 	ori	t5,t5,0xffff
9d008ee0:	240f0008 	li	t7,8
9d008ee4:	240b0001 	li	t3,1
9d008ee8:	0b402357 	j	9d008d5c <strtoul+0x7c>
9d008eec:	24060008 	li	a2,8
9d008ef0:	3c0d0fff 	lui	t5,0xfff
9d008ef4:	35adffff 	ori	t5,t5,0xffff
9d008ef8:	24e70002 	addiu	a3,a3,2
9d008efc:	240f0010 	li	t7,16
9d008f00:	240b0001 	li	t3,1
9d008f04:	0b402357 	j	9d008d5c <strtoul+0x7c>
9d008f08:	24060010 	li	a2,16
9d008f0c:	00803821 	move	a3,a0
9d008f10:	0b40234e 	j	9d008d38 <strtoul+0x58>
9d008f14:	0000c021 	move	t8,zero
9d008f18:	80e30001 	lb	v1,1(a3)
9d008f1c:	2402ffdf 	li	v0,-33
9d008f20:	00624024 	and	t0,v1,v0
9d008f24:	24020058 	li	v0,88
9d008f28:	51020007 	beql	t0,v0,9d008f48 <strtoul+0x268>
9d008f2c:	80e30002 	lb	v1,2(a3)
9d008f30:	24e70001 	addiu	a3,a3,1
9d008f34:	3c0d0fff 	lui	t5,0xfff
9d008f38:	35adffff 	ori	t5,t5,0xffff
9d008f3c:	240f0010 	li	t7,16
9d008f40:	0b402357 	j	9d008d5c <strtoul+0x7c>
9d008f44:	240b0001 	li	t3,1
9d008f48:	3c0d0fff 	lui	t5,0xfff
9d008f4c:	35adffff 	ori	t5,t5,0xffff
9d008f50:	24e70002 	addiu	a3,a3,2
9d008f54:	240f0010 	li	t7,16
9d008f58:	0b402357 	j	9d008d5c <strtoul+0x7c>
9d008f5c:	240b0001 	li	t3,1

Disassembly of section .text.free:

9d008f60 <free>:
9d008f60:	10800074 	beqz	a0,9d009134 <free+0x1d4>
9d008f64:	2402fffe 	li	v0,-2
9d008f68:	8c86fffc 	lw	a2,-4(a0)
9d008f6c:	2485fff8 	addiu	a1,a0,-8
9d008f70:	00c21824 	and	v1,a2,v0
9d008f74:	00a31021 	addu	v0,a1,v1
9d008f78:	8c470004 	lw	a3,4(v0)
9d008f7c:	30e80001 	andi	t0,a3,0x1
9d008f80:	1100006c 	beqz	t0,9d009134 <free+0x1d4>
9d008f84:	7c070804 	ins	a3,zero,0x0,0x2
9d008f88:	3c08a001 	lui	t0,0xa001
9d008f8c:	25083c18 	addiu	t0,t0,15384
9d008f90:	8d090008 	lw	t1,8(t0)
9d008f94:	10490057 	beq	v0,t1,9d0090f4 <free+0x194>
9d008f98:	30c60001 	andi	a2,a2,0x1
9d008f9c:	ac470004 	sw	a3,4(v0)
9d008fa0:	14c0000c 	bnez	a2,9d008fd4 <free+0x74>
9d008fa4:	00004821 	move	t1,zero
9d008fa8:	8c86fff8 	lw	a2,-8(a0)
9d008fac:	00a62823 	subu	a1,a1,a2
9d008fb0:	8ca40008 	lw	a0,8(a1)
9d008fb4:	00661821 	addu	v1,v1,a2
9d008fb8:	3c06a001 	lui	a2,0xa001
9d008fbc:	24c63c20 	addiu	a2,a2,15392
9d008fc0:	50860004 	beql	a0,a2,9d008fd4 <free+0x74>
9d008fc4:	24090001 	li	t1,1
9d008fc8:	8ca6000c 	lw	a2,12(a1)
9d008fcc:	ac86000c 	sw	a2,12(a0)
9d008fd0:	acc40008 	sw	a0,8(a2)
9d008fd4:	00472021 	addu	a0,v0,a3
9d008fd8:	8c840004 	lw	a0,4(a0)
9d008fdc:	30840001 	andi	a0,a0,0x1
9d008fe0:	54800008 	bnezl	a0,9d009004 <free+0xa4>
9d008fe4:	34640001 	ori	a0,v1,0x1
9d008fe8:	00671821 	addu	v1,v1,a3
9d008fec:	11200026 	beqz	t1,9d009088 <free+0x128>
9d008ff0:	8c440008 	lw	a0,8(v0)
9d008ff4:	8c42000c 	lw	v0,12(v0)
9d008ff8:	ac82000c 	sw	v0,12(a0)
9d008ffc:	ac440008 	sw	a0,8(v0)
9d009000:	34640001 	ori	a0,v1,0x1
9d009004:	00a31021 	addu	v0,a1,v1
9d009008:	aca40004 	sw	a0,4(a1)
9d00900c:	15200049 	bnez	t1,9d009134 <free+0x1d4>
9d009010:	ac430000 	sw	v1,0(v0)
9d009014:	2c620200 	sltiu	v0,v1,512
9d009018:	54400028 	bnezl	v0,9d0090bc <free+0x15c>
9d00901c:	000318c2 	srl	v1,v1,0x3
9d009020:	00031242 	srl	v0,v1,0x9
9d009024:	2c440005 	sltiu	a0,v0,5
9d009028:	1080004c 	beqz	a0,9d00915c <free+0x1fc>
9d00902c:	2c440015 	sltiu	a0,v0,21
9d009030:	00032182 	srl	a0,v1,0x6
9d009034:	24840038 	addiu	a0,a0,56
9d009038:	00043040 	sll	a2,a0,0x1
9d00903c:	00063080 	sll	a2,a2,0x2
9d009040:	01063021 	addu	a2,t0,a2
9d009044:	8cc20008 	lw	v0,8(a2)
9d009048:	50460049 	beql	v0,a2,9d009170 <free+0x210>
9d00904c:	8d030004 	lw	v1,4(t0)
9d009050:	8c440004 	lw	a0,4(v0)
9d009054:	7c040804 	ins	a0,zero,0x0,0x2
9d009058:	0064202b 	sltu	a0,v1,a0
9d00905c:	50800005 	beqzl	a0,9d009074 <free+0x114>
9d009060:	8c43000c 	lw	v1,12(v0)
9d009064:	8c420008 	lw	v0,8(v0)
9d009068:	54c2fffa 	bnel	a2,v0,9d009054 <free+0xf4>
9d00906c:	8c440004 	lw	a0,4(v0)
9d009070:	8c43000c 	lw	v1,12(v0)
9d009074:	aca3000c 	sw	v1,12(a1)
9d009078:	aca20008 	sw	v0,8(a1)
9d00907c:	ac650008 	sw	a1,8(v1)
9d009080:	03e00008 	jr	ra
9d009084:	ac45000c 	sw	a1,12(v0)
9d009088:	3c06a001 	lui	a2,0xa001
9d00908c:	24c63c20 	addiu	a2,a2,15392
9d009090:	5486ffd9 	bnel	a0,a2,9d008ff8 <free+0x98>
9d009094:	8c42000c 	lw	v0,12(v0)
9d009098:	34660001 	ori	a2,v1,0x1
9d00909c:	00a31021 	addu	v0,a1,v1
9d0090a0:	ad050014 	sw	a1,20(t0)
9d0090a4:	ad050010 	sw	a1,16(t0)
9d0090a8:	aca4000c 	sw	a0,12(a1)
9d0090ac:	aca40008 	sw	a0,8(a1)
9d0090b0:	aca60004 	sw	a2,4(a1)
9d0090b4:	03e00008 	jr	ra
9d0090b8:	ac430000 	sw	v1,0(v0)
9d0090bc:	000310c0 	sll	v0,v1,0x3
9d0090c0:	01021021 	addu	v0,t0,v0
9d0090c4:	8d060004 	lw	a2,4(t0)
9d0090c8:	8c440008 	lw	a0,8(v0)
9d0090cc:	00031883 	sra	v1,v1,0x2
9d0090d0:	24070001 	li	a3,1
9d0090d4:	00671804 	sllv	v1,a3,v1
9d0090d8:	00661825 	or	v1,v1,a2
9d0090dc:	aca2000c 	sw	v0,12(a1)
9d0090e0:	aca40008 	sw	a0,8(a1)
9d0090e4:	ad030004 	sw	v1,4(t0)
9d0090e8:	ac450008 	sw	a1,8(v0)
9d0090ec:	03e00008 	jr	ra
9d0090f0:	ac85000c 	sw	a1,12(a0)
9d0090f4:	14c00008 	bnez	a2,9d009118 <free+0x1b8>
9d0090f8:	00e33821 	addu	a3,a3,v1
9d0090fc:	8c84fff8 	lw	a0,-8(a0)
9d009100:	00a42823 	subu	a1,a1,a0
9d009104:	8ca2000c 	lw	v0,12(a1)
9d009108:	8ca30008 	lw	v1,8(a1)
9d00910c:	00e43821 	addu	a3,a3,a0
9d009110:	ac62000c 	sw	v0,12(v1)
9d009114:	ac430008 	sw	v1,8(v0)
9d009118:	3c02a001 	lui	v0,0xa001
9d00911c:	8c423c14 	lw	v0,15380(v0)
9d009120:	34e30001 	ori	v1,a3,0x1
9d009124:	aca30004 	sw	v1,4(a1)
9d009128:	00e2382b 	sltu	a3,a3,v0
9d00912c:	10e00003 	beqz	a3,9d00913c <free+0x1dc>
9d009130:	ad050008 	sw	a1,8(t0)
9d009134:	03e00008 	jr	ra
9d009138:	00000000 	nop
9d00913c:	27bdffe8 	addiu	sp,sp,-24
9d009140:	afbf0014 	sw	ra,20(sp)
9d009144:	3c02a001 	lui	v0,0xa001
9d009148:	0f402ae1 	jal	9d00ab84 <malloc_trim>
9d00914c:	8c4441ac 	lw	a0,16812(v0)
9d009150:	8fbf0014 	lw	ra,20(sp)
9d009154:	03e00008 	jr	ra
9d009158:	27bd0018 	addiu	sp,sp,24
9d00915c:	5080000b 	beqzl	a0,9d00918c <free+0x22c>
9d009160:	2c440055 	sltiu	a0,v0,85
9d009164:	2444005b 	addiu	a0,v0,91
9d009168:	0b40240f 	j	9d00903c <free+0xdc>
9d00916c:	00043040 	sll	a2,a0,0x1
9d009170:	00042083 	sra	a0,a0,0x2
9d009174:	24060001 	li	a2,1
9d009178:	00862004 	sllv	a0,a2,a0
9d00917c:	00831825 	or	v1,a0,v1
9d009180:	ad030004 	sw	v1,4(t0)
9d009184:	0b40241d 	j	9d009074 <free+0x114>
9d009188:	00401821 	move	v1,v0
9d00918c:	50800005 	beqzl	a0,9d0091a4 <free+0x244>
9d009190:	2c440155 	sltiu	a0,v0,341
9d009194:	00032302 	srl	a0,v1,0xc
9d009198:	2484006e 	addiu	a0,a0,110
9d00919c:	0b40240f 	j	9d00903c <free+0xdc>
9d0091a0:	00043040 	sll	a2,a0,0x1
9d0091a4:	10800005 	beqz	a0,9d0091bc <free+0x25c>
9d0091a8:	2c420555 	sltiu	v0,v0,1365
9d0091ac:	000323c2 	srl	a0,v1,0xf
9d0091b0:	24840077 	addiu	a0,a0,119
9d0091b4:	0b40240f 	j	9d00903c <free+0xdc>
9d0091b8:	00043040 	sll	a2,a0,0x1
9d0091bc:	50400005 	beqzl	v0,9d0091d4 <free+0x274>
9d0091c0:	240600fc 	li	a2,252
9d0091c4:	00032482 	srl	a0,v1,0x12
9d0091c8:	2484007c 	addiu	a0,a0,124
9d0091cc:	0b40240f 	j	9d00903c <free+0xdc>
9d0091d0:	00043040 	sll	a2,a0,0x1
9d0091d4:	0b40240f 	j	9d00903c <free+0xdc>
9d0091d8:	2404007e 	li	a0,126

Disassembly of section .text.strtol:

9d0091dc <strtol>:
9d0091dc:	80820000 	lb	v0,0(a0)
9d0091e0:	1040008a 	beqz	v0,9d00940c <strtol+0x230>
9d0091e4:	00001821 	move	v1,zero
9d0091e8:	3c089d01 	lui	t0,0x9d01
9d0091ec:	2508aa81 	addiu	t0,t0,-21887
9d0091f0:	01021821 	addu	v1,t0,v0
9d0091f4:	80630000 	lb	v1,0(v1)
9d0091f8:	30630088 	andi	v1,v1,0x88
9d0091fc:	14600007 	bnez	v1,9d00921c <strtol+0x40>
9d009200:	00803821 	move	a3,a0
9d009204:	0b4024df 	j	9d00937c <strtol+0x1a0>
9d009208:	2403002b 	li	v1,43
9d00920c:	80630000 	lb	v1,0(v1)
9d009210:	30630088 	andi	v1,v1,0x88
9d009214:	50600059 	beqzl	v1,9d00937c <strtol+0x1a0>
9d009218:	2403002b 	li	v1,43
9d00921c:	24e70001 	addiu	a3,a3,1
9d009220:	80e20000 	lb	v0,0(a3)
9d009224:	1440fff9 	bnez	v0,9d00920c <strtol+0x30>
9d009228:	01021821 	addu	v1,t0,v0
9d00922c:	00001821 	move	v1,zero
9d009230:	0000c021 	move	t8,zero
9d009234:	14c00042 	bnez	a2,9d009340 <strtol+0x164>
9d009238:	24020010 	li	v0,16
9d00923c:	24020030 	li	v0,48
9d009240:	10620060 	beq	v1,v0,9d0093c4 <strtol+0x1e8>
9d009244:	3c0d0ccc 	lui	t5,0xccc
9d009248:	35adcccc 	ori	t5,t5,0xcccc
9d00924c:	00005821 	move	t3,zero
9d009250:	2406000a 	li	a2,10
9d009254:	24e7ffff 	addiu	a3,a3,-1
9d009258:	00005021 	move	t2,zero
9d00925c:	00001021 	move	v0,zero
9d009260:	3c0c9d01 	lui	t4,0x9d01
9d009264:	258caa81 	addiu	t4,t4,-21887
9d009268:	240f0061 	li	t7,97
9d00926c:	240e0041 	li	t6,65
9d009270:	3c197fff 	lui	t9,0x7fff
9d009274:	3739ffff 	ori	t9,t9,0xffff
9d009278:	10600019 	beqz	v1,9d0092e0 <strtol+0x104>
9d00927c:	24e70001 	addiu	a3,a3,1
9d009280:	006c4021 	addu	t0,v1,t4
9d009284:	91080000 	lbu	t0,0(t0)
9d009288:	31090004 	andi	t1,t0,0x4
9d00928c:	11200023 	beqz	t1,9d00931c <strtol+0x140>
9d009290:	31090003 	andi	t1,t0,0x3
9d009294:	2463ffd0 	addiu	v1,v1,-48
9d009298:	04600011 	bltz	v1,9d0092e0 <strtol+0x104>
9d00929c:	0066402a 	slt	t0,v1,a2
9d0092a0:	1100000f 	beqz	t0,9d0092e0 <strtol+0x104>
9d0092a4:	01a2402a 	slt	t0,t5,v0
9d0092a8:	55000019 	bnezl	t0,9d009310 <strtol+0x134>
9d0092ac:	240a0001 	li	t2,1
9d0092b0:	55400017 	bnezl	t2,9d009310 <strtol+0x134>
9d0092b4:	240a0001 	li	t2,1
9d0092b8:	70461002 	mul	v0,v0,a2
9d0092bc:	03224023 	subu	t0,t9,v0
9d0092c0:	0103402a 	slt	t0,t0,v1
9d0092c4:	55000012 	bnezl	t0,9d009310 <strtol+0x134>
9d0092c8:	240a0001 	li	t2,1
9d0092cc:	00431021 	addu	v0,v0,v1
9d0092d0:	80e30001 	lb	v1,1(a3)
9d0092d4:	240b0001 	li	t3,1
9d0092d8:	1460ffe9 	bnez	v1,9d009280 <strtol+0xa4>
9d0092dc:	24e70001 	addiu	a3,a3,1
9d0092e0:	1300001f 	beqz	t8,9d009360 <strtol+0x184>
9d0092e4:	00000000 	nop
9d0092e8:	11400005 	beqz	t2,9d009300 <strtol+0x124>
9d0092ec:	00021023 	negu	v0,v0
9d0092f0:	24030022 	li	v1,34
9d0092f4:	3c02a000 	lui	v0,0xa000
9d0092f8:	ac43006c 	sw	v1,108(v0)
9d0092fc:	3c028000 	lui	v0,0x8000
9d009300:	10a0000d 	beqz	a1,9d009338 <strtol+0x15c>
9d009304:	008b380a 	movz	a3,a0,t3
9d009308:	03e00008 	jr	ra
9d00930c:	aca70000 	sw	a3,0(a1)
9d009310:	80e30001 	lb	v1,1(a3)
9d009314:	0b4024b6 	j	9d0092d8 <strtol+0xfc>
9d009318:	240b0001 	li	t3,1
9d00931c:	1120fff0 	beqz	t1,9d0092e0 <strtol+0x104>
9d009320:	31080001 	andi	t0,t0,0x1
9d009324:	01c04821 	move	t1,t6
9d009328:	01e8480a 	movz	t1,t7,t0
9d00932c:	00691823 	subu	v1,v1,t1
9d009330:	0b4024a6 	j	9d009298 <strtol+0xbc>
9d009334:	2463000a 	addiu	v1,v1,10
9d009338:	03e00008 	jr	ra
9d00933c:	00000000 	nop
9d009340:	10c2001a 	beq	a2,v0,9d0093ac <strtol+0x1d0>
9d009344:	3c0d7fff 	lui	t5,0x7fff
9d009348:	35adffff 	ori	t5,t5,0xffff
9d00934c:	01a6001a 	div	zero,t5,a2
9d009350:	00c001f4 	teq	a2,zero,0x7
9d009354:	00006812 	mflo	t5
9d009358:	0b402495 	j	9d009254 <strtol+0x78>
9d00935c:	00005821 	move	t3,zero
9d009360:	1140ffe7 	beqz	t2,9d009300 <strtol+0x124>
9d009364:	24030022 	li	v1,34
9d009368:	3c02a000 	lui	v0,0xa000
9d00936c:	ac43006c 	sw	v1,108(v0)
9d009370:	3c027fff 	lui	v0,0x7fff
9d009374:	0b4024c0 	j	9d009300 <strtol+0x124>
9d009378:	3442ffff 	ori	v0,v0,0xffff
9d00937c:	54430006 	bnel	v0,v1,9d009398 <strtol+0x1bc>
9d009380:	2403002d 	li	v1,45
9d009384:	3842002d 	xori	v0,v0,0x2d
9d009388:	80e30001 	lb	v1,1(a3)
9d00938c:	2c580001 	sltiu	t8,v0,1
9d009390:	0b40248d 	j	9d009234 <strtol+0x58>
9d009394:	24e70001 	addiu	a3,a3,1
9d009398:	5043fffb 	beql	v0,v1,9d009388 <strtol+0x1ac>
9d00939c:	3842002d 	xori	v0,v0,0x2d
9d0093a0:	80e30000 	lb	v1,0(a3)
9d0093a4:	0b40248d 	j	9d009234 <strtol+0x58>
9d0093a8:	0000c021 	move	t8,zero
9d0093ac:	24020030 	li	v0,48
9d0093b0:	10620019 	beq	v1,v0,9d009418 <strtol+0x23c>
9d0093b4:	3c0d07ff 	lui	t5,0x7ff
9d0093b8:	35adffff 	ori	t5,t5,0xffff
9d0093bc:	0b402495 	j	9d009254 <strtol+0x78>
9d0093c0:	00005821 	move	t3,zero
9d0093c4:	80e30001 	lb	v1,1(a3)
9d0093c8:	2402ffdf 	li	v0,-33
9d0093cc:	00623024 	and	a2,v1,v0
9d0093d0:	24020058 	li	v0,88
9d0093d4:	50c20007 	beql	a2,v0,9d0093f4 <strtol+0x218>
9d0093d8:	80e30002 	lb	v1,2(a3)
9d0093dc:	24e70001 	addiu	a3,a3,1
9d0093e0:	3c0d0fff 	lui	t5,0xfff
9d0093e4:	35adffff 	ori	t5,t5,0xffff
9d0093e8:	240b0001 	li	t3,1
9d0093ec:	0b402495 	j	9d009254 <strtol+0x78>
9d0093f0:	24060008 	li	a2,8
9d0093f4:	3c0d07ff 	lui	t5,0x7ff
9d0093f8:	35adffff 	ori	t5,t5,0xffff
9d0093fc:	24e70002 	addiu	a3,a3,2
9d009400:	240b0001 	li	t3,1
9d009404:	0b402495 	j	9d009254 <strtol+0x78>
9d009408:	24060010 	li	a2,16
9d00940c:	00803821 	move	a3,a0
9d009410:	0b40248d 	j	9d009234 <strtol+0x58>
9d009414:	0000c021 	move	t8,zero
9d009418:	80e30001 	lb	v1,1(a3)
9d00941c:	2402ffdf 	li	v0,-33
9d009420:	00624024 	and	t0,v1,v0
9d009424:	24020058 	li	v0,88
9d009428:	51020006 	beql	t0,v0,9d009444 <strtol+0x268>
9d00942c:	80e30002 	lb	v1,2(a3)
9d009430:	24e70001 	addiu	a3,a3,1
9d009434:	3c0d07ff 	lui	t5,0x7ff
9d009438:	35adffff 	ori	t5,t5,0xffff
9d00943c:	0b402495 	j	9d009254 <strtol+0x78>
9d009440:	240b0001 	li	t3,1
9d009444:	3c0d07ff 	lui	t5,0x7ff
9d009448:	35adffff 	ori	t5,t5,0xffff
9d00944c:	24e70002 	addiu	a3,a3,2
9d009450:	0b402495 	j	9d009254 <strtol+0x78>
9d009454:	240b0001 	li	t3,1

Disassembly of section .text.fpsubadd:

9d009458 <__subsf3>:
9d009458:	3c018000 00a12826                       ...<&(..

9d009460 <__addsf3>:
9d009460:	00044dc2 312900ff 00055dc2 316b00ff     .M....)1.]....k1
9d009470:	3c078000 00044200 01074025 00055200     ...<.B..%@...R..
9d009480:	01475025 252dffff 2da100fe 10200061     %PG...-%...-a. .
9d009490:	00000000                                ....

9d009494 <Blab1>:
9d009494:	256dffff 	addiu	t5,t3,-1
9d009498:	2da100fe 	sltiu	at,t5,254
9d00949c:	10200077 	beqz	at,9d00967c <BspecB>
9d0094a0:	00000000 	nop

9d0094a4 <Blab2>:
9d0094a4:	012b6023 	subu	t4,t1,t3
9d0094a8:	0580000d 	bltz	t4,9d0094e0 <i1>
9d0094ac:	00000000 	nop
9d0094b0:	29810020 	slti	at,t4,32
9d0094b4:	14200003 	bnez	at,9d0094c4 <i2>
9d0094b8:	00000000 	nop
9d0094bc:	10000015 	b	9d009514 <e1>
9d0094c0:	240a0002 	li	t2,2

9d0094c4 <i2>:
9d0094c4:	000a3025 	or	a2,zero,t2
9d0094c8:	018a5006 	srlv	t2,t2,t4
9d0094cc:	018a6804 	sllv	t5,t2,t4
9d0094d0:	11a60010 	beq	t5,a2,9d009514 <e1>
9d0094d4:	00000000 	nop
9d0094d8:	1000000e 	b	9d009514 <e1>
9d0094dc:	354a0002 	ori	t2,t2,0x2

9d0094e0 <i1>:
9d0094e0:	000b4825 	or	t1,zero,t3
9d0094e4:	000c6023 	negu	t4,t4
9d0094e8:	29810020 	slti	at,t4,32
9d0094ec:	14200003 	bnez	at,9d0094fc <i4>
9d0094f0:	00000000 	nop
9d0094f4:	10000007 	b	9d009514 <e1>
9d0094f8:	24080002 	li	t0,2

9d0094fc <i4>:
9d0094fc:	00083025 	or	a2,zero,t0
9d009500:	01884006 	srlv	t0,t0,t4
9d009504:	01886804 	sllv	t5,t0,t4
9d009508:	11a60002 	beq	t5,a2,9d009514 <e1>
9d00950c:	00000000 	nop
9d009510:	35080002 	ori	t0,t0,0x2

9d009514 <e1>:
9d009514:	00876024 	and	t4,a0,a3
9d009518:	01856826 	xor	t5,t4,a1
9d00951c:	05a00010 	bltz	t5,9d009560 <Bsub1>
9d009520:	00000000 	nop
9d009524:	010a4021 	addu	t0,t0,t2
9d009528:	010a682b 	sltu	t5,t0,t2
9d00952c:	11a00017 	beqz	t5,9d00958c <Bres>
9d009530:	00000000 	nop
9d009534:	310d0001 	andi	t5,t0,0x1
9d009538:	11a00002 	beqz	t5,9d009544 <i7>
9d00953c:	00000000 	nop
9d009540:	35080002 	ori	t0,t0,0x2

9d009544 <i7>:
9d009544:	00084042 	srl	t0,t0,0x1
9d009548:	25290001 	addiu	t1,t1,1
9d00954c:	240100ff 	li	at,255
9d009550:	1521000e 	bne	t1,at,9d00958c <Bres>
9d009554:	00000000 	nop
9d009558:	1000000c 	b	9d00958c <Bres>
9d00955c:	24080000 	li	t0,0

9d009560 <Bsub1>:
9d009560:	010a682b 	sltu	t5,t0,t2
9d009564:	11a00004 	beqz	t5,9d009578 <i9>
9d009568:	010a4023 	subu	t0,t0,t2
9d00956c:	00084023 	negu	t0,t0
9d009570:	10000003 	b	9d009580 <e9>
9d009574:	01876026 	xor	t4,t4,a3

9d009578 <i9>:
9d009578:	11000050 	beqz	t0,9d0096bc <Bzer>
9d00957c:	00000000 	nop

9d009580 <e9>:
9d009580:	71063020 	clz	a2,t0
9d009584:	01264823 	subu	t1,t1,a2
9d009588:	00c84004 	sllv	t0,t0,a2

9d00958c <Bres>:
9d00958c:	1920000e 	blez	t1,9d0095c8 <Bund>
9d009590:	00000000 	nop

9d009594 <Blab12>:
9d009594:	25080080 	addiu	t0,t0,128
9d009598:	2d0d0080 	sltiu	t5,t0,128
9d00959c:	012d4821 	addu	t1,t1,t5
9d0095a0:	00086a02 	srl	t5,t0,0x8
9d0095a4:	31ad0001 	andi	t5,t5,0x1
9d0095a8:	010d4023 	subu	t0,t0,t5
9d0095ac:	00084040 	sll	t0,t0,0x1
9d0095b0:	00084242 	srl	t0,t0,0x9
9d0095b4:	00096dc0 	sll	t5,t1,0x17
9d0095b8:	010d4025 	or	t0,t0,t5
9d0095bc:	010c1025 	or	v0,t0,t4

9d0095c0 <B999>:
9d0095c0:	03e00008 	jr	ra
9d0095c4:	00000000 	nop

9d0095c8 <Bund>:
9d0095c8:	24060001 	li	a2,1
9d0095cc:	00c93023 	subu	a2,a2,t1
9d0095d0:	2cc10020 	sltiu	at,a2,32
9d0095d4:	10200039 	beqz	at,9d0096bc <Bzer>
9d0095d8:	00000000 	nop
9d0095dc:	3c018000 	lui	at,0x8000
9d0095e0:	01014025 	or	t0,t0,at
9d0095e4:	240d0020 	li	t5,32
9d0095e8:	01a66823 	subu	t5,t5,a2
9d0095ec:	01a84804 	sllv	t1,t0,t5
9d0095f0:	11200002 	beqz	t1,9d0095fc <i10>
9d0095f4:	00c84006 	srlv	t0,t0,a2
9d0095f8:	35080001 	ori	t0,t0,0x1

9d0095fc <i10>:
9d0095fc:	24090000 	li	t1,0
9d009600:	250d0080 	addiu	t5,t0,128
9d009604:	05a1ffe3 	bgez	t5,9d009594 <Blab12>
9d009608:	00000000 	nop
9d00960c:	1000ffe1 	b	9d009594 <Blab12>
9d009610:	24090001 	li	t1,1

9d009614 <BspecA>:
9d009614:	1520000e 	bnez	t1,9d009650 <i12>
9d009618:	00000000 	nop
9d00961c:	01084021 	addu	t0,t0,t0
9d009620:	11000005 	beqz	t0,9d009638 <i13>
9d009624:	00000000 	nop
9d009628:	710c6020 	clz	t4,t0
9d00962c:	012c4823 	subu	t1,t1,t4
9d009630:	1000ff98 	b	9d009494 <Blab1>
9d009634:	01884004 	sllv	t0,t0,t4

9d009638 <i13>:
9d009638:	240100ff 	li	at,255
9d00963c:	1161000f 	beq	t3,at,9d00967c <BspecB>
9d009640:	00000000 	nop
9d009644:	3c018000 	lui	at,0x8000
9d009648:	14a10018 	bne	a1,at,9d0096ac <BretB>
9d00964c:	00000000 	nop

9d009650 <i12>:
9d009650:	01086821 	addu	t5,t0,t0
9d009654:	15a0001b 	bnez	t5,9d0096c4 <Bnan>
9d009658:	00000000 	nop
9d00965c:	240100ff 	li	at,255
9d009660:	15610014 	bne	t3,at,9d0096b4 <BretA>
9d009664:	00000000 	nop
9d009668:	00856826 	xor	t5,a0,a1
9d00966c:	05a00015 	bltz	t5,9d0096c4 <Bnan>
9d009670:	00000000 	nop
9d009674:	1000000d 	b	9d0096ac <BretB>
9d009678:	00000000 	nop

9d00967c <BspecB>:
9d00967c:	15600008 	bnez	t3,9d0096a0 <i15>
9d009680:	00000000 	nop
9d009684:	014a5021 	addu	t2,t2,t2
9d009688:	1140000a 	beqz	t2,9d0096b4 <BretA>
9d00968c:	00000000 	nop
9d009690:	714c6020 	clz	t4,t2
9d009694:	016c5823 	subu	t3,t3,t4
9d009698:	1000ff82 	b	9d0094a4 <Blab2>
9d00969c:	018a5004 	sllv	t2,t2,t4

9d0096a0 <i15>:
9d0096a0:	014a6821 	addu	t5,t2,t2
9d0096a4:	15a00007 	bnez	t5,9d0096c4 <Bnan>
9d0096a8:	00000000 	nop

9d0096ac <BretB>:
9d0096ac:	1000ffc4 	b	9d0095c0 <B999>
9d0096b0:	00051025 	or	v0,zero,a1

9d0096b4 <BretA>:
9d0096b4:	1000ffc2 	b	9d0095c0 <B999>
9d0096b8:	00041025 	or	v0,zero,a0

9d0096bc <Bzer>:
9d0096bc:	1000ffc0 	b	9d0095c0 <B999>
9d0096c0:	24020000 	li	v0,0

9d0096c4 <Bnan>:
9d0096c4:	1000ffbe 	b	9d0095c0 <B999>
9d0096c8:	3c02ffc0 	lui	v0,0xffc0
9d0096cc:	00000000 	nop

Disassembly of section .text.fp32div:

9d0096d0 <__divsf3>:
9d0096d0:	3c0b8000 000445c2 310800ff 000555c2     ...<.E.....1.U..
9d0096e0:	314a00ff 00043a00 00eb3825 00054a00     ..J1.:..%8...J..
9d0096f0:	012b4825 00857026 016e5824 250effff     %H+.&p..$Xn....%
9d009700:	2dc100fe 1020003f 00000000              ...-?. .....

9d00970c <Dlab1>:
9d00970c:	254effff 	addiu	t6,t2,-1
9d009710:	2dc100fe 	sltiu	at,t6,254
9d009714:	10200053 	beqz	at,9d009864 <DspecB>
9d009718:	00000000 	nop

9d00971c <Dlab2>:
9d00971c:	00e9082b 	sltu	at,a3,t1
9d009720:	14200003 	bnez	at,9d009730 <i27>
9d009724:	00000000 	nop
9d009728:	00073842 	srl	a3,a3,0x1
9d00972c:	25080001 	addiu	t0,t0,1

9d009730 <i27>:
9d009730:	00096382 	srl	t4,t1,0xe
9d009734:	018001f4 	teq	t4,zero,0x7
9d009738:	00ec001b 	divu	zero,a3,t4
9d00973c:	00002012 	mflo	a0
9d009740:	00003010 	mfhi	a2
9d009744:	312d3fff 	andi	t5,t1,0x3fff
9d009748:	01a40019 	multu	t5,a0
9d00974c:	00002812 	mflo	a1
9d009750:	00063380 	sll	a2,a2,0xe
9d009754:	00c5702b 	sltu	t6,a2,a1
9d009758:	11c00004 	beqz	t6,9d00976c <i28>
9d00975c:	00c53023 	subu	a2,a2,a1
9d009760:	2484ffff 	addiu	a0,a0,-1
9d009764:	00c93021 	addu	a2,a2,t1
9d009768:	00c9702b 	sltu	t6,a2,t1

9d00976c <i28>:
9d00976c:	018001f4 	teq	t4,zero,0x7
9d009770:	00cc001b 	divu	zero,a2,t4
9d009774:	00003812 	mflo	a3
9d009778:	00003010 	mfhi	a2
9d00977c:	01a70019 	multu	t5,a3
9d009780:	00002812 	mflo	a1
9d009784:	00063380 	sll	a2,a2,0xe
9d009788:	00c5702b 	sltu	t6,a2,a1
9d00978c:	11c00004 	beqz	t6,9d0097a0 <i29>
9d009790:	00c53023 	subu	a2,a2,a1
9d009794:	24e7ffff 	addiu	a3,a3,-1
9d009798:	00c93021 	addu	a2,a2,t1
9d00979c:	00c9702b 	sltu	t6,a2,t1

9d0097a0 <i29>:
9d0097a0:	00047380 	sll	t6,a0,0xe
9d0097a4:	00ee3821 	addu	a3,a3,t6
9d0097a8:	10c00002 	beqz	a2,9d0097b4 <i30>
9d0097ac:	00073900 	sll	a3,a3,0x4
9d0097b0:	34e70001 	ori	a3,a3,0x1

9d0097b4 <i30>:
9d0097b4:	240e007e 	li	t6,126
9d0097b8:	01ca7023 	subu	t6,t6,t2
9d0097bc:	010e4021 	addu	t0,t0,t6
9d0097c0:	250effff 	addiu	t6,t0,-1
9d0097c4:	2dc100fe 	sltiu	at,t6,254
9d0097c8:	10200034 	beqz	at,9d00989c <Doveund>
9d0097cc:	00000000 	nop

9d0097d0 <Dlab8>:
9d0097d0:	24e70080 	addiu	a3,a3,128
9d0097d4:	2cee0080 	sltiu	t6,a3,128
9d0097d8:	010e4021 	addu	t0,t0,t6
9d0097dc:	00077202 	srl	t6,a3,0x8
9d0097e0:	31ce0001 	andi	t6,t6,0x1
9d0097e4:	00ee3823 	subu	a3,a3,t6
9d0097e8:	00073840 	sll	a3,a3,0x1
9d0097ec:	00073a42 	srl	a3,a3,0x9
9d0097f0:	000875c0 	sll	t6,t0,0x17
9d0097f4:	00ee3825 	or	a3,a3,t6
9d0097f8:	00eb1025 	or	v0,a3,t3

9d0097fc <D999>:
9d0097fc:	03e00008 	jr	ra
9d009800:	00000000 	nop

9d009804 <DspecA>:
9d009804:	15000008 	bnez	t0,9d009828 <i31>
9d009808:	00000000 	nop
9d00980c:	00e73821 	addu	a3,a3,a3
9d009810:	10e00005 	beqz	a3,9d009828 <i31>
9d009814:	00000000 	nop
9d009818:	70ec6020 	clz	t4,a3
9d00981c:	010c4023 	subu	t0,t0,t4
9d009820:	1000ffba 	b	9d00970c <Dlab1>
9d009824:	01873804 	sllv	a3,a3,t4

9d009828 <i31>:
9d009828:	15480004 	bne	t2,t0,9d00983c <i33>
9d00982c:	00000000 	nop
9d009830:	01297021 	addu	t6,t1,t1
9d009834:	11c0002f 	beqz	t6,9d0098f4 <Dnan>
9d009838:	00000000 	nop

9d00983c <i33>:
9d00983c:	240100ff 	li	at,255
9d009840:	11410008 	beq	t2,at,9d009864 <DspecB>
9d009844:	00000000 	nop
9d009848:	11000012 	beqz	t0,9d009894 <Dzer>
9d00984c:	00000000 	nop
9d009850:	00e77021 	addu	t6,a3,a3
9d009854:	15c00027 	bnez	t6,9d0098f4 <Dnan>
9d009858:	00000000 	nop
9d00985c:	10000022 	b	9d0098e8 <Dinf>
9d009860:	00000000 	nop

9d009864 <DspecB>:
9d009864:	15400008 	bnez	t2,9d009888 <i34>
9d009868:	00000000 	nop
9d00986c:	01294821 	addu	t1,t1,t1
9d009870:	1120001d 	beqz	t1,9d0098e8 <Dinf>
9d009874:	00000000 	nop
9d009878:	712c6020 	clz	t4,t1
9d00987c:	014c5023 	subu	t2,t2,t4
9d009880:	1000ffa6 	b	9d00971c <Dlab2>
9d009884:	01894804 	sllv	t1,t1,t4

9d009888 <i34>:
9d009888:	01297021 	addu	t6,t1,t1
9d00988c:	15c00019 	bnez	t6,9d0098f4 <Dnan>
9d009890:	00000000 	nop

9d009894 <Dzer>:
9d009894:	1000ffd9 	b	9d0097fc <D999>
9d009898:	000b1025 	or	v0,zero,t3

9d00989c <Doveund>:
9d00989c:	1d000012 	bgtz	t0,9d0098e8 <Dinf>
9d0098a0:	00000000 	nop
9d0098a4:	240c0001 	li	t4,1
9d0098a8:	01886023 	subu	t4,t4,t0
9d0098ac:	2d810020 	sltiu	at,t4,32
9d0098b0:	1020fff8 	beqz	at,9d009894 <Dzer>
9d0098b4:	00000000 	nop
9d0098b8:	240e0020 	li	t6,32
9d0098bc:	01cc7023 	subu	t6,t6,t4
9d0098c0:	01c74004 	sllv	t0,a3,t6
9d0098c4:	11000002 	beqz	t0,9d0098d0 <i37>
9d0098c8:	01873806 	srlv	a3,a3,t4
9d0098cc:	34e70002 	ori	a3,a3,0x2

9d0098d0 <i37>:
9d0098d0:	24080000 	li	t0,0
9d0098d4:	24ee0080 	addiu	t6,a3,128
9d0098d8:	05c1ffbd 	bgez	t6,9d0097d0 <Dlab8>
9d0098dc:	00000000 	nop
9d0098e0:	1000ffbb 	b	9d0097d0 <Dlab8>
9d0098e4:	24080001 	li	t0,1

9d0098e8 <Dinf>:
9d0098e8:	3c017f80 	lui	at,0x7f80
9d0098ec:	1000ffc3 	b	9d0097fc <D999>
9d0098f0:	01611025 	or	v0,t3,at

9d0098f4 <Dnan>:
9d0098f4:	1000ffc1 	b	9d0097fc <D999>
9d0098f8:	3c02ffc0 	lui	v0,0xffc0
9d0098fc:	00000000 	nop

Disassembly of section .text:

9d009900 <set_mode>:
#include "NU32.h"  


/* changes the mode to the new mode */
void set_mode(mode new_m) {
	MODE = new_m;
9d009900:	03e00008 	jr	ra
9d009904:	af848078 	sw	a0,-32648(gp)

9d009908 <get_mode>:
}

/* returns our enum telling us what the mode is */
mode get_mode(void){
	return MODE;
}
9d009908:	03e00008 	jr	ra
9d00990c:	8f828078 	lw	v0,-32648(gp)

9d009910 <currentISR_init>:


/* initializing ISR peripherals for current controller */
void currentISR_init(void){
  T2CONbits.TCKPS = 1;            // Timer2 prescaler N=2 (1:2)
9d009910:	3c02bf80 	lui	v0,0xbf80
9d009914:	94440800 	lhu	a0,2048(v0)
9d009918:	24030001 	li	v1,1
9d00991c:	7c643104 	ins	a0,v1,0x4,0x3
9d009920:	a4440800 	sh	a0,2048(v0)
  PR2 = 7999;                    // period = (PR2+1) * N * 12.5 ns = 1/5000 us, 5kHz
9d009924:	24051f3f 	li	a1,7999
9d009928:	3c04bf80 	lui	a0,0xbf80
9d00992c:	ac850820 	sw	a1,2080(a0)
  TMR2 = 0;                       // initial TMR2 count is 0
9d009930:	3c04bf80 	lui	a0,0xbf80
9d009934:	ac800810 	sw	zero,2064(a0)
  T2CONbits.ON = 1;               // turn on Timer3
9d009938:	94440800 	lhu	a0,2048(v0)
9d00993c:	7c647bc4 	ins	a0,v1,0xf,0x1
9d009940:	a4440800 	sh	a0,2048(v0)
  IPC2bits.T2IP = 5;              // step 4: interrupt priority 5
9d009944:	3c02bf88 	lui	v0,0xbf88
9d009948:	8c4410b0 	lw	a0,4272(v0)
9d00994c:	24050005 	li	a1,5
9d009950:	7ca42084 	ins	a0,a1,0x2,0x3
9d009954:	ac4410b0 	sw	a0,4272(v0)
  IPC2bits.T2IS = 0;              // step 4: interrupt priority 1
9d009958:	8c4410b0 	lw	a0,4272(v0)
9d00995c:	7c040804 	ins	a0,zero,0x0,0x2
9d009960:	ac4410b0 	sw	a0,4272(v0)
  IFS0bits.T2IF = 0;              // step 5: clear the int flag
9d009964:	3c02bf88 	lui	v0,0xbf88
9d009968:	8c441030 	lw	a0,4144(v0)
9d00996c:	7c044204 	ins	a0,zero,0x8,0x1
9d009970:	ac441030 	sw	a0,4144(v0)
  IEC0bits.T2IE = 1;              // step 6: enable INT0 by setting IEC0<3>
9d009974:	3c02bf88 	lui	v0,0xbf88
9d009978:	8c441060 	lw	a0,4192(v0)
9d00997c:	7c644204 	ins	a0,v1,0x8,0x1
9d009980:	ac441060 	sw	a0,4192(v0)
9d009984:	03e00008 	jr	ra
9d009988:	00000000 	nop

9d00998c <PWM_init>:
}


/* setting up PWM output */
void PWM_init(void){
  OC1CONbits.OC32 = 0;
9d00998c:	3c02bf80 	lui	v0,0xbf80
9d009990:	94433000 	lhu	v1,12288(v0)
9d009994:	7c032944 	ins	v1,zero,0x5,0x1
9d009998:	a4433000 	sh	v1,12288(v0)
  OC1CONbits.OCTSEL = 1;
9d00999c:	94433000 	lhu	v1,12288(v0)
9d0099a0:	24040001 	li	a0,1
9d0099a4:	7c8318c4 	ins	v1,a0,0x3,0x1
9d0099a8:	a4433000 	sh	v1,12288(v0)
  T3CONbits.TCKPS = 0; // Timer2 prescaler N=1 (1:1)
9d0099ac:	3c03bf80 	lui	v1,0xbf80
9d0099b0:	94650a00 	lhu	a1,2560(v1)
9d0099b4:	7c053104 	ins	a1,zero,0x4,0x3
9d0099b8:	a4650a00 	sh	a1,2560(v1)
  PR3 = 3999;          // period = (PR3+1) * N * 12.5 ns = 1/20000 us, 20 kHz
9d0099bc:	24060f9f 	li	a2,3999
9d0099c0:	3c05bf80 	lui	a1,0xbf80
9d0099c4:	aca60a20 	sw	a2,2592(a1)
  TMR3 = 0;            // initial TMR3 count is 0
9d0099c8:	3c05bf80 	lui	a1,0xbf80
9d0099cc:	aca00a10 	sw	zero,2576(a1)
  OC1CONbits.OCM = 0b110; // PWM mode without fault pin; other OC1CON bits are defaults
9d0099d0:	94453000 	lhu	a1,12288(v0)
9d0099d4:	24060006 	li	a2,6
9d0099d8:	7cc51004 	ins	a1,a2,0x0,0x3
9d0099dc:	a4453000 	sh	a1,12288(v0)
  OC1RS = 1000;           // duty cycle = OC1RS/(PR3+1) = 25%
9d0099e0:	240503e8 	li	a1,1000
9d0099e4:	3c06bf80 	lui	a2,0xbf80
9d0099e8:	acc53020 	sw	a1,12320(a2)
  OC1R = 1000;            // initialize before turning OC1 on; afterward it is read-only
9d0099ec:	3c06bf80 	lui	a2,0xbf80
9d0099f0:	acc53010 	sw	a1,12304(a2)
  T3CONbits.ON = 1;       // turn on Timer3
9d0099f4:	94650a00 	lhu	a1,2560(v1)
9d0099f8:	7c857bc4 	ins	a1,a0,0xf,0x1
9d0099fc:	a4650a00 	sh	a1,2560(v1)
  OC1CONbits.ON = 1;      // turn on OC1
9d009a00:	94433000 	lhu	v1,12288(v0)
9d009a04:	7c837bc4 	ins	v1,a0,0xf,0x1
9d009a08:	a4433000 	sh	v1,12288(v0)
  TRISDbits.TRISD1 = 0;		// make RD1 digital output for motor 
9d009a0c:	3c02bf88 	lui	v0,0xbf88
9d009a10:	944360c0 	lhu	v1,24768(v0)
9d009a14:	7c030844 	ins	v1,zero,0x1,0x1
9d009a18:	a44360c0 	sh	v1,24768(v0)
9d009a1c:	03e00008 	jr	ra
9d009a20:	00000000 	nop

9d009a24 <motor_output_init>:
}

void motor_output_init(void){
	TRISDbits.TRISD1 = 0;		// make RD1 digital output for motor
9d009a24:	3c02bf88 	lui	v0,0xbf88
9d009a28:	944360c0 	lhu	v1,24768(v0)
9d009a2c:	7c030844 	ins	v1,zero,0x1,0x1
9d009a30:	a44360c0 	sh	v1,24768(v0)
	ODCDbits.ODCD1 = 0;				//Set as a buffered output (high or low)
9d009a34:	3c02bf88 	lui	v0,0xbf88
9d009a38:	944360f0 	lhu	v1,24816(v0)
9d009a3c:	7c030844 	ins	v1,zero,0x1,0x1
9d009a40:	a44360f0 	sh	v1,24816(v0)
9d009a44:	03e00008 	jr	ra
9d009a48:	00000000 	nop

9d009a4c <positionISR_init>:
}


/* initializing ISR peripherals for position controller */
void positionISR_init(void){
  T4CONbits.TCKPS = 0b100;            // Timer4 prescaler N=16 (1:16)
9d009a4c:	3c02bf80 	lui	v0,0xbf80
9d009a50:	94430c00 	lhu	v1,3072(v0)
9d009a54:	24040004 	li	a0,4
9d009a58:	7c833104 	ins	v1,a0,0x4,0x3
9d009a5c:	a4430c00 	sh	v1,3072(v0)
  PR4 = 24999;                    // period = (PR3+1) * N * 12.5 ns = 1/200 us, 200Hz
9d009a60:	240461a7 	li	a0,24999
9d009a64:	3c03bf80 	lui	v1,0xbf80
9d009a68:	ac640c20 	sw	a0,3104(v1)
  TMR4 = 0;                       // initial TMR2 count is 0
9d009a6c:	3c03bf80 	lui	v1,0xbf80
9d009a70:	ac600c10 	sw	zero,3088(v1)
  T4CONbits.ON = 1;               // turn on Timer3
9d009a74:	94430c00 	lhu	v1,3072(v0)
9d009a78:	24040001 	li	a0,1
9d009a7c:	7c837bc4 	ins	v1,a0,0xf,0x1
9d009a80:	a4430c00 	sh	v1,3072(v0)
  IPC4bits.T4IP = 6;              // step 4: interrupt priority 6
9d009a84:	3c02bf88 	lui	v0,0xbf88
9d009a88:	8c4310d0 	lw	v1,4304(v0)
9d009a8c:	24050006 	li	a1,6
9d009a90:	7ca32084 	ins	v1,a1,0x2,0x3
9d009a94:	ac4310d0 	sw	v1,4304(v0)
  IPC4bits.T4IS = 0;              // step 4: interrupt priority 1
9d009a98:	8c4310d0 	lw	v1,4304(v0)
9d009a9c:	7c030804 	ins	v1,zero,0x0,0x2
9d009aa0:	ac4310d0 	sw	v1,4304(v0)
  IFS0bits.T4IF = 0;              // step 5: clear the int flag
9d009aa4:	3c02bf88 	lui	v0,0xbf88
9d009aa8:	8c431030 	lw	v1,4144(v0)
9d009aac:	7c038404 	ins	v1,zero,0x10,0x1
9d009ab0:	ac431030 	sw	v1,4144(v0)
  IEC0bits.T4IE = 1;              // step 6: enable INT0 by setting IEC0<3>
9d009ab4:	3c02bf88 	lui	v0,0xbf88
9d009ab8:	8c431060 	lw	v1,4192(v0)
9d009abc:	7c838404 	ins	v1,a0,0x10,0x1
9d009ac0:	ac431060 	sw	v1,4192(v0)
9d009ac4:	03e00008 	jr	ra
9d009ac8:	00000000 	nop

9d009acc <NU32_Startup>:

// Perform startup routines:
//  Make NU32_LED1 and NU32_LED2 pins outputs (NU32_USER is by default an input)
//  Initialize the serial port - UART3 (no interrupt) 
//  Enable interrupts
void NU32_Startup() {
9d009acc:	27bdfff8 	addiu	sp,sp,-8
9d009ad0:	afbf0004 	sw	ra,4(sp)
  // disable interrupts
  __builtin_disable_interrupts();
9d009ad4:	41626000 	di	v0
9d009ad8:	000000c0 	ehb
  // see Chapter 2 "CPU for Devices with M4K Core" of the PIC32 reference manual
  // most of the other bits have prescribed values
  // microchip does not provide a _CP0_SET_CONFIG macro, so we directly use
  // the compiler built-in command _mtc0
  // to disable cache, use 0xa4210582 
  __builtin_mtc0(_CP0_CONFIG, _CP0_CONFIG_SELECT, 0xa4210583); 
9d009adc:	3c02a421 	lui	v0,0xa421
9d009ae0:	24420583 	addiu	v0,v0,1411
9d009ae4:	40828000 	mtc0	v0,c0_config
9d009ae8:	000000c0 	ehb
  
  // set the prefectch cache wait state to 2, as per the
  // electrical characteristics data sheet
  CHECONbits.PFMWS = 0x2;   
9d009aec:	3c02bf88 	lui	v0,0xbf88
9d009af0:	8c434000 	lw	v1,16384(v0)
9d009af4:	24050002 	li	a1,2
9d009af8:	7ca31004 	ins	v1,a1,0x0,0x3
9d009afc:	ac434000 	sw	v1,16384(v0)

  //enable prefetch for cacheable and noncacheable memory
  CHECONbits.PREFEN = 0x3; 
9d009b00:	8c434000 	lw	v1,16384(v0)
9d009b04:	24040003 	li	a0,3
9d009b08:	7c832904 	ins	v1,a0,0x4,0x2
9d009b0c:	ac434000 	sw	v1,16384(v0)

  // 0 data RAM access wait states
  BMXCONbits.BMXWSDRM = 0x0;
9d009b10:	3c02bf88 	lui	v0,0xbf88
9d009b14:	8c432000 	lw	v1,8192(v0)
9d009b18:	7c033184 	ins	v1,zero,0x6,0x1
9d009b1c:	ac432000 	sw	v1,8192(v0)
  
  // enable multi vector interrupts
  INTCONbits.MVEC = 0x1;
9d009b20:	3c02bf88 	lui	v0,0xbf88
9d009b24:	8c461000 	lw	a2,4096(v0)
9d009b28:	24030001 	li	v1,1
9d009b2c:	7c666304 	ins	a2,v1,0xc,0x1
9d009b30:	ac461000 	sw	a2,4096(v0)

  // disable JTAG to get B10, B11, B12 and B13 back
  DDPCONbits.JTAGEN = 0;
9d009b34:	3c02bf81 	lui	v0,0xbf81
9d009b38:	9046f200 	lbu	a2,-3584(v0)
9d009b3c:	7c0618c4 	ins	a2,zero,0x3,0x1
9d009b40:	a046f200 	sb	a2,-3584(v0)

  TRISFCLR = 0x0003;  // Make F0 and F1 outputs (LED1 and LED2)
9d009b44:	3c02bf88 	lui	v0,0xbf88
9d009b48:	ac446144 	sw	a0,24900(v0)
  NU32_LED1 = 1;      // LED1 is off
9d009b4c:	3c02bf88 	lui	v0,0xbf88
9d009b50:	90446160 	lbu	a0,24928(v0)
9d009b54:	7c640004 	ins	a0,v1,0x0,0x1
9d009b58:	a0446160 	sb	a0,24928(v0)
  NU32_LED2 = 0;      // LED2 is on
9d009b5c:	90446160 	lbu	a0,24928(v0)
9d009b60:	7c040844 	ins	a0,zero,0x1,0x1
9d009b64:	a0446160 	sb	a0,24928(v0)

  // turn on UART3 without an interrupt
  U3MODEbits.BRGH = 0; // set baud to NU32_DESIRED_BAUD
9d009b68:	3c02bf80 	lui	v0,0xbf80
9d009b6c:	94446400 	lhu	a0,25600(v0)
9d009b70:	7c0418c4 	ins	a0,zero,0x3,0x1
9d009b74:	a4446400 	sh	a0,25600(v0)
  U3BRG = ((NU32_SYS_FREQ / NU32_DESIRED_BAUD) / 16) - 1;
9d009b78:	24060014 	li	a2,20
9d009b7c:	3c04bf80 	lui	a0,0xbf80
9d009b80:	ac866440 	sw	a2,25664(a0)

  // 8 bit, no parity bit, and 1 stop bit (8N1 setup)
  U3MODEbits.PDSEL = 0;
9d009b84:	94446400 	lhu	a0,25600(v0)
9d009b88:	7c041044 	ins	a0,zero,0x1,0x2
9d009b8c:	a4446400 	sh	a0,25600(v0)
  U3MODEbits.STSEL = 0;
9d009b90:	94446400 	lhu	a0,25600(v0)
9d009b94:	7c040004 	ins	a0,zero,0x0,0x1
9d009b98:	a4446400 	sh	a0,25600(v0)

  // configure TX & RX pins as output & input pins
  U3STAbits.UTXEN = 1;
9d009b9c:	3c04bf80 	lui	a0,0xbf80
9d009ba0:	8c866410 	lw	a2,25616(a0)
9d009ba4:	7c665284 	ins	a2,v1,0xa,0x1
9d009ba8:	ac866410 	sw	a2,25616(a0)
  U3STAbits.URXEN = 1;
9d009bac:	8c866410 	lw	a2,25616(a0)
9d009bb0:	7c666304 	ins	a2,v1,0xc,0x1
9d009bb4:	ac866410 	sw	a2,25616(a0)
  // configure hardware flow control using RTS and CTS
  U3MODEbits.UEN = 2;
9d009bb8:	94446400 	lhu	a0,25600(v0)
9d009bbc:	7ca44a04 	ins	a0,a1,0x8,0x2
9d009bc0:	a4446400 	sh	a0,25600(v0)

  // enable the uart
  U3MODEbits.ON = 1;
9d009bc4:	94446400 	lhu	a0,25600(v0)
9d009bc8:	7c647bc4 	ins	a0,v1,0xf,0x1
9d009bcc:	a4446400 	sh	a0,25600(v0)

  __builtin_enable_interrupts();
9d009bd0:	41626020 	ei	v0
}
9d009bd4:	8fbf0004 	lw	ra,4(sp)
9d009bd8:	03e00008 	jr	ra
9d009bdc:	27bd0008 	addiu	sp,sp,8

9d009be0 <NU32_ReadUART3>:
// Read from UART3
// block other functions until you get a '\r' or '\n'
// send the pointer to your char array and the number of elements in the array
void NU32_ReadUART3(char * message, int maxLength) {
  char data = 0;
  int complete = 0, num_bytes = 0;
9d009be0:	00003021 	move	a2,zero
  // loop until you get a '\r' or '\n'
  while (!complete) {
    if (U3STAbits.URXDA) { // if data is available
9d009be4:	3c03bf80 	lui	v1,0xbf80
      data = U3RXREG;      // read the data
9d009be8:	3c08bf80 	lui	t0,0xbf80
      if ((data == '\n') || (data == '\r')) {
9d009bec:	2407000a 	li	a3,10
9d009bf0:	0b40270c 	j	9d009c30 <NU32_ReadUART3+0x50>
9d009bf4:	2409000d 	li	t1,13
void NU32_ReadUART3(char * message, int maxLength) {
  char data = 0;
  int complete = 0, num_bytes = 0;
  // loop until you get a '\r' or '\n'
  while (!complete) {
    if (U3STAbits.URXDA) { // if data is available
9d009bf8:	8c626410 	lw	v0,25616(v1)
9d009bfc:	30420001 	andi	v0,v0,0x1
9d009c00:	1040fffd 	beqz	v0,9d009bf8 <NU32_ReadUART3+0x18>
9d009c04:	00000000 	nop
      data = U3RXREG;      // read the data
9d009c08:	8d026430 	lw	v0,25648(t0)
9d009c0c:	7c021420 	seb	v0,v0
      if ((data == '\n') || (data == '\r')) {
9d009c10:	5047000e 	beql	v0,a3,9d009c4c <NU32_ReadUART3+0x6c>
9d009c14:	00862021 	addu	a0,a0,a2
9d009c18:	1049000b 	beq	v0,t1,9d009c48 <NU32_ReadUART3+0x68>
9d009c1c:	00865021 	addu	t2,a0,a2
        complete = 1;
      } else {
        message[num_bytes] = data;
9d009c20:	a1420000 	sb	v0,0(t2)
        ++num_bytes;
9d009c24:	24c60001 	addiu	a2,a2,1
        // roll over if the array is too small
        if (num_bytes >= maxLength) {
9d009c28:	00c5102a 	slt	v0,a2,a1
          num_bytes = 0;
9d009c2c:	0002300a 	movz	a2,zero,v0
void NU32_ReadUART3(char * message, int maxLength) {
  char data = 0;
  int complete = 0, num_bytes = 0;
  // loop until you get a '\r' or '\n'
  while (!complete) {
    if (U3STAbits.URXDA) { // if data is available
9d009c30:	8c626410 	lw	v0,25616(v1)
9d009c34:	30420001 	andi	v0,v0,0x1
9d009c38:	1040ffef 	beqz	v0,9d009bf8 <NU32_ReadUART3+0x18>
9d009c3c:	00000000 	nop
9d009c40:	0b402702 	j	9d009c08 <NU32_ReadUART3+0x28>
9d009c44:	00000000 	nop
        }
      }
    }
  }
  // end the string
  message[num_bytes] = '\0';
9d009c48:	00862021 	addu	a0,a0,a2
9d009c4c:	03e00008 	jr	ra
9d009c50:	a0800000 	sb	zero,0(a0)

9d009c54 <NU32_WriteUART3>:
}

// Write a character array using UART3
void NU32_WriteUART3(const char * string) {
  while (*string != '\0') {
9d009c54:	80850000 	lb	a1,0(a0)
9d009c58:	10a0000b 	beqz	a1,9d009c88 <NU32_WriteUART3+0x34>
9d009c5c:	3c03bf80 	lui	v1,0xbf80
    while (U3STAbits.UTXBF) {
      ; // wait until tx buffer isn't full
    }
    U3TXREG = *string;
9d009c60:	3c06bf80 	lui	a2,0xbf80
}

// Write a character array using UART3
void NU32_WriteUART3(const char * string) {
  while (*string != '\0') {
    while (U3STAbits.UTXBF) {
9d009c64:	8c626410 	lw	v0,25616(v1)
9d009c68:	30420200 	andi	v0,v0,0x200
9d009c6c:	1440fffd 	bnez	v0,9d009c64 <NU32_WriteUART3+0x10>
9d009c70:	00000000 	nop
      ; // wait until tx buffer isn't full
    }
    U3TXREG = *string;
9d009c74:	acc56420 	sw	a1,25632(a2)
    ++string;
9d009c78:	24840001 	addiu	a0,a0,1
  message[num_bytes] = '\0';
}

// Write a character array using UART3
void NU32_WriteUART3(const char * string) {
  while (*string != '\0') {
9d009c7c:	80850000 	lb	a1,0(a0)
9d009c80:	14a0fff8 	bnez	a1,9d009c64 <NU32_WriteUART3+0x10>
9d009c84:	00000000 	nop
9d009c88:	03e00008 	jr	ra
9d009c8c:	00000000 	nop

Disassembly of section .text.fp32mul:

9d009c90 <__mulsf3>:
9d009c90:	00043dc2 30e700ff 00054dc2 312900ff     .=.....0.M....)1
9d009ca0:	3c0a8000 00043200 00ca3025 00054200     ...<.2..%0...B..
9d009cb0:	010a4025 00856026 014c5024 24ecffff     %@..&`..$PL....$
9d009cc0:	2d8100fe 10200021 00000000              ...-!. .....

9d009ccc <Clab1>:
9d009ccc:	252cffff 	addiu	t4,t1,-1
9d009cd0:	2d8100fe 	sltiu	at,t4,254
9d009cd4:	10200036 	beqz	at,9d009db0 <CspecB>
9d009cd8:	00000000 	nop

9d009cdc <Clab2>:
9d009cdc:	00c80019 	multu	a2,t0
9d009ce0:	00005812 	mflo	t3
9d009ce4:	11600002 	beqz	t3,9d009cf0 <i17>
9d009ce8:	00003010 	mfhi	a2
9d009cec:	34c60001 	ori	a2,a2,0x1

9d009cf0 <i17>:
9d009cf0:	04c00003 	bltz	a2,9d009d00 <i18>
9d009cf4:	00000000 	nop
9d009cf8:	00063040 	sll	a2,a2,0x1
9d009cfc:	24e7ffff 	addiu	a3,a3,-1

9d009d00 <i18>:
9d009d00:	252cff82 	addiu	t4,t1,-126
9d009d04:	00ec3821 	addu	a3,a3,t4
9d009d08:	24ecffff 	addiu	t4,a3,-1
9d009d0c:	2d8100fe 	sltiu	at,t4,254
9d009d10:	1020003a 	beqz	at,9d009dfc <Coveund>
9d009d14:	00000000 	nop

9d009d18 <Clab8>:
9d009d18:	24c60080 	addiu	a2,a2,128
9d009d1c:	2ccc0080 	sltiu	t4,a2,128
9d009d20:	00ec3821 	addu	a3,a3,t4
9d009d24:	00066202 	srl	t4,a2,0x8
9d009d28:	318c0001 	andi	t4,t4,0x1
9d009d2c:	00cc3023 	subu	a2,a2,t4
9d009d30:	00063040 	sll	a2,a2,0x1
9d009d34:	00063242 	srl	a2,a2,0x9
9d009d38:	000765c0 	sll	t4,a3,0x17
9d009d3c:	00cc3025 	or	a2,a2,t4
9d009d40:	00ca1025 	or	v0,a2,t2

9d009d44 <C999>:
9d009d44:	03e00008 	jr	ra
9d009d48:	00000000 	nop

9d009d4c <CspecA>:
9d009d4c:	14e0000d 	bnez	a3,9d009d84 <i19>
9d009d50:	00000000 	nop
9d009d54:	00c63021 	addu	a2,a2,a2
9d009d58:	10c00005 	beqz	a2,9d009d70 <i20>
9d009d5c:	00000000 	nop
9d009d60:	70cb5820 	clz	t3,a2
9d009d64:	00eb3823 	subu	a3,a3,t3
9d009d68:	1000ffd8 	b	9d009ccc <Clab1>
9d009d6c:	01663004 	sllv	a2,a2,t3

9d009d70 <i20>:
9d009d70:	240100ff 	li	at,255
9d009d74:	1121001f 	beq	t1,at,9d009df4 <Cnan>
9d009d78:	00000000 	nop
9d009d7c:	10000015 	b	9d009dd4 <Czer>
9d009d80:	00000000 	nop

9d009d84 <i19>:
9d009d84:	00c66021 	addu	t4,a2,a2
9d009d88:	1580001a 	bnez	t4,9d009df4 <Cnan>
9d009d8c:	00000000 	nop
9d009d90:	15200004 	bnez	t1,9d009da4 <i21>
9d009d94:	00000000 	nop
9d009d98:	01086021 	addu	t4,t0,t0
9d009d9c:	11800015 	beqz	t4,9d009df4 <Cnan>
9d009da0:	00000000 	nop

9d009da4 <i21>:
9d009da4:	240100ff 	li	at,255
9d009da8:	1521000f 	bne	t1,at,9d009de8 <Cinf>
9d009dac:	00000000 	nop

9d009db0 <CspecB>:
9d009db0:	1520000a 	bnez	t1,9d009ddc <i22>
9d009db4:	00000000 	nop
9d009db8:	01084021 	addu	t0,t0,t0
9d009dbc:	11000005 	beqz	t0,9d009dd4 <Czer>
9d009dc0:	00000000 	nop
9d009dc4:	710b5820 	clz	t3,t0
9d009dc8:	012b4823 	subu	t1,t1,t3
9d009dcc:	1000ffc3 	b	9d009cdc <Clab2>
9d009dd0:	01684004 	sllv	t0,t0,t3

9d009dd4 <Czer>:
9d009dd4:	1000ffdb 	b	9d009d44 <C999>
9d009dd8:	000a1025 	or	v0,zero,t2

9d009ddc <i22>:
9d009ddc:	01086021 	addu	t4,t0,t0
9d009de0:	15800004 	bnez	t4,9d009df4 <Cnan>
9d009de4:	00000000 	nop

9d009de8 <Cinf>:
9d009de8:	3c017f80 	lui	at,0x7f80
9d009dec:	1000ffd5 	b	9d009d44 <C999>
9d009df0:	01411025 	or	v0,t2,at

9d009df4 <Cnan>:
9d009df4:	1000ffd3 	b	9d009d44 <C999>
9d009df8:	3c02ffc0 	lui	v0,0xffc0

9d009dfc <Coveund>:
9d009dfc:	1ce0fffa 	bgtz	a3,9d009de8 <Cinf>
9d009e00:	00000000 	nop
9d009e04:	240b0001 	li	t3,1
9d009e08:	01675823 	subu	t3,t3,a3
9d009e0c:	2d610020 	sltiu	at,t3,32
9d009e10:	1020fff0 	beqz	at,9d009dd4 <Czer>
9d009e14:	00000000 	nop
9d009e18:	240c0020 	li	t4,32
9d009e1c:	018b6023 	subu	t4,t4,t3
9d009e20:	01863804 	sllv	a3,a2,t4
9d009e24:	10e00002 	beqz	a3,9d009e30 <i25>
9d009e28:	01663006 	srlv	a2,a2,t3
9d009e2c:	34c60002 	ori	a2,a2,0x2

9d009e30 <i25>:
9d009e30:	24070000 	li	a3,0
9d009e34:	24cc0080 	addiu	t4,a2,128
9d009e38:	0581ffb7 	bgez	t4,9d009d18 <Clab8>
9d009e3c:	00000000 	nop
9d009e40:	1000ffb5 	b	9d009d18 <Clab8>
9d009e44:	24070001 	li	a3,1
9d009e48:	00000000 	nop

Disassembly of section .text.__ldexp:

9d009e4c <__ldexp>:
9d009e4c:	27bdffe0 	addiu	sp,sp,-32

9d009e50 <.LCFI0>:
9d009e50:	afbf001c 	sw	ra,28(sp)
9d009e54:	afb20018 	sw	s2,24(sp)
9d009e58:	afb10014 	sw	s1,20(sp)
9d009e5c:	afb00010 	sw	s0,16(sp)
9d009e60:	7ca75500 	ext	a3,a1,0x14,0xb
9d009e64:	24e2ffff 	addiu	v0,a3,-1
9d009e68:	7ca89800 	ext	t0,a1,0x0,0x14
9d009e6c:	2c4907fe 	sltiu	t1,v0,2046
9d009e70:	00c08821 	move	s1,a2
9d009e74:	000587c2 	srl	s0,a1,0x1f
9d009e78:	00801021 	move	v0,a0
9d009e7c:	11200041 	beqz	t1,9d009f84 <.LCFI0+0x134>
9d009e80:	01001821 	move	v1,t0
9d009e84:	24e7fc01 	addiu	a3,a3,-1023
9d009e88:	3c040010 	lui	a0,0x10
9d009e8c:	01041825 	or	v1,t0,a0
9d009e90:	00f13821 	addu	a3,a3,s1
9d009e94:	00022f42 	srl	a1,v0,0x1d
9d009e98:	000318c0 	sll	v1,v1,0x3
9d009e9c:	24e403ff 	addiu	a0,a3,1023
9d009ea0:	00a31825 	or	v1,a1,v1
9d009ea4:	18800025 	blez	a0,9d009f3c <.LCFI0+0xec>
9d009ea8:	000210c0 	sll	v0,v0,0x3
9d009eac:	30450007 	andi	a1,v0,0x7
9d009eb0:	14a00015 	bnez	a1,9d009f08 <.LCFI0+0xb8>
9d009eb4:	7c4500c0 	ext	a1,v0,0x3,0x1
9d009eb8:	00033740 	sll	a2,v1,0x1d
9d009ebc:	000210c2 	srl	v0,v0,0x3
9d009ec0:	288507ff 	slti	a1,a0,2047
9d009ec4:	00c21025 	or	v0,a2,v0
9d009ec8:	10a00036 	beqz	a1,9d009fa4 <.LCFI0+0x154>
9d009ecc:	000318c2 	srl	v1,v1,0x3
9d009ed0:	7c650500 	ext	a1,v1,0x14,0x1
9d009ed4:	50a00002 	beqzl	a1,9d009ee0 <.LCFI0+0x90>
9d009ed8:	00002021 	move	a0,zero
9d009edc:	7c639800 	ext	v1,v1,0x0,0x14
9d009ee0:	001082c0 	sll	s0,s0,0xb
9d009ee4:	00902025 	or	a0,a0,s0
9d009ee8:	00042500 	sll	a0,a0,0x14
9d009eec:	00831825 	or	v1,a0,v1
9d009ef0:	8fbf001c 	lw	ra,28(sp)
9d009ef4:	8fb20018 	lw	s2,24(sp)
9d009ef8:	8fb10014 	lw	s1,20(sp)
9d009efc:	8fb00010 	lw	s0,16(sp)
9d009f00:	03e00008 	jr	ra
9d009f04:	27bd0020 	addiu	sp,sp,32
9d009f08:	24a50003 	addiu	a1,a1,3
9d009f0c:	00452821 	addu	a1,v0,a1
9d009f10:	00a2102b 	sltu	v0,a1,v0
9d009f14:	00431821 	addu	v1,v0,v1
9d009f18:	7c660600 	ext	a2,v1,0x18,0x1
9d009f1c:	10c0ffe6 	beqz	a2,9d009eb8 <.LCFI0+0x68>
9d009f20:	00a01021 	move	v0,a1
9d009f24:	00032fc0 	sll	a1,v1,0x1f
9d009f28:	00021042 	srl	v0,v0,0x1
9d009f2c:	00a21025 	or	v0,a1,v0
9d009f30:	00031842 	srl	v1,v1,0x1
9d009f34:	0b4027ae 	j	9d009eb8 <.LCFI0+0x68>
9d009f38:	24840001 	addiu	a0,a0,1
9d009f3c:	2406fc02 	li	a2,-1022
9d009f40:	00c73023 	subu	a2,a2,a3
9d009f44:	28c40038 	slti	a0,a2,56
9d009f48:	5080001b 	beqzl	a0,9d009fb8 <.LCFI0+0x168>
9d009f4c:	00001021 	move	v0,zero
9d009f50:	00062023 	negu	a0,a2
9d009f54:	30850020 	andi	a1,a0,0x20
9d009f58:	14a00003 	bnez	a1,9d009f68 <.LCFI0+0x118>
9d009f5c:	00828804 	sllv	s1,v0,a0
9d009f60:	00832004 	sllv	a0,v1,a0
9d009f64:	00828825 	or	s1,a0,v0
9d009f68:	00402021 	move	a0,v0
9d009f6c:	0f40311a 	jal	9d00c468 <__lshrdi3>
9d009f70:	00602821 	move	a1,v1
9d009f74:	0011882b 	sltu	s1,zero,s1
9d009f78:	02221025 	or	v0,s1,v0
9d009f7c:	0b4027ab 	j	9d009eac <.LCFI0+0x5c>
9d009f80:	24040001 	li	a0,1
9d009f84:	54e00005 	bnezl	a3,9d009f9c <.LCFI0+0x14c>
9d009f88:	00801021 	move	v0,a0
9d009f8c:	01043025 	or	a2,t0,a0
9d009f90:	14c0000c 	bnez	a2,9d009fc4 <.LCFI0+0x174>
9d009f94:	00000000 	nop
9d009f98:	00801021 	move	v0,a0
9d009f9c:	0b4027bc 	j	9d009ef0 <.LCFI0+0xa0>
9d009fa0:	00a01821 	move	v1,a1
9d009fa4:	00101ac0 	sll	v1,s0,0xb
9d009fa8:	346307ff 	ori	v1,v1,0x7ff
9d009fac:	00031d00 	sll	v1,v1,0x14
9d009fb0:	0b4027bc 	j	9d009ef0 <.LCFI0+0xa0>
9d009fb4:	00001021 	move	v0,zero
9d009fb8:	00001821 	move	v1,zero
9d009fbc:	0b4027b8 	j	9d009ee0 <.LCFI0+0x90>
9d009fc0:	00002021 	move	a0,zero
9d009fc4:	15000003 	bnez	t0,9d009fd4 <.LCFI0+0x184>
9d009fc8:	71129020 	clz	s2,t0
9d009fcc:	70929020 	clz	s2,a0
9d009fd0:	26520020 	addiu	s2,s2,32
9d009fd4:	2646fff5 	addiu	a2,s2,-11
9d009fd8:	10c0ffad 	beqz	a2,9d009e90 <.LCFI0+0x40>
9d009fdc:	2407fc02 	li	a3,-1022
9d009fe0:	0f40312a 	jal	9d00c4a8 <__ashldi3>
9d009fe4:	01002821 	move	a1,t0
9d009fe8:	2407fc0d 	li	a3,-1011
9d009fec:	0b4027a4 	j	9d009e90 <.LCFI0+0x40>
9d009ff0:	00f23823 	subu	a3,a3,s2

Disassembly of section .text:

9d009ff4 <adc_init>:



/* Initialize ADC pin 0 */
void adc_init(void){
  AD1CON1bits.SSRC = 0b111;       //        conversion starts when sampling ends
9d009ff4:	3c02bf81 	lui	v0,0xbf81
9d009ff8:	94439000 	lhu	v1,-28672(v0)
9d009ffc:	24040007 	li	a0,7
9d00a000:	7c833944 	ins	v1,a0,0x5,0x3
9d00a004:	a4439000 	sh	v1,-28672(v0)
  AD1CON1bits.ASAM = 0;           //        manual sampling
9d00a008:	94439000 	lhu	v1,-28672(v0)
9d00a00c:	7c031084 	ins	v1,zero,0x2,0x1
9d00a010:	a4439000 	sh	v1,-28672(v0)
  AD1PCFGbits.PCFG0 = 0;                 // AN0 is an adc pin
9d00a014:	3c03bf81 	lui	v1,0xbf81
9d00a018:	94649060 	lhu	a0,-28576(v1)
9d00a01c:	7c040004 	ins	a0,zero,0x0,0x1
9d00a020:	a4649060 	sh	a0,-28576(v1)
  AD1CON3bits.ADCS = 2;                   // ADC clock period is Tad = 2*(ADCS+1)*Tpb =
9d00a024:	3c03bf81 	lui	v1,0xbf81
9d00a028:	24040002 	li	a0,2
9d00a02c:	a0649020 	sb	a0,-28640(v1)
                                          //                           2*3*12.5ns = 75ns
    
  AD1CON3bits.SAMC = 20;           //        sample for 2 Tad
9d00a030:	94649020 	lhu	a0,-28640(v1)
9d00a034:	24050014 	li	a1,20
9d00a038:	7ca46204 	ins	a0,a1,0x8,0x5
9d00a03c:	a4649020 	sh	a0,-28640(v1)
  AD1CON1bits.ADON = 1;                   // turn on A/D converter
9d00a040:	94439000 	lhu	v1,-28672(v0)
9d00a044:	24040001 	li	a0,1
9d00a048:	7c837bc4 	ins	v1,a0,0xf,0x1
9d00a04c:	a4439000 	sh	v1,-28672(v0)
9d00a050:	03e00008 	jr	ra
9d00a054:	00000000 	nop

9d00a058 <adc_sample_convert>:
}


/* Read ADC from Chapter 10 sample code */
unsigned int adc_sample_convert(int pin) { // sample & convert the value on the given 
9d00a058:	27bdfff8 	addiu	sp,sp,-8
9d00a05c:	afbf0004 	sw	ra,4(sp)
                                           // adc pin the pin should be configured as an 
                                           // analog input in AD1PCFG
    unsigned int elapsed = 0, finish_time = 0;
    AD1CHSbits.CH0SA = pin;                // connect chosen pin to MUXA for sampling
9d00a060:	3c02bf81 	lui	v0,0xbf81
9d00a064:	8c439040 	lw	v1,-28608(v0)
9d00a068:	7c839c04 	ins	v1,a0,0x10,0x4
9d00a06c:	ac439040 	sw	v1,-28608(v0)
    AD1CON1bits.SAMP = 1;                  // start sampling
9d00a070:	3c02bf81 	lui	v0,0xbf81
9d00a074:	94439000 	lhu	v1,-28672(v0)
9d00a078:	24040001 	li	a0,1
9d00a07c:	7c830844 	ins	v1,a0,0x1,0x1
9d00a080:	a4439000 	sh	v1,-28672(v0)
    elapsed = _CP0_GET_COUNT();
9d00a084:	40034800 	mfc0	v1,c0_count
    finish_time = elapsed + SAMPLE_TIME;
9d00a088:	2463000a 	addiu	v1,v1,10
    while (_CP0_GET_COUNT() < finish_time) { 
9d00a08c:	40024800 	mfc0	v0,c0_count
9d00a090:	0043102b 	sltu	v0,v0,v1
9d00a094:	1440fffd 	bnez	v0,9d00a08c <adc_sample_convert+0x34>
9d00a098:	3c02bf81 	lui	v0,0xbf81
      ;                                   // sample for more than 250 ns
    }
    AD1CON1bits.SAMP = 0;                 // stop sampling and start converting
9d00a09c:	94439000 	lhu	v1,-28672(v0)
9d00a0a0:	7c030844 	ins	v1,zero,0x1,0x1
9d00a0a4:	a4439000 	sh	v1,-28672(v0)
    while (!AD1CON1bits.DONE) {
9d00a0a8:	00401821 	move	v1,v0
9d00a0ac:	8c629000 	lw	v0,-28672(v1)
9d00a0b0:	30420001 	andi	v0,v0,0x1
9d00a0b4:	1040fffd 	beqz	v0,9d00a0ac <adc_sample_convert+0x54>
9d00a0b8:	3c02bf81 	lui	v0,0xbf81
      ;                                   // wait for the conversion process to finish
    }
    return ADC1BUF0;                      // read the buffer with the result
9d00a0bc:	8c429070 	lw	v0,-28560(v0)
}
9d00a0c0:	8fbf0004 	lw	ra,4(sp)
9d00a0c4:	03e00008 	jr	ra
9d00a0c8:	27bd0008 	addiu	sp,sp,8

9d00a0cc <adc_avg>:

unsigned int adc_avg(int pin){
9d00a0cc:	27bdffe0 	addiu	sp,sp,-32
9d00a0d0:	afbf001c 	sw	ra,28(sp)
9d00a0d4:	afb20018 	sw	s2,24(sp)
9d00a0d8:	afb10014 	sw	s1,20(sp)
9d00a0dc:	afb00010 	sw	s0,16(sp)
9d00a0e0:	00809021 	move	s2,a0
9d00a0e4:	24100007 	li	s0,7
	unsigned int sum = 0;
9d00a0e8:	00008821 	move	s1,zero
	int i;
	for(i = 0; i < 7; i++){
		sum += adc_sample_convert(pin);
9d00a0ec:	0f402816 	jal	9d00a058 <adc_sample_convert>
9d00a0f0:	02402021 	move	a0,s2

9d00a0f4 <.LVL10>:
9d00a0f4:	2610ffff 	addiu	s0,s0,-1
}

unsigned int adc_avg(int pin){
	unsigned int sum = 0;
	int i;
	for(i = 0; i < 7; i++){
9d00a0f8:	1600fffc 	bnez	s0,9d00a0ec <adc_avg+0x20>
9d00a0fc:	02228821 	addu	s1,s1,v0
		sum += adc_sample_convert(pin);
	}
	return (sum / 7);
9d00a100:	3c022492 	lui	v0,0x2492
9d00a104:	24424925 	addiu	v0,v0,18725
9d00a108:	02220019 	multu	s1,v0
9d00a10c:	00001010 	mfhi	v0
9d00a110:	02228823 	subu	s1,s1,v0
9d00a114:	00118842 	srl	s1,s1,0x1
9d00a118:	00511021 	addu	v0,v0,s1
}
9d00a11c:	00021082 	srl	v0,v0,0x2
9d00a120:	8fbf001c 	lw	ra,28(sp)
9d00a124:	8fb20018 	lw	s2,24(sp)
9d00a128:	8fb10014 	lw	s1,20(sp)
9d00a12c:	8fb00010 	lw	s0,16(sp)
9d00a130:	03e00008 	jr	ra
9d00a134:	27bd0020 	addiu	sp,sp,32

9d00a138 <current_read>:


/* Convert ADC count to mA */
unsigned int current_read(int pin){
9d00a138:	27bdffe8 	addiu	sp,sp,-24
9d00a13c:	afbf0014 	sw	ra,20(sp)
    unsigned int current = 0;
    current = (adc_avg(pin) * SLOPE) + INTERCEPT;
9d00a140:	0f402833 	jal	9d00a0cc <adc_avg>
9d00a144:	00000000 	nop

9d00a148 <.LVL17>:
9d00a148:	0f4030f9 	jal	9d00c3e4 <__floatunsidf>
9d00a14c:	00402021 	move	a0,v0
9d00a150:	00402021 	move	a0,v0
9d00a154:	00602821 	move	a1,v1
9d00a158:	3c029d01 	lui	v0,0x9d01
9d00a15c:	8c46c808 	lw	a2,-14328(v0)
9d00a160:	0f402109 	jal	9d008424 <.LFE23>
9d00a164:	8c47c80c 	lw	a3,-14324(v0)
9d00a168:	00402021 	move	a0,v0
9d00a16c:	00602821 	move	a1,v1
9d00a170:	3c029d01 	lui	v0,0x9d01
9d00a174:	8c46c810 	lw	a2,-14320(v0)
9d00a178:	0f401d51 	jal	9d007544 <.LFE1>
9d00a17c:	8c47c814 	lw	a3,-14316(v0)
9d00a180:	00402021 	move	a0,v0
9d00a184:	0f402e46 	jal	9d00b918 <__fixunsdfsi>
9d00a188:	00602821 	move	a1,v1
    return current;
9d00a18c:	8fbf0014 	lw	ra,20(sp)
9d00a190:	03e00008 	jr	ra
9d00a194:	27bd0018 	addiu	sp,sp,24

Disassembly of section .text._sbrk_init:

9d00a198 <_sbrk_init>:
9d00a198:	27bdffd8 	addiu	sp,sp,-40

9d00a19c <.LCFI0>:
9d00a19c:	afbf0024 	sw	ra,36(sp)
9d00a1a0:	afb40020 	sw	s4,32(sp)
9d00a1a4:	afb3001c 	sw	s3,28(sp)
9d00a1a8:	afb20018 	sw	s2,24(sp)
9d00a1ac:	afb10014 	sw	s1,20(sp)
9d00a1b0:	afb00010 	sw	s0,16(sp)
9d00a1b4:	3c10a001 	lui	s0,0xa001
9d00a1b8:	8e0241c8 	lw	v0,16840(s0)
9d00a1bc:	10400009 	beqz	v0,9d00a1e4 <.LCFI0+0x48>
9d00a1c0:	3c12a001 	lui	s2,0xa001
9d00a1c4:	8fbf0024 	lw	ra,36(sp)
9d00a1c8:	8fb40020 	lw	s4,32(sp)
9d00a1cc:	8fb3001c 	lw	s3,28(sp)
9d00a1d0:	8fb20018 	lw	s2,24(sp)
9d00a1d4:	8fb10014 	lw	s1,20(sp)
9d00a1d8:	8fb00010 	lw	s0,16(sp)
9d00a1dc:	03e00008 	jr	ra
9d00a1e0:	27bd0028 	addiu	sp,sp,40
9d00a1e4:	8e4341d0 	lw	v1,16848(s2)
9d00a1e8:	5060003d 	beqzl	v1,9d00a2e0 <.LCFI0+0x144>
9d00a1ec:	3c03a001 	lui	v1,0xa001
9d00a1f0:	3c13a001 	lui	s3,0xa001
9d00a1f4:	8e6241cc 	lw	v0,16844(s3)
9d00a1f8:	5040003b 	beqzl	v0,9d00a2e8 <.LCFI0+0x14c>
9d00a1fc:	3c040000 	lui	a0,0x0
9d00a200:	00038f82 	srl	s1,v1,0x1e
9d00a204:	0002a782 	srl	s4,v0,0x1e
9d00a208:	7c65e000 	ext	a1,v1,0x0,0x1d
9d00a20c:	3a310002 	xori	s1,s1,0x2
9d00a210:	7c44e000 	ext	a0,v0,0x0,0x1d
9d00a214:	3a940002 	xori	s4,s4,0x2
9d00a218:	00b1180a 	movz	v1,a1,s1
9d00a21c:	00608821 	move	s1,v1
9d00a220:	0094100a 	movz	v0,a0,s4
9d00a224:	0f403184 	jal	9d00c610 <_stub_sbd_memlayout>
9d00a228:	0040a021 	move	s4,v0
9d00a22c:	8c430000 	lw	v1,0(v0)
9d00a230:	8c440004 	lw	a0,4(v0)
9d00a234:	0223102b 	sltu	v0,s1,v1
9d00a238:	10400024 	beqz	v0,9d00a2cc <.LCFI0+0x130>
9d00a23c:	00642021 	addu	a0,v1,a0
9d00a240:	3c02a000 	lui	v0,0xa000
9d00a244:	24420070 	addiu	v0,v0,112
9d00a248:	7c42e000 	ext	v0,v0,0x0,0x1d
9d00a24c:	0062102b 	sltu	v0,v1,v0
9d00a250:	1440ffdd 	bnez	v0,9d00a1c8 <.LCFI0+0x2c>
9d00a254:	8fbf0024 	lw	ra,36(sp)
9d00a258:	0283102b 	sltu	v0,s4,v1
9d00a25c:	14400005 	bnez	v0,9d00a274 <.LCFI0+0xd8>
9d00a260:	0064102b 	sltu	v0,v1,a0
9d00a264:	0284102b 	sltu	v0,s4,a0
9d00a268:	54400004 	bnezl	v0,9d00a27c <.LCFI0+0xe0>
9d00a26c:	02802021 	move	a0,s4
9d00a270:	0064102b 	sltu	v0,v1,a0
9d00a274:	1040ffd4 	beqz	v0,9d00a1c8 <.LCFI0+0x2c>
9d00a278:	8fbf0024 	lw	ra,36(sp)
9d00a27c:	3c02a000 	lui	v0,0xa000
9d00a280:	24420070 	addiu	v0,v0,112
9d00a284:	00021742 	srl	v0,v0,0x1d
9d00a288:	24050005 	li	a1,5
9d00a28c:	1445001b 	bne	v0,a1,9d00a2fc <.LCFI0+0x160>
9d00a290:	24050004 	li	a1,4
9d00a294:	3c02a000 	lui	v0,0xa000
9d00a298:	00621825 	or	v1,v1,v0
9d00a29c:	00822025 	or	a0,a0,v0
9d00a2a0:	ae4341d0 	sw	v1,16848(s2)
9d00a2a4:	ae6441cc 	sw	a0,16844(s3)
9d00a2a8:	ae0341c8 	sw	v1,16840(s0)
9d00a2ac:	8fbf0024 	lw	ra,36(sp)
9d00a2b0:	8fb40020 	lw	s4,32(sp)
9d00a2b4:	8fb3001c 	lw	s3,28(sp)
9d00a2b8:	8fb20018 	lw	s2,24(sp)
9d00a2bc:	8fb10014 	lw	s1,20(sp)
9d00a2c0:	8fb00010 	lw	s0,16(sp)
9d00a2c4:	03e00008 	jr	ra
9d00a2c8:	27bd0028 	addiu	sp,sp,40
9d00a2cc:	0224102b 	sltu	v0,s1,a0
9d00a2d0:	1040ffdc 	beqz	v0,9d00a244 <.LCFI0+0xa8>
9d00a2d4:	3c02a000 	lui	v0,0xa000
9d00a2d8:	0b402896 	j	9d00a258 <.LCFI0+0xbc>
9d00a2dc:	02201821 	move	v1,s1
9d00a2e0:	0b40287c 	j	9d00a1f0 <.LCFI0+0x54>
9d00a2e4:	24634200 	addiu	v1,v1,16896
9d00a2e8:	24840000 	addiu	a0,a0,0
9d00a2ec:	3c02a001 	lui	v0,0xa001
9d00a2f0:	24424200 	addiu	v0,v0,16896
9d00a2f4:	0b402880 	j	9d00a200 <.LCFI0+0x64>
9d00a2f8:	00441021 	addu	v0,v0,a0
9d00a2fc:	14450007 	bne	v0,a1,9d00a31c <.LCFI0+0x180>
9d00a300:	3c028000 	lui	v0,0x8000
9d00a304:	00621825 	or	v1,v1,v0
9d00a308:	00821025 	or	v0,a0,v0
9d00a30c:	ae4341d0 	sw	v1,16848(s2)
9d00a310:	ae6241cc 	sw	v0,16844(s3)
9d00a314:	0b4028ab 	j	9d00a2ac <.LCFI0+0x110>
9d00a318:	ae0341c8 	sw	v1,16840(s0)
9d00a31c:	ae4441d0 	sw	a0,16848(s2)
9d00a320:	00801821 	move	v1,a0
9d00a324:	0b4028ab 	j	9d00a2ac <.LCFI0+0x110>
9d00a328:	ae0341c8 	sw	v1,16840(s0)

Disassembly of section .text:

9d00a32c <encoder_command>:
#include "NU32.h" 


static int encoder_command(int read) { // send a command to the encoder chip
                                       // 0 = reset count to 32,768, 1 = return the count
  SPI4BUF = read;                      // send the command
9d00a32c:	3c02bf80 	lui	v0,0xbf80
9d00a330:	ac445c20 	sw	a0,23584(v0)
  while (!SPI4STATbits.SPIRBF) { ; }   // wait for the response
9d00a334:	3c03bf80 	lui	v1,0xbf80
9d00a338:	8c625c10 	lw	v0,23568(v1)
9d00a33c:	30420001 	andi	v0,v0,0x1
9d00a340:	1040fffd 	beqz	v0,9d00a338 <encoder_command+0xc>
9d00a344:	3c02bf80 	lui	v0,0xbf80
  SPI4BUF;                             // garbage was transferred, ignore it
9d00a348:	8c435c20 	lw	v1,23584(v0)
  SPI4BUF = 5;                         // write garbage, but the read will have the data
9d00a34c:	24030005 	li	v1,5
9d00a350:	ac435c20 	sw	v1,23584(v0)
  while (!SPI4STATbits.SPIRBF) { ; }
9d00a354:	3c03bf80 	lui	v1,0xbf80
9d00a358:	8c625c10 	lw	v0,23568(v1)
9d00a35c:	30420001 	andi	v0,v0,0x1
9d00a360:	1040fffd 	beqz	v0,9d00a358 <encoder_command+0x2c>
9d00a364:	3c02bf80 	lui	v0,0xbf80
  return SPI4BUF;
9d00a368:	8c425c20 	lw	v0,23584(v0)
}
9d00a36c:	03e00008 	jr	ra
9d00a370:	00000000 	nop

9d00a374 <encoder_counts>:

int encoder_counts(void) {
9d00a374:	27bdffe8 	addiu	sp,sp,-24
9d00a378:	afbf0014 	sw	ra,20(sp)
  return encoder_command(1);
9d00a37c:	0f4028cb 	jal	9d00a32c <encoder_command>
9d00a380:	24040001 	li	a0,1

9d00a384 <.LVL1>:
}
9d00a384:	8fbf0014 	lw	ra,20(sp)
9d00a388:	03e00008 	jr	ra
9d00a38c:	27bd0018 	addiu	sp,sp,24

9d00a390 <encoder_angle>:

float encoder_angle(void) {
9d00a390:	27bdffe8 	addiu	sp,sp,-24
9d00a394:	afbf0014 	sw	ra,20(sp)
  return (((encoder_counts()-RESET_VAL) % COUNT_PER_REV) * 360/COUNT_PER_REV);
9d00a398:	0f4028dd 	jal	9d00a374 <encoder_counts>
9d00a39c:	00000000 	nop

9d00a3a0 <.LVL2>:
9d00a3a0:	24428000 	addiu	v0,v0,-32768
9d00a3a4:	3c04621b 	lui	a0,0x621b
9d00a3a8:	348497c3 	ori	a0,a0,0x97c3
9d00a3ac:	00440018 	mult	v0,a0
9d00a3b0:	00001810 	mfhi	v1
9d00a3b4:	00031a43 	sra	v1,v1,0x9
9d00a3b8:	00022fc3 	sra	a1,v0,0x1f
9d00a3bc:	00651823 	subu	v1,v1,a1
9d00a3c0:	000328c0 	sll	a1,v1,0x3
9d00a3c4:	00033140 	sll	a2,v1,0x5
9d00a3c8:	00c52823 	subu	a1,a2,a1
9d00a3cc:	000530c0 	sll	a2,a1,0x3
9d00a3d0:	00c52823 	subu	a1,a2,a1
9d00a3d4:	00a31823 	subu	v1,a1,v1
9d00a3d8:	000318c0 	sll	v1,v1,0x3
9d00a3dc:	00431023 	subu	v0,v0,v1
9d00a3e0:	000228c0 	sll	a1,v0,0x3
9d00a3e4:	00021140 	sll	v0,v0,0x5
9d00a3e8:	00451023 	subu	v0,v0,a1
9d00a3ec:	00021900 	sll	v1,v0,0x4
9d00a3f0:	00621023 	subu	v0,v1,v0
9d00a3f4:	00440018 	mult	v0,a0
9d00a3f8:	00002010 	mfhi	a0
9d00a3fc:	00042243 	sra	a0,a0,0x9
9d00a400:	000217c3 	sra	v0,v0,0x1f
9d00a404:	0f403039 	jal	9d00c0e4 <__floatsisf>
9d00a408:	00822023 	subu	a0,a0,v0
}
9d00a40c:	8fbf0014 	lw	ra,20(sp)
9d00a410:	03e00008 	jr	ra
9d00a414:	27bd0018 	addiu	sp,sp,24

9d00a418 <encoder_reset>:

int encoder_reset(void) {
9d00a418:	27bdffe8 	addiu	sp,sp,-24
9d00a41c:	afbf0014 	sw	ra,20(sp)
  return encoder_command(0);
9d00a420:	0f4028cb 	jal	9d00a32c <encoder_command>
9d00a424:	00002021 	move	a0,zero

9d00a428 <.LVL4>:
}
9d00a428:	8fbf0014 	lw	ra,20(sp)
9d00a42c:	03e00008 	jr	ra
9d00a430:	27bd0018 	addiu	sp,sp,24

9d00a434 <encoder_init>:

void encoder_init(void) {
  // SPI initialization for reading from the decoder chip
  SPI4CON = 0;              // stop and reset SPI4
9d00a434:	3c02bf80 	lui	v0,0xbf80
9d00a438:	ac405c00 	sw	zero,23552(v0)
  SPI4BUF;                  // read to clear the rx receive buffer
9d00a43c:	3c02bf80 	lui	v0,0xbf80
9d00a440:	8c425c20 	lw	v0,23584(v0)
  SPI4BRG = 0x4;            // bit rate to 8 MHz, SPI4BRG = 80000000/(2*desired)-1
9d00a444:	24030004 	li	v1,4
9d00a448:	3c02bf80 	lui	v0,0xbf80
9d00a44c:	ac435c30 	sw	v1,23600(v0)
  SPI4STATbits.SPIROV = 0;  // clear the overflow
9d00a450:	3c02bf80 	lui	v0,0xbf80
9d00a454:	8c435c10 	lw	v1,23568(v0)
9d00a458:	7c033184 	ins	v1,zero,0x6,0x1
9d00a45c:	ac435c10 	sw	v1,23568(v0)
  SPI4CONbits.MSTEN = 1;    // master mode
9d00a460:	3c02bf80 	lui	v0,0xbf80
9d00a464:	8c445c00 	lw	a0,23552(v0)
9d00a468:	24030001 	li	v1,1
9d00a46c:	7c642944 	ins	a0,v1,0x5,0x1
9d00a470:	ac445c00 	sw	a0,23552(v0)
  SPI4CONbits.MSSEN = 1;    // slave select enable
9d00a474:	8c445c00 	lw	a0,23552(v0)
9d00a478:	7c64e704 	ins	a0,v1,0x1c,0x1
9d00a47c:	ac445c00 	sw	a0,23552(v0)
  SPI4CONbits.MODE16 = 1;   // 16 bit mode
9d00a480:	8c445c00 	lw	a0,23552(v0)
9d00a484:	7c645284 	ins	a0,v1,0xa,0x1
9d00a488:	ac445c00 	sw	a0,23552(v0)
  SPI4CONbits.MODE32 = 0; 
9d00a48c:	8c445c00 	lw	a0,23552(v0)
9d00a490:	7c045ac4 	ins	a0,zero,0xb,0x1
9d00a494:	ac445c00 	sw	a0,23552(v0)
  SPI4CONbits.SMP = 1;      // sample at the end of the clock
9d00a498:	8c445c00 	lw	a0,23552(v0)
9d00a49c:	7c644a44 	ins	a0,v1,0x9,0x1
9d00a4a0:	ac445c00 	sw	a0,23552(v0)
  SPI4CONbits.ON = 1;       // turn SPI on
9d00a4a4:	8c445c00 	lw	a0,23552(v0)
9d00a4a8:	7c647bc4 	ins	a0,v1,0xf,0x1
9d00a4ac:	ac445c00 	sw	a0,23552(v0)
9d00a4b0:	03e00008 	jr	ra
9d00a4b4:	00000000 	nop

Disassembly of section .text._outcnvrt:

9d00a4b8 <_outcnvrt>:
9d00a4b8:	27bdffd8 	addiu	sp,sp,-40
9d00a4bc:	afbf0024 	sw	ra,36(sp)
9d00a4c0:	afb40020 	sw	s4,32(sp)
9d00a4c4:	afb3001c 	sw	s3,28(sp)
9d00a4c8:	afb20018 	sw	s2,24(sp)
9d00a4cc:	afb10014 	sw	s1,20(sp)
9d00a4d0:	afb00010 	sw	s0,16(sp)
9d00a4d4:	00809821 	move	s3,a0
9d00a4d8:	00a0a021 	move	s4,a1
9d00a4dc:	97a20038 	lhu	v0,56(sp)
9d00a4e0:	30420008 	andi	v0,v0,0x8
9d00a4e4:	00c08021 	move	s0,a2
9d00a4e8:	10400014 	beqz	v0,9d00a53c <_outcnvrt+0x84>
9d00a4ec:	00e08821 	move	s1,a3
9d00a4f0:	00a02021 	move	a0,a1
9d00a4f4:	00c02821 	move	a1,a2
9d00a4f8:	0f402fb9 	jal	9d00bee4 <__sputn>
9d00a4fc:	02603021 	move	a2,s3
9d00a500:	2403ffff 	li	v1,-1
9d00a504:	10430003 	beq	v0,v1,9d00a514 <_outcnvrt+0x5c>
9d00a508:	0211902a 	slt	s2,s0,s1
9d00a50c:	1640001c 	bnez	s2,9d00a580 <_outcnvrt+0xc8>
9d00a510:	02602021 	move	a0,s3
9d00a514:	02201021 	move	v0,s1
9d00a518:	0212100a 	movz	v0,s0,s2
9d00a51c:	8fbf0024 	lw	ra,36(sp)
9d00a520:	8fb40020 	lw	s4,32(sp)
9d00a524:	8fb3001c 	lw	s3,28(sp)
9d00a528:	8fb20018 	lw	s2,24(sp)
9d00a52c:	8fb10014 	lw	s1,20(sp)
9d00a530:	8fb00010 	lw	s0,16(sp)
9d00a534:	03e00008 	jr	ra
9d00a538:	27bd0028 	addiu	sp,sp,40
9d00a53c:	00c7902a 	slt	s2,a2,a3
9d00a540:	1640001d 	bnez	s2,9d00a5b8 <_outcnvrt+0x100>
9d00a544:	00e62823 	subu	a1,a3,a2
9d00a548:	02802021 	move	a0,s4
9d00a54c:	02002821 	move	a1,s0
9d00a550:	0f402fb9 	jal	9d00bee4 <__sputn>
9d00a554:	02603021 	move	a2,s3
9d00a558:	02201021 	move	v0,s1
9d00a55c:	0212100a 	movz	v0,s0,s2
9d00a560:	8fbf0024 	lw	ra,36(sp)
9d00a564:	8fb40020 	lw	s4,32(sp)
9d00a568:	8fb3001c 	lw	s3,28(sp)
9d00a56c:	8fb20018 	lw	s2,24(sp)
9d00a570:	8fb10014 	lw	s1,20(sp)
9d00a574:	8fb00010 	lw	s0,16(sp)
9d00a578:	03e00008 	jr	ra
9d00a57c:	27bd0028 	addiu	sp,sp,40
9d00a580:	02302823 	subu	a1,s1,s0
9d00a584:	3c069d01 	lui	a2,0x9d01
9d00a588:	0f402d62 	jal	9d00b588 <repl>
9d00a58c:	24c6bc64 	addiu	a2,a2,-17308
9d00a590:	02201021 	move	v0,s1
9d00a594:	0212100a 	movz	v0,s0,s2
9d00a598:	8fbf0024 	lw	ra,36(sp)
9d00a59c:	8fb40020 	lw	s4,32(sp)
9d00a5a0:	8fb3001c 	lw	s3,28(sp)
9d00a5a4:	8fb20018 	lw	s2,24(sp)
9d00a5a8:	8fb10014 	lw	s1,20(sp)
9d00a5ac:	8fb00010 	lw	s0,16(sp)
9d00a5b0:	03e00008 	jr	ra
9d00a5b4:	27bd0028 	addiu	sp,sp,40
9d00a5b8:	3c069d01 	lui	a2,0x9d01
9d00a5bc:	0f402d62 	jal	9d00b588 <repl>
9d00a5c0:	24c6bc64 	addiu	a2,a2,-17308
9d00a5c4:	2403ffff 	li	v1,-1
9d00a5c8:	1443ffdf 	bne	v0,v1,9d00a548 <_outcnvrt+0x90>
9d00a5cc:	02201021 	move	v0,s1
9d00a5d0:	0212100a 	movz	v0,s0,s2
9d00a5d4:	8fbf0024 	lw	ra,36(sp)
9d00a5d8:	8fb40020 	lw	s4,32(sp)
9d00a5dc:	8fb3001c 	lw	s3,28(sp)
9d00a5e0:	8fb20018 	lw	s2,24(sp)
9d00a5e4:	8fb10014 	lw	s1,20(sp)
9d00a5e8:	8fb00010 	lw	s0,16(sp)
9d00a5ec:	03e00008 	jr	ra
9d00a5f0:	27bd0028 	addiu	sp,sp,40

Disassembly of section .text.ungetc:

9d00a5f4 <ungetc>:
9d00a5f4:	27bdffe0 	addiu	sp,sp,-32
9d00a5f8:	afbf001c 	sw	ra,28(sp)
9d00a5fc:	afb20018 	sw	s2,24(sp)
9d00a600:	afb10014 	sw	s1,20(sp)
9d00a604:	afb00010 	sw	s0,16(sp)
9d00a608:	2412ffff 	li	s2,-1
9d00a60c:	10920028 	beq	a0,s2,9d00a6b0 <ungetc+0xbc>
9d00a610:	00808821 	move	s1,a0
9d00a614:	00a08021 	move	s0,a1
9d00a618:	8ca20018 	lw	v0,24(a1)
9d00a61c:	00a02021 	move	a0,a1
9d00a620:	8c420010 	lw	v0,16(v0)
9d00a624:	0040f809 	jalr	v0
9d00a628:	24050002 	li	a1,2
9d00a62c:	10400021 	beqz	v0,9d00a6b4 <ungetc+0xc0>
9d00a630:	2402ffff 	li	v0,-1
9d00a634:	8e020000 	lw	v0,0(s0)
9d00a638:	10520037 	beq	v0,s2,9d00a718 <ungetc+0x124>
9d00a63c:	00000000 	nop
9d00a640:	8e02000c 	lw	v0,12(s0)
9d00a644:	50400017 	beqzl	v0,9d00a6a4 <ungetc+0xb0>
9d00a648:	8e030004 	lw	v1,4(s0)
9d00a64c:	8e020004 	lw	v0,4(s0)
9d00a650:	8e030008 	lw	v1,8(s0)
9d00a654:	0062182b 	sltu	v1,v1,v0
9d00a658:	1060001c 	beqz	v1,9d00a6cc <ungetc+0xd8>
9d00a65c:	8e030000 	lw	v1,0(s0)
9d00a660:	2442ffff 	addiu	v0,v0,-1
9d00a664:	ae020004 	sw	v0,4(s0)
9d00a668:	24630001 	addiu	v1,v1,1
9d00a66c:	ae030000 	sw	v1,0(s0)
9d00a670:	90430000 	lbu	v1,0(v0)
9d00a674:	54710001 	bnel	v1,s1,9d00a67c <ungetc+0x88>
9d00a678:	a0510000 	sb	s1,0(v0)
9d00a67c:	96030010 	lhu	v1,16(s0)
9d00a680:	02201021 	move	v0,s1
9d00a684:	7c032944 	ins	v1,zero,0x5,0x1
9d00a688:	a6030010 	sh	v1,16(s0)
9d00a68c:	8fbf001c 	lw	ra,28(sp)
9d00a690:	8fb20018 	lw	s2,24(sp)
9d00a694:	8fb10014 	lw	s1,20(sp)
9d00a698:	8fb00010 	lw	s0,16(sp)
9d00a69c:	03e00008 	jr	ra
9d00a6a0:	27bd0020 	addiu	sp,sp,32
9d00a6a4:	2402ffff 	li	v0,-1
9d00a6a8:	50620011 	beql	v1,v0,9d00a6f0 <ungetc+0xfc>
9d00a6ac:	96030010 	lhu	v1,16(s0)
9d00a6b0:	2402ffff 	li	v0,-1
9d00a6b4:	8fbf001c 	lw	ra,28(sp)
9d00a6b8:	8fb20018 	lw	s2,24(sp)
9d00a6bc:	8fb10014 	lw	s1,20(sp)
9d00a6c0:	8fb00010 	lw	s0,16(sp)
9d00a6c4:	03e00008 	jr	ra
9d00a6c8:	27bd0020 	addiu	sp,sp,32
9d00a6cc:	5060ffe7 	beqzl	v1,9d00a66c <ungetc+0x78>
9d00a6d0:	24630001 	addiu	v1,v1,1
9d00a6d4:	02201021 	move	v0,s1
9d00a6d8:	8fbf001c 	lw	ra,28(sp)
9d00a6dc:	8fb20018 	lw	s2,24(sp)
9d00a6e0:	8fb10014 	lw	s1,20(sp)
9d00a6e4:	8fb00010 	lw	s0,16(sp)
9d00a6e8:	03e00008 	jr	ra
9d00a6ec:	27bd0020 	addiu	sp,sp,32
9d00a6f0:	ae110004 	sw	s1,4(s0)
9d00a6f4:	02201021 	move	v0,s1
9d00a6f8:	7c032944 	ins	v1,zero,0x5,0x1
9d00a6fc:	a6030010 	sh	v1,16(s0)
9d00a700:	8fbf001c 	lw	ra,28(sp)
9d00a704:	8fb20018 	lw	s2,24(sp)
9d00a708:	8fb10014 	lw	s1,20(sp)
9d00a70c:	8fb00010 	lw	s0,16(sp)
9d00a710:	03e00008 	jr	ra
9d00a714:	27bd0020 	addiu	sp,sp,32
9d00a718:	0f402dd7 	jal	9d00b75c <_i_init>
9d00a71c:	02002021 	move	a0,s0
9d00a720:	0b402991 	j	9d00a644 <ungetc+0x50>
9d00a724:	8e02000c 	lw	v0,12(s0)

Disassembly of section .text.dpcmp:

9d00a728 <__eqdf2>:
9d00a728:	2409fffe 00055040 00075840 01645825     ...$@P..@X..%Xd.
9d00a738:	01665825 014b5025 15400003 00000000     %Xf.%PK...@.....
9d00a748:	1000003c 24020000                       <......$

9d00a750 <i56>:
9d00a750:	10800002 	beqz	a0,9d00a75c <i57>
9d00a754:	00054040 	sll	t0,a1,0x1
9d00a758:	25080001 	addiu	t0,t0,1

9d00a75c <i57>:
9d00a75c:	3c01ffe0 	lui	at,0xffe0
9d00a760:	34210001 	ori	at,at,0x1
9d00a764:	0101082b 	sltu	at,t0,at
9d00a768:	10200037 	beqz	at,9d00a848 <Lnan>
9d00a76c:	00000000 	nop
9d00a770:	10c00002 	beqz	a2,9d00a77c <i58>
9d00a774:	00074040 	sll	t0,a3,0x1
9d00a778:	25080001 	addiu	t0,t0,1

9d00a77c <i58>:
9d00a77c:	3c01ffe0 	lui	at,0xffe0
9d00a780:	34210001 	ori	at,at,0x1
9d00a784:	0101082b 	sltu	at,t0,at
9d00a788:	1020002f 	beqz	at,9d00a848 <Lnan>
9d00a78c:	00000000 	nop
9d00a790:	04a10016 	bgez	a1,9d00a7ec <i59>
9d00a794:	00000000 	nop
9d00a798:	04e00003 	bltz	a3,9d00a7a8 <i60>
9d00a79c:	00000000 	nop
9d00a7a0:	10000026 	b	9d00a83c <L999>
9d00a7a4:	2402ffff 	li	v0,-1

9d00a7a8 <i60>:
9d00a7a8:	0086502b 	sltu	t2,a0,a2
9d00a7ac:	00862023 	subu	a0,a0,a2
9d00a7b0:	00aa582b 	sltu	t3,a1,t2
9d00a7b4:	00aa2823 	subu	a1,a1,t2
9d00a7b8:	00a7502b 	sltu	t2,a1,a3
9d00a7bc:	014b5025 	or	t2,t2,t3
9d00a7c0:	11400003 	beqz	t2,9d00a7d0 <i61>
9d00a7c4:	00a72823 	subu	a1,a1,a3
9d00a7c8:	1000001c 	b	9d00a83c <L999>
9d00a7cc:	24020001 	li	v0,1

9d00a7d0 <i61>:
9d00a7d0:	00a45025 	or	t2,a1,a0
9d00a7d4:	11400003 	beqz	t2,9d00a7e4 <i62>
9d00a7d8:	00000000 	nop
9d00a7dc:	10000017 	b	9d00a83c <L999>
9d00a7e0:	2402ffff 	li	v0,-1

9d00a7e4 <i62>:
9d00a7e4:	10000015 	b	9d00a83c <L999>
9d00a7e8:	24020000 	li	v0,0

9d00a7ec <i59>:
9d00a7ec:	04e10003 	bgez	a3,9d00a7fc <i63>
9d00a7f0:	00000000 	nop
9d00a7f4:	10000011 	b	9d00a83c <L999>
9d00a7f8:	24020001 	li	v0,1

9d00a7fc <i63>:
9d00a7fc:	0086502b 	sltu	t2,a0,a2
9d00a800:	00862023 	subu	a0,a0,a2
9d00a804:	00aa582b 	sltu	t3,a1,t2
9d00a808:	00aa2823 	subu	a1,a1,t2
9d00a80c:	00a7502b 	sltu	t2,a1,a3
9d00a810:	014b5025 	or	t2,t2,t3
9d00a814:	11400003 	beqz	t2,9d00a824 <i64>
9d00a818:	00a72823 	subu	a1,a1,a3
9d00a81c:	10000007 	b	9d00a83c <L999>
9d00a820:	2402ffff 	li	v0,-1

9d00a824 <i64>:
9d00a824:	00a45025 	or	t2,a1,a0
9d00a828:	11400003 	beqz	t2,9d00a838 <i65>
9d00a82c:	00000000 	nop
9d00a830:	10000002 	b	9d00a83c <L999>
9d00a834:	24020001 	li	v0,1

9d00a838 <i65>:
9d00a838:	24020000 	li	v0,0

9d00a83c <L999>:
9d00a83c:	03e00008 	jr	ra
9d00a840:	00000000 	nop
9d00a844:	00000000 	nop

9d00a848 <Lnan>:
9d00a848:	1000fffc 	b	9d00a83c <L999>
9d00a84c:	00091025 	or	v0,zero,t1
9d00a850:	00000000 	nop

Disassembly of section .text.libm:

9d00a854 <dpmodf>:
9d00a854:	00043825 00054025 3c018000 00a15824     %8..%@.....<$X..
9d00a864:	00054840 00094d42 252cffff 2d8107fe     @H..BM....,%...-
9d00a874:	10200037 00000000 240a0433 01495023     7. .....3..$#PI.
9d00a884:	29410035 1020002f 00000000 29410020     5.A)/. ..... .A)
9d00a894:	14200006 00000000 254affe0 24040000     .. .......J%...$
9d00a8a4:	01452806 10000005 01452804              .(E......(E.

9d00a8b0 <i12>:
9d00a8b0:	19400003 	blez	t2,9d00a8c0 <e12>
9d00a8b4:	00000000 	nop
9d00a8b8:	01442006 	srlv	a0,a0,t2
9d00a8bc:	01442004 	sllv	a0,a0,t2

9d00a8c0 <e12>:
9d00a8c0:	01054023 	subu	t0,t0,a1
9d00a8c4:	00e43823 	subu	a3,a3,a0
9d00a8c8:	acc40000 	sw	a0,0(a2)
9d00a8cc:	acc50004 	sw	a1,4(a2)
9d00a8d0:	15000008 	bnez	t0,9d00a8f4 <L16>
9d00a8d4:	2529000b 	addiu	t1,t1,11
9d00a8d8:	14e00003 	bnez	a3,9d00a8e8 <L17>
9d00a8dc:	00000000 	nop
9d00a8e0:	1000000d 	b	9d00a918 <L18>
9d00a8e4:	24090000 	li	t1,0

9d00a8e8 <L17>:
9d00a8e8:	00e04025 	move	t0,a3
9d00a8ec:	24070000 	li	a3,0
9d00a8f0:	2529ffe0 	addiu	t1,t1,-32

9d00a8f4 <L16>:
9d00a8f4:	71042020 	clz	a0,t0
9d00a8f8:	10800007 	beqz	a0,9d00a918 <L18>
9d00a8fc:	00000000 	nop
9d00a900:	01244823 	subu	t1,t1,a0
9d00a904:	00045022 	neg	t2,a0
9d00a908:	01475006 	srlv	t2,a3,t2
9d00a90c:	00873804 	sllv	a3,a3,a0
9d00a910:	00884004 	sllv	t0,t0,a0
9d00a914:	010a4025 	or	t0,t0,t2

9d00a918 <L18>:
9d00a918:	000722c2 	srl	a0,a3,0xb
9d00a91c:	00086540 	sll	t4,t0,0x15
9d00a920:	008c2025 	or	a0,a0,t4
9d00a924:	00082840 	sll	a1,t0,0x1
9d00a928:	00052b02 	srl	a1,a1,0xc
9d00a92c:	00096500 	sll	t4,t1,0x14
9d00a930:	00ac2825 	or	a1,a1,t4
9d00a934:	00ab2825 	or	a1,a1,t3

9d00a938 <Dret2>:
9d00a938:	00041025 	or	v0,zero,a0
9d00a93c:	00051825 	or	v1,zero,a1

9d00a940 <D999>:
9d00a940:	03e00008 	jr	ra
9d00a944:	00000000 	nop

9d00a948 <Dzer>:
9d00a948:	accb0004 	sw	t3,4(a2)
9d00a94c:	1000fffa 	b	9d00a938 <Dret2>
9d00a950:	acc00000 	sw	zero,0(a2)

9d00a954 <Dspec>:
9d00a954:	1120fffc 	beqz	t1,9d00a948 <Dzer>
9d00a958:	00000000 	nop
9d00a95c:	3c05fff8 	lui	a1,0xfff8
9d00a960:	24040000 	li	a0,0
9d00a964:	acc40000 	sw	a0,0(a2)
9d00a968:	1000fff3 	b	9d00a938 <Dret2>
9d00a96c:	acc50004 	sw	a1,4(a2)
9d00a970:	00000000 	nop

Disassembly of section .text.putget.2782:

9d00a974 <putget.2782>:
9d00a974:	27bdffe0 	addiu	sp,sp,-32
9d00a978:	afbf001c 	sw	ra,28(sp)
9d00a97c:	afb10018 	sw	s1,24(sp)
9d00a980:	afb00014 	sw	s0,20(sp)
9d00a984:	01e08021 	move	s0,t7
9d00a988:	8de50014 	lw	a1,20(t7)
9d00a98c:	8de20010 	lw	v0,16(t7)
9d00a990:	10a20019 	beq	a1,v0,9d00a9f8 <putget.2782+0x84>
9d00a994:	00808821 	move	s1,a0
9d00a998:	8de20008 	lw	v0,8(t7)
9d00a99c:	24a30001 	addiu	v1,a1,1
9d00a9a0:	00452821 	addu	a1,v0,a1
9d00a9a4:	ae030014 	sw	v1,20(s0)
9d00a9a8:	1220000d 	beqz	s1,9d00a9e0 <putget.2782+0x6c>
9d00a9ac:	a0b10000 	sb	s1,0(a1)
9d00a9b0:	8e020004 	lw	v0,4(s0)
9d00a9b4:	1040000a 	beqz	v0,9d00a9e0 <putget.2782+0x6c>
9d00a9b8:	2411ffff 	li	s1,-1
9d00a9bc:	0f403007 	jal	9d00c01c <gsgetc>
9d00a9c0:	8e040000 	lw	a0,0(s0)
9d00a9c4:	00408821 	move	s1,v0
9d00a9c8:	2402ffff 	li	v0,-1
9d00a9cc:	12220005 	beq	s1,v0,9d00a9e4 <putget.2782+0x70>
9d00a9d0:	02201021 	move	v0,s1
9d00a9d4:	8e020004 	lw	v0,4(s0)
9d00a9d8:	2442ffff 	addiu	v0,v0,-1
9d00a9dc:	ae020004 	sw	v0,4(s0)
9d00a9e0:	02201021 	move	v0,s1
9d00a9e4:	8fbf001c 	lw	ra,28(sp)
9d00a9e8:	8fb10018 	lw	s1,24(sp)
9d00a9ec:	8fb00014 	lw	s0,20(sp)
9d00a9f0:	03e00008 	jr	ra
9d00a9f4:	27bd0020 	addiu	sp,sp,32
9d00a9f8:	8de4000c 	lw	a0,12(t7)
9d00a9fc:	24a50080 	addiu	a1,a1,128
9d00aa00:	10800007 	beqz	a0,9d00aa20 <putget.2782+0xac>
9d00aa04:	ade50010 	sw	a1,16(t7)
9d00aa08:	0f401766 	jal	9d005d98 <realloc>
9d00aa0c:	00000000 	nop
9d00aa10:	ae02000c 	sw	v0,12(s0)
9d00aa14:	8e050014 	lw	a1,20(s0)
9d00aa18:	0b402a67 	j	9d00a99c <putget.2782+0x28>
9d00aa1c:	ae020008 	sw	v0,8(s0)
9d00aa20:	0f401246 	jal	9d004918 <malloc>
9d00aa24:	00a02021 	move	a0,a1
9d00aa28:	8e030008 	lw	v1,8(s0)
9d00aa2c:	ae02000c 	sw	v0,12(s0)
9d00aa30:	24680080 	addiu	t0,v1,128
9d00aa34:	88670003 	lwl	a3,3(v1)
9d00aa38:	88660007 	lwl	a2,7(v1)
9d00aa3c:	8865000b 	lwl	a1,11(v1)
9d00aa40:	8864000f 	lwl	a0,15(v1)
9d00aa44:	98670000 	lwr	a3,0(v1)
9d00aa48:	98660004 	lwr	a2,4(v1)
9d00aa4c:	98650008 	lwr	a1,8(v1)
9d00aa50:	9864000c 	lwr	a0,12(v1)
9d00aa54:	24630010 	addiu	v1,v1,16
9d00aa58:	ac470000 	sw	a3,0(v0)
9d00aa5c:	ac460004 	sw	a2,4(v0)
9d00aa60:	ac450008 	sw	a1,8(v0)
9d00aa64:	ac44000c 	sw	a0,12(v0)
9d00aa68:	1468fff2 	bne	v1,t0,9d00aa34 <putget.2782+0xc0>
9d00aa6c:	24420010 	addiu	v0,v0,16
9d00aa70:	8e02000c 	lw	v0,12(s0)
9d00aa74:	8e050014 	lw	a1,20(s0)
9d00aa78:	0b402a67 	j	9d00a99c <putget.2782+0x28>
9d00aa7c:	ae020008 	sw	v0,8(s0)

Disassembly of section .rodata:

9d00aa80 <_ctype>:
9d00aa80:	20202000 20202020 28282020 20282828     .         ((((( 
9d00aa90:	20202020 20202020 20202020 20202020                     
9d00aaa0:	10108020 10101010 10101010 10101010      ...............
9d00aab0:	04040410 04040404 10040404 10101010     ................
9d00aac0:	41411010 41414141 01010101 01010101     ..AAAAAA........
9d00aad0:	01010101 01010101 01010101 10101010     ................
9d00aae0:	42421010 42424242 02020202 02020202     ..BBBBBB........
9d00aaf0:	02020202 02020202 02020202 10101010     ................
9d00ab00:	00000020 00000000 00000000 00000000      ...............
	...

Disassembly of section .text.malloc_trim:

9d00ab84 <malloc_trim>:
9d00ab84:	27bdffe0 	addiu	sp,sp,-32
9d00ab88:	afbf001c 	sw	ra,28(sp)
9d00ab8c:	afb20018 	sw	s2,24(sp)
9d00ab90:	afb10014 	sw	s1,20(sp)
9d00ab94:	afb00010 	sw	s0,16(sp)
9d00ab98:	0f403240 	jal	9d00c900 <getpagesize>
9d00ab9c:	00809021 	move	s2,a0
9d00aba0:	3c10a001 	lui	s0,0xa001
9d00aba4:	26103c18 	addiu	s0,s0,15384
9d00aba8:	8e030008 	lw	v1,8(s0)
9d00abac:	8c710004 	lw	s1,4(v1)
9d00abb0:	7c110804 	ins	s1,zero,0x0,0x2
9d00abb4:	02322023 	subu	a0,s1,s2
9d00abb8:	2484ffef 	addiu	a0,a0,-17
9d00abbc:	00822021 	addu	a0,a0,v0
9d00abc0:	0082001b 	divu	zero,a0,v0
9d00abc4:	004001f4 	teq	v0,zero,0x7
9d00abc8:	00009012 	mflo	s2
9d00abcc:	2652ffff 	addiu	s2,s2,-1
9d00abd0:	72429002 	mul	s2,s2,v0
9d00abd4:	0242102a 	slt	v0,s2,v0
9d00abd8:	10400008 	beqz	v0,9d00abfc <malloc_trim+0x78>
9d00abdc:	00000000 	nop
9d00abe0:	00001021 	move	v0,zero
9d00abe4:	8fbf001c 	lw	ra,28(sp)
9d00abe8:	8fb20018 	lw	s2,24(sp)
9d00abec:	8fb10014 	lw	s1,20(sp)
9d00abf0:	8fb00010 	lw	s0,16(sp)
9d00abf4:	03e00008 	jr	ra
9d00abf8:	27bd0020 	addiu	sp,sp,32
9d00abfc:	0f403066 	jal	9d00c198 <sbrk>
9d00ac00:	00002021 	move	a0,zero
9d00ac04:	8e030008 	lw	v1,8(s0)
9d00ac08:	00711821 	addu	v1,v1,s1
9d00ac0c:	1443fff5 	bne	v0,v1,9d00abe4 <malloc_trim+0x60>
9d00ac10:	00001021 	move	v0,zero
9d00ac14:	0f403066 	jal	9d00c198 <sbrk>
9d00ac18:	00122023 	negu	a0,s2
9d00ac1c:	2403ffff 	li	v1,-1
9d00ac20:	1043000a 	beq	v0,v1,9d00ac4c <malloc_trim+0xc8>
9d00ac24:	3c02a001 	lui	v0,0xa001
9d00ac28:	8c44417c 	lw	a0,16764(v0)
9d00ac2c:	8e030008 	lw	v1,8(s0)
9d00ac30:	02328823 	subu	s1,s1,s2
9d00ac34:	36310001 	ori	s1,s1,0x1
9d00ac38:	00929023 	subu	s2,a0,s2
9d00ac3c:	ac710004 	sw	s1,4(v1)
9d00ac40:	ac52417c 	sw	s2,16764(v0)
9d00ac44:	0b402af9 	j	9d00abe4 <malloc_trim+0x60>
9d00ac48:	24020001 	li	v0,1
9d00ac4c:	0f403066 	jal	9d00c198 <sbrk>
9d00ac50:	00002021 	move	a0,zero
9d00ac54:	8e030008 	lw	v1,8(s0)
9d00ac58:	00432023 	subu	a0,v0,v1
9d00ac5c:	28850010 	slti	a1,a0,16
9d00ac60:	54a0ffe0 	bnezl	a1,9d00abe4 <malloc_trim+0x60>
9d00ac64:	00001021 	move	v0,zero
9d00ac68:	3c05a001 	lui	a1,0xa001
9d00ac6c:	8ca53c10 	lw	a1,15376(a1)
9d00ac70:	34840001 	ori	a0,a0,0x1
9d00ac74:	00451023 	subu	v0,v0,a1
9d00ac78:	3c05a001 	lui	a1,0xa001
9d00ac7c:	aca2417c 	sw	v0,16764(a1)
9d00ac80:	0b402af8 	j	9d00abe0 <malloc_trim+0x5c>
9d00ac84:	ac640004 	sw	a0,4(v1)

Disassembly of section .text.__ldexpf:

9d00ac88 <__ldexpf>:
9d00ac88:	7c863dc0 	ext	a2,a0,0x17,0x8
9d00ac8c:	24c8ffff 	addiu	t0,a2,-1
9d00ac90:	2d0800fe 	sltiu	t0,t0,254
9d00ac94:	00044fc2 	srl	t1,a0,0x1f
9d00ac98:	1100002b 	beqz	t0,9d00ad48 <__ldexpf+0xc0>
9d00ac9c:	7c87b000 	ext	a3,a0,0x0,0x17
9d00aca0:	24c6ff81 	addiu	a2,a2,-127
9d00aca4:	3c020080 	lui	v0,0x80
9d00aca8:	00e21025 	or	v0,a3,v0
9d00acac:	00c53021 	addu	a2,a2,a1
9d00acb0:	24c3007f 	addiu	v1,a2,127
9d00acb4:	18600018 	blez	v1,9d00ad18 <__ldexpf+0x90>
9d00acb8:	000210c0 	sll	v0,v0,0x3
9d00acbc:	30440007 	andi	a0,v0,0x7
9d00acc0:	1480000d 	bnez	a0,9d00acf8 <__ldexpf+0x70>
9d00acc4:	7c4400c0 	ext	a0,v0,0x3,0x1
9d00acc8:	286400ff 	slti	a0,v1,255
9d00accc:	10800024 	beqz	a0,9d00ad60 <__ldexpf+0xd8>
9d00acd0:	000210c2 	srl	v0,v0,0x3
9d00acd4:	7c4405c0 	ext	a0,v0,0x17,0x1
9d00acd8:	50800002 	beqzl	a0,9d00ace4 <__ldexpf+0x5c>
9d00acdc:	00001821 	move	v1,zero
9d00ace0:	7c42b000 	ext	v0,v0,0x0,0x17
9d00ace4:	00094a00 	sll	t1,t1,0x8
9d00ace8:	00691825 	or	v1,v1,t1
9d00acec:	00031dc0 	sll	v1,v1,0x17
9d00acf0:	03e00008 	jr	ra
9d00acf4:	00621025 	or	v0,v1,v0
9d00acf8:	24420003 	addiu	v0,v0,3
9d00acfc:	00441021 	addu	v0,v0,a0
9d00ad00:	000226c2 	srl	a0,v0,0x1b
9d00ad04:	1080fff1 	beqz	a0,9d00accc <__ldexpf+0x44>
9d00ad08:	286400ff 	slti	a0,v1,255
9d00ad0c:	00021042 	srl	v0,v0,0x1
9d00ad10:	0b402b32 	j	9d00acc8 <__ldexpf+0x40>
9d00ad14:	24630001 	addiu	v1,v1,1
9d00ad18:	2403ff82 	li	v1,-126
9d00ad1c:	00661823 	subu	v1,v1,a2
9d00ad20:	2864001b 	slti	a0,v1,27
9d00ad24:	50800012 	beqzl	a0,9d00ad70 <__ldexpf+0xe8>
9d00ad28:	00001021 	move	v0,zero
9d00ad2c:	24c4009e 	addiu	a0,a2,158
9d00ad30:	00822004 	sllv	a0,v0,a0
9d00ad34:	00621006 	srlv	v0,v0,v1
9d00ad38:	0004182b 	sltu	v1,zero,a0
9d00ad3c:	00621025 	or	v0,v1,v0
9d00ad40:	0b402b2f 	j	9d00acbc <__ldexpf+0x34>
9d00ad44:	24030001 	li	v1,1
9d00ad48:	14c00003 	bnez	a2,9d00ad58 <__ldexpf+0xd0>
9d00ad4c:	00000000 	nop
9d00ad50:	14e00009 	bnez	a3,9d00ad78 <__ldexpf+0xf0>
9d00ad54:	70e31820 	clz	v1,a3
9d00ad58:	03e00008 	jr	ra
9d00ad5c:	00801021 	move	v0,a0
9d00ad60:	00091200 	sll	v0,t1,0x8
9d00ad64:	344200ff 	ori	v0,v0,0xff
9d00ad68:	03e00008 	jr	ra
9d00ad6c:	000215c0 	sll	v0,v0,0x17
9d00ad70:	0b402b39 	j	9d00ace4 <__ldexpf+0x5c>
9d00ad74:	00001821 	move	v1,zero
9d00ad78:	2462fff8 	addiu	v0,v1,-8
9d00ad7c:	00471004 	sllv	v0,a3,v0
9d00ad80:	2406ff8a 	li	a2,-118
9d00ad84:	0b402b2b 	j	9d00acac <__ldexpf+0x24>
9d00ad88:	00c33023 	subu	a2,a2,v1

Disassembly of section .text._flsbuf_simple:

9d00ad8c <_flsbuf_simple>:
9d00ad8c:	27bdffd8 	addiu	sp,sp,-40
9d00ad90:	afbf0024 	sw	ra,36(sp)
9d00ad94:	afb10020 	sw	s1,32(sp)
9d00ad98:	afb0001c 	sw	s0,28(sp)
9d00ad9c:	00a08021 	move	s0,a1
9d00ada0:	8ca2000c 	lw	v0,12(a1)
9d00ada4:	1040002d 	beqz	v0,9d00ae5c <_flsbuf_simple+0xd0>
9d00ada8:	00808821 	move	s1,a0
9d00adac:	8ca20000 	lw	v0,0(a1)
9d00adb0:	24420001 	addiu	v0,v0,1
9d00adb4:	2403ffff 	li	v1,-1
9d00adb8:	1043001e 	beq	v0,v1,9d00ae34 <_flsbuf_simple+0xa8>
9d00adbc:	aca20000 	sw	v0,0(a1)
9d00adc0:	0f402e8a 	jal	9d00ba28 <_fflush_simple>
9d00adc4:	02002021 	move	a0,s0
9d00adc8:	8e040000 	lw	a0,0(s0)
9d00adcc:	8e020004 	lw	v0,4(s0)
9d00add0:	2484ffff 	addiu	a0,a0,-1
9d00add4:	24430001 	addiu	v1,v0,1
9d00add8:	ae040000 	sw	a0,0(s0)
9d00addc:	ae030004 	sw	v1,4(s0)
9d00ade0:	a0510000 	sb	s1,0(v0)
9d00ade4:	2402000a 	li	v0,10
9d00ade8:	52220007 	beql	s1,v0,9d00ae08 <_flsbuf_simple+0x7c>
9d00adec:	96020010 	lhu	v0,16(s0)
9d00adf0:	02201021 	move	v0,s1
9d00adf4:	8fbf0024 	lw	ra,36(sp)
9d00adf8:	8fb10020 	lw	s1,32(sp)
9d00adfc:	8fb0001c 	lw	s0,28(sp)
9d00ae00:	03e00008 	jr	ra
9d00ae04:	27bd0028 	addiu	sp,sp,40
9d00ae08:	30420008 	andi	v0,v0,0x8
9d00ae0c:	1040fff9 	beqz	v0,9d00adf4 <_flsbuf_simple+0x68>
9d00ae10:	02201021 	move	v0,s1
9d00ae14:	0f402e8a 	jal	9d00ba28 <_fflush_simple>
9d00ae18:	02002021 	move	a0,s0
9d00ae1c:	02201021 	move	v0,s1
9d00ae20:	8fbf0024 	lw	ra,36(sp)
9d00ae24:	8fb10020 	lw	s1,32(sp)
9d00ae28:	8fb0001c 	lw	s0,28(sp)
9d00ae2c:	03e00008 	jr	ra
9d00ae30:	27bd0028 	addiu	sp,sp,40
9d00ae34:	8ca20008 	lw	v0,8(a1)
9d00ae38:	1440ffe1 	bnez	v0,9d00adc0 <_flsbuf_simple+0x34>
9d00ae3c:	00000000 	nop
9d00ae40:	94a20010 	lhu	v0,16(a1)
9d00ae44:	aca00004 	sw	zero,4(a1)
9d00ae48:	aca0000c 	sw	zero,12(a1)
9d00ae4c:	34420010 	ori	v0,v0,0x10
9d00ae50:	aca00000 	sw	zero,0(a1)
9d00ae54:	0b402b70 	j	9d00adc0 <_flsbuf_simple+0x34>
9d00ae58:	a4a20010 	sh	v0,16(a1)
9d00ae5c:	27a40010 	addiu	a0,sp,16
9d00ae60:	24050001 	li	a1,1
9d00ae64:	0f40308d 	jal	9d00c234 <.LFE0>
9d00ae68:	a3b10010 	sb	s1,16(sp)
9d00ae6c:	ae000000 	sw	zero,0(s0)
9d00ae70:	02201021 	move	v0,s1
9d00ae74:	8fbf0024 	lw	ra,36(sp)
9d00ae78:	8fb10020 	lw	s1,32(sp)
9d00ae7c:	8fb0001c 	lw	s0,28(sp)
9d00ae80:	03e00008 	jr	ra
9d00ae84:	27bd0028 	addiu	sp,sp,40

Disassembly of section .text.strchr:

9d00ae88 <strchr>:
9d00ae88:	30820003 	andi	v0,a0,0x3
9d00ae8c:	14400034 	bnez	v0,9d00af60 <strchr+0xd8>
9d00ae90:	30a600ff 	andi	a2,a1,0xff
9d00ae94:	30a500ff 	andi	a1,a1,0xff
9d00ae98:	00054a00 	sll	t1,a1,0x8
9d00ae9c:	8c820000 	lw	v0,0(a0)
9d00aea0:	01252825 	or	a1,t1,a1
9d00aea4:	00054c00 	sll	t1,a1,0x10
9d00aea8:	01254825 	or	t1,t1,a1
9d00aeac:	01221826 	xor	v1,t1,v0
9d00aeb0:	3c05fefe 	lui	a1,0xfefe
9d00aeb4:	34a5feff 	ori	a1,a1,0xfeff
9d00aeb8:	00034027 	nor	t0,zero,v1
9d00aebc:	00651821 	addu	v1,v1,a1
9d00aec0:	00023827 	nor	a3,zero,v0
9d00aec4:	00451021 	addu	v0,v0,a1
9d00aec8:	01031824 	and	v1,t0,v1
9d00aecc:	00e21024 	and	v0,a3,v0
9d00aed0:	00621025 	or	v0,v1,v0
9d00aed4:	3c0a8080 	lui	t2,0x8080
9d00aed8:	354a8080 	ori	t2,t2,0x8080
9d00aedc:	004a1024 	and	v0,v0,t2
9d00aee0:	54400020 	bnezl	v0,9d00af64 <strchr+0xdc>
9d00aee4:	90820000 	lbu	v0,0(a0)
9d00aee8:	24840004 	addiu	a0,a0,4
9d00aeec:	8c820000 	lw	v0,0(a0)
9d00aef0:	01221826 	xor	v1,t1,v0
9d00aef4:	00034027 	nor	t0,zero,v1
9d00aef8:	00651821 	addu	v1,v1,a1
9d00aefc:	00023827 	nor	a3,zero,v0
9d00af00:	00451021 	addu	v0,v0,a1
9d00af04:	01031824 	and	v1,t0,v1
9d00af08:	00e21024 	and	v0,a3,v0
9d00af0c:	00621025 	or	v0,v1,v0
9d00af10:	004a1024 	and	v0,v0,t2
9d00af14:	54400013 	bnezl	v0,9d00af64 <strchr+0xdc>
9d00af18:	90820000 	lbu	v0,0(a0)
9d00af1c:	24840004 	addiu	a0,a0,4
9d00af20:	8c820000 	lw	v0,0(a0)
9d00af24:	01221826 	xor	v1,t1,v0
9d00af28:	00034027 	nor	t0,zero,v1
9d00af2c:	00651821 	addu	v1,v1,a1
9d00af30:	00023827 	nor	a3,zero,v0
9d00af34:	00451021 	addu	v0,v0,a1
9d00af38:	01031824 	and	v1,t0,v1
9d00af3c:	00e21024 	and	v0,a3,v0
9d00af40:	00621025 	or	v0,v1,v0
9d00af44:	004a1024 	and	v0,v0,t2
9d00af48:	5040ffe8 	beqzl	v0,9d00aeec <strchr+0x64>
9d00af4c:	24840004 	addiu	a0,a0,4
9d00af50:	0b402bd9 	j	9d00af64 <strchr+0xdc>
9d00af54:	90820000 	lbu	v0,0(a0)
9d00af58:	10400006 	beqz	v0,9d00af74 <strchr+0xec>
9d00af5c:	24840001 	addiu	a0,a0,1
9d00af60:	90820000 	lbu	v0,0(a0)
9d00af64:	1446fffc 	bne	v0,a2,9d00af58 <strchr+0xd0>
9d00af68:	00000000 	nop
9d00af6c:	03e00008 	jr	ra
9d00af70:	00801021 	move	v0,a0
9d00af74:	03e00008 	jr	ra
9d00af78:	00001021 	move	v0,zero

Disassembly of section .text._mon_getc:

9d00af7c <_mon_getc>:
9d00af7c:	27bdffe8 	addiu	sp,sp,-24

9d00af80 <.LCFI0>:
9d00af80:	afbf0014 	sw	ra,20(sp)
9d00af84:	3c02a000 	lui	v0,0xa000
9d00af88:	8c430008 	lw	v1,8(v0)
9d00af8c:	5460000a 	bnezl	v1,9d00afb8 <.LCFI0+0x38>
9d00af90:	3c04bf80 	lui	a0,0xbf80
9d00af94:	3c020000 	lui	v0,0x0
9d00af98:	24420000 	addiu	v0,v0,0
9d00af9c:	10400024 	beqz	v0,9d00b030 <.LCFI0+0xb0>
9d00afa0:	3c020000 	lui	v0,0x0
9d00afa4:	0c000000 	jal	90000000 <_bmxdudba_address+0x8ffe0000>
9d00afa8:	00000000 	nop
9d00afac:	8fbf0014 	lw	ra,20(sp)
9d00afb0:	03e00008 	jr	ra
9d00afb4:	27bd0018 	addiu	sp,sp,24
9d00afb8:	24846010 	addiu	a0,a0,24592
9d00afbc:	1080fffb 	beqz	a0,9d00afac <.LCFI0+0x2c>
9d00afc0:	2402ffff 	li	v0,-1
9d00afc4:	24020002 	li	v0,2
9d00afc8:	10620020 	beq	v1,v0,9d00b04c <.LCFI0+0xcc>
9d00afcc:	3c02bf80 	lui	v0,0xbf80
9d00afd0:	3c02bf80 	lui	v0,0xbf80
9d00afd4:	8c426000 	lw	v0,24576(v0)
9d00afd8:	3c05bf80 	lui	a1,0xbf80
9d00afdc:	24a56030 	addiu	a1,a1,24624
9d00afe0:	30428000 	andi	v0,v0,0x8000
9d00afe4:	14400003 	bnez	v0,9d00aff4 <.LCFI0+0x74>
9d00afe8:	34038000 	li	v1,0x8000
9d00afec:	3c02bf80 	lui	v0,0xbf80
9d00aff0:	ac436008 	sw	v1,24584(v0)
9d00aff4:	8c820000 	lw	v0,0(a0)
9d00aff8:	30420001 	andi	v0,v0,0x1
9d00affc:	14400009 	bnez	v0,9d00b024 <.LCFI0+0xa4>
9d00b000:	00000000 	nop
9d00b004:	0b402c05 	j	9d00b014 <.LCFI0+0x94>
9d00b008:	240200a0 	li	v0,160
9d00b00c:	10400005 	beqz	v0,9d00b024 <.LCFI0+0xa4>
9d00b010:	00000000 	nop
9d00b014:	8c830000 	lw	v1,0(a0)
9d00b018:	30630001 	andi	v1,v1,0x1
9d00b01c:	1060fffb 	beqz	v1,9d00b00c <.LCFI0+0x8c>
9d00b020:	2442ffff 	addiu	v0,v0,-1
9d00b024:	8ca20000 	lw	v0,0(a1)
9d00b028:	0b402bec 	j	9d00afb0 <.LCFI0+0x30>
9d00b02c:	8fbf0014 	lw	ra,20(sp)
9d00b030:	24420000 	addiu	v0,v0,0
9d00b034:	5040000b 	beqzl	v0,9d00b064 <.LCFI0+0xe4>
9d00b038:	3c04bf80 	lui	a0,0xbf80
9d00b03c:	0c000000 	jal	90000000 <_bmxdudba_address+0x8ffe0000>
9d00b040:	00000000 	nop
9d00b044:	0b402bec 	j	9d00afb0 <.LCFI0+0x30>
9d00b048:	8fbf0014 	lw	ra,20(sp)
9d00b04c:	8c426800 	lw	v0,26624(v0)
9d00b050:	3c05bf80 	lui	a1,0xbf80
9d00b054:	24a56830 	addiu	a1,a1,26672
9d00b058:	3c04bf80 	lui	a0,0xbf80
9d00b05c:	0b402bf8 	j	9d00afe0 <.LCFI0+0x60>
9d00b060:	24846810 	addiu	a0,a0,26640
9d00b064:	0b402bf4 	j	9d00afd0 <.LCFI0+0x50>
9d00b068:	24846010 	addiu	a0,a0,24592

Disassembly of section .text.general_exception:

9d00b06c <_general_exception_context>:
9d00b06c:	27bdffa8 	addiu	sp,sp,-88
9d00b070:	afa10004 	sw	at,4(sp)
9d00b074:	afa20008 	sw	v0,8(sp)
9d00b078:	afa3000c 	sw	v1,12(sp)
9d00b07c:	afa40010 	sw	a0,16(sp)
9d00b080:	afa50014 	sw	a1,20(sp)
9d00b084:	afa60018 	sw	a2,24(sp)
9d00b088:	afa7001c 	sw	a3,28(sp)
9d00b08c:	afa80020 	sw	t0,32(sp)
9d00b090:	afa90024 	sw	t1,36(sp)
9d00b094:	afaa0028 	sw	t2,40(sp)
9d00b098:	afab002c 	sw	t3,44(sp)
9d00b09c:	afac0030 	sw	t4,48(sp)
9d00b0a0:	afad0034 	sw	t5,52(sp)
9d00b0a4:	afae0038 	sw	t6,56(sp)
9d00b0a8:	afaf003c 	sw	t7,60(sp)
9d00b0ac:	afb80040 	sw	t8,64(sp)
9d00b0b0:	afb90044 	sw	t9,68(sp)
9d00b0b4:	afbf0048 	sw	ra,72(sp)
9d00b0b8:	00004012 	mflo	t0
9d00b0bc:	afa8004c 	sw	t0,76(sp)
9d00b0c0:	00004010 	mfhi	t0
9d00b0c4:	afa80050 	sw	t0,80(sp)
9d00b0c8:	3c1a9d01 	lui	k0,0x9d01
9d00b0cc:	275ac2c8 	addiu	k0,k0,-15672
9d00b0d0:	00000000 	nop
9d00b0d4:	40046800 	mfc0	a0,c0_cause
9d00b0d8:	40056000 	mfc0	a1,c0_status
9d00b0dc:	0340f809 	jalr	k0
9d00b0e0:	00000000 	nop
9d00b0e4:	8fa80050 	lw	t0,80(sp)
9d00b0e8:	01000011 	mthi	t0
9d00b0ec:	8fa8004c 	lw	t0,76(sp)
9d00b0f0:	01000013 	mtlo	t0
9d00b0f4:	8fa10004 	lw	at,4(sp)
9d00b0f8:	8fa20008 	lw	v0,8(sp)
9d00b0fc:	8fa3000c 	lw	v1,12(sp)
9d00b100:	8fa40010 	lw	a0,16(sp)
9d00b104:	8fa50014 	lw	a1,20(sp)
9d00b108:	8fa60018 	lw	a2,24(sp)
9d00b10c:	8fa7001c 	lw	a3,28(sp)
9d00b110:	8fa80020 	lw	t0,32(sp)
9d00b114:	8fa90024 	lw	t1,36(sp)
9d00b118:	8faa0028 	lw	t2,40(sp)
9d00b11c:	8fab002c 	lw	t3,44(sp)
9d00b120:	8fac0030 	lw	t4,48(sp)
9d00b124:	8fad0034 	lw	t5,52(sp)
9d00b128:	8fae0038 	lw	t6,56(sp)
9d00b12c:	8faf003c 	lw	t7,60(sp)
9d00b130:	8fb80040 	lw	t8,64(sp)
9d00b134:	8fb90044 	lw	t9,68(sp)
9d00b138:	8fbf0048 	lw	ra,72(sp)
9d00b13c:	27bd0058 	addiu	sp,sp,88
9d00b140:	000000c0 	ehb
9d00b144:	42000018 	eret

Disassembly of section .text._mon_putc:

9d00b148 <_mon_putc>:
9d00b148:	27bdffe8 	addiu	sp,sp,-24

9d00b14c <.LCFI0>:
9d00b14c:	afbf0014 	sw	ra,20(sp)
9d00b150:	3c02a000 	lui	v0,0xa000
9d00b154:	8c420008 	lw	v0,8(v0)
9d00b158:	1440000a 	bnez	v0,9d00b184 <.LCFI0+0x38>
9d00b15c:	00801821 	move	v1,a0
9d00b160:	3c020000 	lui	v0,0x0
9d00b164:	24420000 	addiu	v0,v0,0
9d00b168:	10400020 	beqz	v0,9d00b1ec <.LCFI0+0xa0>
9d00b16c:	3c020000 	lui	v0,0x0
9d00b170:	0c000000 	jal	90000000 <_bmxdudba_address+0x8ffe0000>
9d00b174:	00000000 	nop
9d00b178:	8fbf0014 	lw	ra,20(sp)
9d00b17c:	03e00008 	jr	ra
9d00b180:	27bd0018 	addiu	sp,sp,24
9d00b184:	3c04bf80 	lui	a0,0xbf80
9d00b188:	24846010 	addiu	a0,a0,24592
9d00b18c:	1080fffb 	beqz	a0,9d00b17c <.LCFI0+0x30>
9d00b190:	8fbf0014 	lw	ra,20(sp)
9d00b194:	24050001 	li	a1,1
9d00b198:	1045001b 	beq	v0,a1,9d00b208 <.LCFI0+0xbc>
9d00b19c:	3c02bf80 	lui	v0,0xbf80
9d00b1a0:	3c02bf80 	lui	v0,0xbf80
9d00b1a4:	24426820 	addiu	v0,v0,26656
9d00b1a8:	3c05bf80 	lui	a1,0xbf80
9d00b1ac:	24a56818 	addiu	a1,a1,26648
9d00b1b0:	3c06bf80 	lui	a2,0xbf80
9d00b1b4:	24c66808 	addiu	a2,a2,26632
9d00b1b8:	3c04bf80 	lui	a0,0xbf80
9d00b1bc:	24846810 	addiu	a0,a0,26640
9d00b1c0:	34078000 	li	a3,0x8000
9d00b1c4:	acc70000 	sw	a3,0(a2)
9d00b1c8:	24060400 	li	a2,1024
9d00b1cc:	aca60000 	sw	a2,0(a1)
9d00b1d0:	8c850000 	lw	a1,0(a0)
9d00b1d4:	30a50100 	andi	a1,a1,0x100
9d00b1d8:	10a0fffd 	beqz	a1,9d00b1d0 <.LCFI0+0x84>
9d00b1dc:	00000000 	nop
9d00b1e0:	ac430000 	sw	v1,0(v0)
9d00b1e4:	0b402c5f 	j	9d00b17c <.LCFI0+0x30>
9d00b1e8:	8fbf0014 	lw	ra,20(sp)
9d00b1ec:	24420000 	addiu	v0,v0,0
9d00b1f0:	1040ffec 	beqz	v0,9d00b1a4 <.LCFI0+0x58>
9d00b1f4:	3c02bf80 	lui	v0,0xbf80
9d00b1f8:	0c000000 	jal	90000000 <_bmxdudba_address+0x8ffe0000>
9d00b1fc:	00000000 	nop
9d00b200:	0b402c5f 	j	9d00b17c <.LCFI0+0x30>
9d00b204:	8fbf0014 	lw	ra,20(sp)
9d00b208:	24426020 	addiu	v0,v0,24608
9d00b20c:	3c05bf80 	lui	a1,0xbf80
9d00b210:	24a56018 	addiu	a1,a1,24600
9d00b214:	3c06bf80 	lui	a2,0xbf80
9d00b218:	0b402c70 	j	9d00b1c0 <.LCFI0+0x74>
9d00b21c:	24c66008 	addiu	a2,a2,24584

Disassembly of section .text._sbrk:

9d00b220 <_sbrk>:
9d00b220:	27bdffe0 	addiu	sp,sp,-32

9d00b224 <.LCFI4>:
9d00b224:	afbf001c 	sw	ra,28(sp)
9d00b228:	afb00018 	sw	s0,24(sp)
9d00b22c:	3c10a001 	lui	s0,0xa001
9d00b230:	8e0241c8 	lw	v0,16840(s0)
9d00b234:	10400010 	beqz	v0,9d00b278 <.LCFI4+0x54>
9d00b238:	00000000 	nop
9d00b23c:	1880001b 	blez	a0,9d00b2ac <.LCFI4+0x88>
9d00b240:	00441821 	addu	v1,v0,a0
9d00b244:	0062202b 	sltu	a0,v1,v0
9d00b248:	54800011 	bnezl	a0,9d00b290 <.LCFI4+0x6c>
9d00b24c:	2403000c 	li	v1,12
9d00b250:	3c04a001 	lui	a0,0xa001
9d00b254:	8c8441cc 	lw	a0,16844(a0)
9d00b258:	0083202b 	sltu	a0,a0,v1
9d00b25c:	5480000c 	bnezl	a0,9d00b290 <.LCFI4+0x6c>
9d00b260:	2403000c 	li	v1,12
9d00b264:	ae0341c8 	sw	v1,16840(s0)
9d00b268:	8fbf001c 	lw	ra,28(sp)
9d00b26c:	8fb00018 	lw	s0,24(sp)
9d00b270:	03e00008 	jr	ra
9d00b274:	27bd0020 	addiu	sp,sp,32
9d00b278:	0f402866 	jal	9d00a198 <.LFE10>
9d00b27c:	afa40010 	sw	a0,16(sp)
9d00b280:	8e0241c8 	lw	v0,16840(s0)
9d00b284:	1440ffed 	bnez	v0,9d00b23c <.LCFI4+0x18>
9d00b288:	8fa40010 	lw	a0,16(sp)
9d00b28c:	2403000c 	li	v1,12
9d00b290:	3c02a000 	lui	v0,0xa000
9d00b294:	ac43006c 	sw	v1,108(v0)
9d00b298:	2402ffff 	li	v0,-1
9d00b29c:	8fbf001c 	lw	ra,28(sp)
9d00b2a0:	8fb00018 	lw	s0,24(sp)
9d00b2a4:	03e00008 	jr	ra
9d00b2a8:	27bd0020 	addiu	sp,sp,32
9d00b2ac:	0043202b 	sltu	a0,v0,v1
9d00b2b0:	14800005 	bnez	a0,9d00b2c8 <.LCFI4+0xa4>
9d00b2b4:	3c04a001 	lui	a0,0xa001
9d00b2b8:	8c8441d0 	lw	a0,16848(a0)
9d00b2bc:	0064202b 	sltu	a0,v1,a0
9d00b2c0:	5080ffe9 	beqzl	a0,9d00b268 <.LCFI4+0x44>
9d00b2c4:	ae0341c8 	sw	v1,16840(s0)
9d00b2c8:	24030016 	li	v1,22
9d00b2cc:	3c02a000 	lui	v0,0xa000
9d00b2d0:	ac43006c 	sw	v1,108(v0)
9d00b2d4:	2402ffff 	li	v0,-1
9d00b2d8:	8fbf001c 	lw	ra,28(sp)
9d00b2dc:	8fb00018 	lw	s0,24(sp)
9d00b2e0:	03e00008 	jr	ra
9d00b2e4:	27bd0020 	addiu	sp,sp,32

Disassembly of section .text.fputc:

9d00b2e8 <fputc>:
9d00b2e8:	27bdffe0 	addiu	sp,sp,-32
9d00b2ec:	afbf001c 	sw	ra,28(sp)
9d00b2f0:	afb10018 	sw	s1,24(sp)
9d00b2f4:	afb00014 	sw	s0,20(sp)
9d00b2f8:	00a08021 	move	s0,a1
9d00b2fc:	8ca20018 	lw	v0,24(a1)
9d00b300:	00808821 	move	s1,a0
9d00b304:	24050001 	li	a1,1
9d00b308:	8c420010 	lw	v0,16(v0)
9d00b30c:	0040f809 	jalr	v0
9d00b310:	02002021 	move	a0,s0
9d00b314:	1040000e 	beqz	v0,9d00b350 <fputc+0x68>
9d00b318:	2402ffff 	li	v0,-1
9d00b31c:	8e020000 	lw	v0,0(s0)
9d00b320:	2442ffff 	addiu	v0,v0,-1
9d00b324:	04400011 	bltz	v0,9d00b36c <fputc+0x84>
9d00b328:	ae020000 	sw	v0,0(s0)
9d00b32c:	96020010 	lhu	v0,16(s0)
9d00b330:	30420008 	andi	v0,v0,0x8
9d00b334:	1440000b 	bnez	v0,9d00b364 <fputc+0x7c>
9d00b338:	2402000a 	li	v0,10
9d00b33c:	8e030004 	lw	v1,4(s0)
9d00b340:	02201021 	move	v0,s1
9d00b344:	24640001 	addiu	a0,v1,1
9d00b348:	ae040004 	sw	a0,4(s0)
9d00b34c:	a0710000 	sb	s1,0(v1)
9d00b350:	8fbf001c 	lw	ra,28(sp)
9d00b354:	8fb10018 	lw	s1,24(sp)
9d00b358:	8fb00014 	lw	s0,20(sp)
9d00b35c:	03e00008 	jr	ra
9d00b360:	27bd0020 	addiu	sp,sp,32
9d00b364:	5622fff6 	bnel	s1,v0,9d00b340 <fputc+0x58>
9d00b368:	8e030004 	lw	v1,4(s0)
9d00b36c:	8e020018 	lw	v0,24(s0)
9d00b370:	02202021 	move	a0,s1
9d00b374:	8c420004 	lw	v0,4(v0)
9d00b378:	0040f809 	jalr	v0
9d00b37c:	02002821 	move	a1,s0
9d00b380:	8fbf001c 	lw	ra,28(sp)
9d00b384:	8fb10018 	lw	s1,24(sp)
9d00b388:	8fb00014 	lw	s0,20(sp)
9d00b38c:	03e00008 	jr	ra
9d00b390:	27bd0020 	addiu	sp,sp,32

Disassembly of section .text.fptodp:

9d00b394 <__extendsfdf2>:
9d00b394:	00043dc2 30e700ff 3c018000 00813024     .=.....0...<$0..
9d00b3a4:	24e9ffff 2d2100fe 1020000d 00000000     ...$..!-.. .....

9d00b3b4 <Glab1>:
9d00b3b4:	24e70380 	addiu	a3,a3,896
9d00b3b8:	00044a40 	sll	t1,a0,0x9
9d00b3bc:	00094b02 	srl	t1,t1,0xc
9d00b3c0:	00c93025 	or	a2,a2,t1
9d00b3c4:	00042f40 	sll	a1,a0,0x1d

9d00b3c8 <Gret>:
9d00b3c8:	00074d00 	sll	t1,a3,0x14
9d00b3cc:	00c93025 	or	a2,a2,t1
9d00b3d0:	00051025 	or	v0,zero,a1
9d00b3d4:	00061825 	or	v1,zero,a2

9d00b3d8 <G999>:
9d00b3d8:	03e00008 	jr	ra
9d00b3dc:	00000000 	nop
9d00b3e0:	00000000 	nop

9d00b3e4 <Gspec>:
9d00b3e4:	24050000 	li	a1,0
9d00b3e8:	00842021 	addu	a0,a0,a0
9d00b3ec:	1080fff6 	beqz	a0,9d00b3c8 <Gret>
9d00b3f0:	00000000 	nop
9d00b3f4:	14e00009 	bnez	a3,9d00b41c <i42>
9d00b3f8:	00000000 	nop

9d00b3fc <b43>:
9d00b3fc:	24e7ffff 	addiu	a3,a3,-1
9d00b400:	00842021 	addu	a0,a0,a0
9d00b404:	3c010080 	lui	at,0x80
9d00b408:	0081082b 	sltu	at,a0,at
9d00b40c:	1420fffb 	bnez	at,9d00b3fc <b43>
9d00b410:	00000000 	nop
9d00b414:	1000ffe7 	b	9d00b3b4 <Glab1>
9d00b418:	00000000 	nop

9d00b41c <i42>:
9d00b41c:	240707ff 	li	a3,2047
9d00b420:	3c01ff00 	lui	at,0xff00
9d00b424:	34210001 	ori	at,at,0x1
9d00b428:	0081082b 	sltu	at,a0,at
9d00b42c:	1420ffe6 	bnez	at,9d00b3c8 <Gret>
9d00b430:	00000000 	nop
9d00b434:	1000ffe4 	b	9d00b3c8 <Gret>
9d00b438:	3c06fff8 	lui	a2,0xfff8
9d00b43c:	00000000 	nop

Disassembly of section .text._fullexit:

9d00b440 <_fullexit>:
9d00b440:	27bdffe0 	addiu	sp,sp,-32
9d00b444:	afbf001c 	sw	ra,28(sp)
9d00b448:	afb20018 	sw	s2,24(sp)
9d00b44c:	afb10014 	sw	s1,20(sp)
9d00b450:	afb00010 	sw	s0,16(sp)
9d00b454:	3c10a001 	lui	s0,0xa001
9d00b458:	3c11a000 	lui	s1,0xa000
9d00b45c:	00809021 	move	s2,a0
9d00b460:	0f40321a 	jal	9d00c868 <_weak_pthread_mutex_lock>
9d00b464:	260441d4 	addiu	a0,s0,16852
9d00b468:	8e220004 	lw	v0,4(s1)
9d00b46c:	260441d4 	addiu	a0,s0,16852
9d00b470:	24030001 	li	v1,1
9d00b474:	0f40321e 	jal	9d00c878 <_weak_pthread_mutex_unlock>
9d00b478:	ac430038 	sw	v1,56(v0)
9d00b47c:	8e220004 	lw	v0,4(s1)
9d00b480:	8c500010 	lw	s0,16(v0)
9d00b484:	5600000a 	bnezl	s0,9d00b4b0 <_fullexit+0x70>
9d00b488:	8e020004 	lw	v0,4(s0)
9d00b48c:	0b402d33 	j	9d00b4cc <_fullexit+0x8c>
9d00b490:	8c420034 	lw	v0,52(v0)
9d00b494:	00031880 	sll	v1,v1,0x2
9d00b498:	02031821 	addu	v1,s0,v1
9d00b49c:	8c630000 	lw	v1,0(v1)
9d00b4a0:	2442ffff 	addiu	v0,v0,-1
9d00b4a4:	0060f809 	jalr	v1
9d00b4a8:	ae020004 	sw	v0,4(s0)
9d00b4ac:	8e020004 	lw	v0,4(s0)
9d00b4b0:	1c40fff8 	bgtz	v0,9d00b494 <_fullexit+0x54>
9d00b4b4:	24430001 	addiu	v1,v0,1
9d00b4b8:	8e100000 	lw	s0,0(s0)
9d00b4bc:	5600fffc 	bnezl	s0,9d00b4b0 <_fullexit+0x70>
9d00b4c0:	8e020004 	lw	v0,4(s0)
9d00b4c4:	8e220004 	lw	v0,4(s1)
9d00b4c8:	8c420034 	lw	v0,52(v0)
9d00b4cc:	10400003 	beqz	v0,9d00b4dc <_fullexit+0x9c>
9d00b4d0:	00000000 	nop
9d00b4d4:	0040f809 	jalr	v0
9d00b4d8:	00000000 	nop
9d00b4dc:	0f403242 	jal	9d00c908 <.LFE0>
9d00b4e0:	02402021 	move	a0,s2

Disassembly of section .text._o_init:

9d00b4e4 <_o_init>:
9d00b4e4:	27bdffe8 	addiu	sp,sp,-24
9d00b4e8:	afbf0014 	sw	ra,20(sp)
9d00b4ec:	afb00010 	sw	s0,16(sp)
9d00b4f0:	00808021 	move	s0,a0
9d00b4f4:	3c02a000 	lui	v0,0xa000
9d00b4f8:	8c430004 	lw	v1,4(v0)
9d00b4fc:	8c820008 	lw	v0,8(a0)
9d00b500:	3c059d01 	lui	a1,0x9d01
9d00b504:	24a5c5b4 	addiu	a1,a1,-14924
9d00b508:	1040001b 	beqz	v0,9d00b578 <_o_init+0x94>
9d00b50c:	ac650034 	sw	a1,52(v1)
9d00b510:	8e03000c 	lw	v1,12(s0)
9d00b514:	50600004 	beqzl	v1,9d00b528 <_o_init+0x44>
9d00b518:	96020010 	lhu	v0,16(s0)
9d00b51c:	8e020008 	lw	v0,8(s0)
9d00b520:	ae020004 	sw	v0,4(s0)
9d00b524:	96020010 	lhu	v0,16(s0)
9d00b528:	ae030000 	sw	v1,0(s0)
9d00b52c:	34430002 	ori	v1,v0,0x2
9d00b530:	30441000 	andi	a0,v0,0x1000
9d00b534:	10800006 	beqz	a0,9d00b550 <_o_init+0x6c>
9d00b538:	a6030010 	sh	v1,16(s0)
9d00b53c:	30420008 	andi	v0,v0,0x8
9d00b540:	14400007 	bnez	v0,9d00b560 <_o_init+0x7c>
9d00b544:	00000000 	nop
9d00b548:	7c036304 	ins	v1,zero,0xc,0x1
9d00b54c:	a6030010 	sh	v1,16(s0)
9d00b550:	8fbf0014 	lw	ra,20(sp)
9d00b554:	8fb00010 	lw	s0,16(sp)
9d00b558:	03e00008 	jr	ra
9d00b55c:	27bd0018 	addiu	sp,sp,24
9d00b560:	0f403244 	jal	9d00c910 <.LFE0>
9d00b564:	86040012 	lh	a0,18(s0)
9d00b568:	1440fff7 	bnez	v0,9d00b548 <_o_init+0x64>
9d00b56c:	96030010 	lhu	v1,16(s0)
9d00b570:	0b402d52 	j	9d00b548 <_o_init+0x64>
9d00b574:	3063fff7 	andi	v1,v1,0xfff7
9d00b578:	0f402fed 	jal	9d00bfb4 <_bufalloc>
9d00b57c:	00000000 	nop
9d00b580:	0b402d45 	j	9d00b514 <_o_init+0x30>
9d00b584:	8e03000c 	lw	v1,12(s0)

Disassembly of section .text.repl:

9d00b588 <repl>:
9d00b588:	27bdffd8 	addiu	sp,sp,-40
9d00b58c:	afbf0024 	sw	ra,36(sp)
9d00b590:	afb40020 	sw	s4,32(sp)
9d00b594:	afb3001c 	sw	s3,28(sp)
9d00b598:	afb20018 	sw	s2,24(sp)
9d00b59c:	afb10014 	sw	s1,20(sp)
9d00b5a0:	afb00010 	sw	s0,16(sp)
9d00b5a4:	00a08021 	move	s0,a1
9d00b5a8:	0080a021 	move	s4,a0
9d00b5ac:	00c09821 	move	s3,a2
9d00b5b0:	24120020 	li	s2,32
9d00b5b4:	2411ffff 	li	s1,-1
9d00b5b8:	12000011 	beqz	s0,9d00b600 <repl+0x78>
9d00b5bc:	2e020021 	sltiu	v0,s0,33
9d00b5c0:	02401821 	move	v1,s2
9d00b5c4:	0202180b 	movn	v1,s0,v0
9d00b5c8:	02602021 	move	a0,s3
9d00b5cc:	00602821 	move	a1,v1
9d00b5d0:	02803021 	move	a2,s4
9d00b5d4:	0f402fb9 	jal	9d00bee4 <__sputn>
9d00b5d8:	02038023 	subu	s0,s0,v1
9d00b5dc:	1451fff6 	bne	v0,s1,9d00b5b8 <repl+0x30>
9d00b5e0:	8fbf0024 	lw	ra,36(sp)
9d00b5e4:	8fb40020 	lw	s4,32(sp)
9d00b5e8:	8fb3001c 	lw	s3,28(sp)
9d00b5ec:	8fb20018 	lw	s2,24(sp)
9d00b5f0:	8fb10014 	lw	s1,20(sp)
9d00b5f4:	8fb00010 	lw	s0,16(sp)
9d00b5f8:	03e00008 	jr	ra
9d00b5fc:	27bd0028 	addiu	sp,sp,40
9d00b600:	00001021 	move	v0,zero
9d00b604:	8fbf0024 	lw	ra,36(sp)
9d00b608:	8fb40020 	lw	s4,32(sp)
9d00b60c:	8fb3001c 	lw	s3,28(sp)
9d00b610:	8fb20018 	lw	s2,24(sp)
9d00b614:	8fb10014 	lw	s1,20(sp)
9d00b618:	8fb00010 	lw	s0,16(sp)
9d00b61c:	03e00008 	jr	ra
9d00b620:	27bd0028 	addiu	sp,sp,40

Disassembly of section .text._eat_white:

9d00b624 <_eat_white>:
9d00b624:	27bdffe0 	addiu	sp,sp,-32
9d00b628:	afbf001c 	sw	ra,28(sp)
9d00b62c:	afb20018 	sw	s2,24(sp)
9d00b630:	afb10014 	sw	s1,20(sp)
9d00b634:	afb00010 	sw	s0,16(sp)
9d00b638:	00808021 	move	s0,a0
9d00b63c:	2411ffff 	li	s1,-1
9d00b640:	3c129d01 	lui	s2,0x9d01
9d00b644:	0b402d97 	j	9d00b65c <_eat_white+0x38>
9d00b648:	2652aa81 	addiu	s2,s2,-21887
9d00b64c:	80630000 	lb	v1,0(v1)
9d00b650:	30630088 	andi	v1,v1,0x88
9d00b654:	50600010 	beqzl	v1,9d00b698 <_eat_white+0x74>
9d00b658:	8e030010 	lw	v1,16(s0)
9d00b65c:	0f403007 	jal	9d00c01c <gsgetc>
9d00b660:	02002021 	move	a0,s0
9d00b664:	1451fff9 	bne	v0,s1,9d00b64c <_eat_white+0x28>
9d00b668:	00521821 	addu	v1,v0,s2
9d00b66c:	8e030010 	lw	v1,16(s0)
9d00b670:	ae110004 	sw	s1,4(s0)
9d00b674:	2402ffff 	li	v0,-1
9d00b678:	2463ffff 	addiu	v1,v1,-1
9d00b67c:	ae030010 	sw	v1,16(s0)
9d00b680:	8fbf001c 	lw	ra,28(sp)
9d00b684:	8fb20018 	lw	s2,24(sp)
9d00b688:	8fb10014 	lw	s1,20(sp)
9d00b68c:	8fb00010 	lw	s0,16(sp)
9d00b690:	03e00008 	jr	ra
9d00b694:	27bd0020 	addiu	sp,sp,32
9d00b698:	ae020004 	sw	v0,4(s0)
9d00b69c:	00001021 	move	v0,zero
9d00b6a0:	2463ffff 	addiu	v1,v1,-1
9d00b6a4:	ae030010 	sw	v1,16(s0)
9d00b6a8:	8fbf001c 	lw	ra,28(sp)
9d00b6ac:	8fb20018 	lw	s2,24(sp)
9d00b6b0:	8fb10014 	lw	s1,20(sp)
9d00b6b4:	8fb00010 	lw	s0,16(sp)
9d00b6b8:	03e00008 	jr	ra
9d00b6bc:	27bd0020 	addiu	sp,sp,32

Disassembly of section .text.fpcmp:

9d00b6c0 <__eqsf2>:
9d00b6c0:	2408fffe 00043040 00053840 00c74825     ...$@0..@8..%H..
9d00b6d0:	1120001b 00000000 3c01ff00 34210001     .. ........<..!4
9d00b6e0:	00c1082b 1020001a 00000000 3c01ff00     +..... ........<
9d00b6f0:	34210001 00e1082b 10200015 00000000     ..!4+..... .....
9d00b700:	04810002 00063042 00063023              ....B0..#0..

9d00b70c <i48>:
9d00b70c:	04a10002 	bgez	a1,9d00b718 <i49>
9d00b710:	00073842 	srl	a3,a3,0x1
9d00b714:	00073823 	negu	a3,a3

9d00b718 <i49>:
9d00b718:	00c7082a 	slt	at,a2,a3
9d00b71c:	10200003 	beqz	at,9d00b72c <i50>
9d00b720:	00000000 	nop
9d00b724:	10000007 	b	9d00b744 <J999>
9d00b728:	2402ffff 	li	v0,-1

9d00b72c <i50>:
9d00b72c:	00e6082a 	slt	at,a3,a2
9d00b730:	10200003 	beqz	at,9d00b740 <Jequ>
9d00b734:	00000000 	nop
9d00b738:	10000002 	b	9d00b744 <J999>
9d00b73c:	24020001 	li	v0,1

9d00b740 <Jequ>:
9d00b740:	24020000 	li	v0,0

9d00b744 <J999>:
9d00b744:	03e00008 	jr	ra
9d00b748:	00000000 	nop
9d00b74c:	00000000 	nop

9d00b750 <Jnan>:
9d00b750:	1000fffc 	b	9d00b744 <J999>
9d00b754:	00081025 	or	v0,zero,t0
9d00b758:	00000000 	nop

Disassembly of section .text._i_init:

9d00b75c <_i_init>:
9d00b75c:	27bdffe8 	addiu	sp,sp,-24
9d00b760:	afbf0014 	sw	ra,20(sp)
9d00b764:	afb00010 	sw	s0,16(sp)
9d00b768:	8c820008 	lw	v0,8(a0)
9d00b76c:	1040001d 	beqz	v0,9d00b7e4 <_i_init+0x88>
9d00b770:	00808021 	move	s0,a0
9d00b774:	8e02000c 	lw	v0,12(s0)
9d00b778:	54400012 	bnezl	v0,9d00b7c4 <_i_init+0x68>
9d00b77c:	8e020008 	lw	v0,8(s0)
9d00b780:	2402ffff 	li	v0,-1
9d00b784:	ae020004 	sw	v0,4(s0)
9d00b788:	96020010 	lhu	v0,16(s0)
9d00b78c:	ae000000 	sw	zero,0(s0)
9d00b790:	34430001 	ori	v1,v0,0x1
9d00b794:	30441000 	andi	a0,v0,0x1000
9d00b798:	10800006 	beqz	a0,9d00b7b4 <_i_init+0x58>
9d00b79c:	a6030010 	sh	v1,16(s0)
9d00b7a0:	30420008 	andi	v0,v0,0x8
9d00b7a4:	14400009 	bnez	v0,9d00b7cc <_i_init+0x70>
9d00b7a8:	00000000 	nop
9d00b7ac:	7c036304 	ins	v1,zero,0xc,0x1
9d00b7b0:	a6030010 	sh	v1,16(s0)
9d00b7b4:	8fbf0014 	lw	ra,20(sp)
9d00b7b8:	8fb00010 	lw	s0,16(sp)
9d00b7bc:	03e00008 	jr	ra
9d00b7c0:	27bd0018 	addiu	sp,sp,24
9d00b7c4:	0b402de2 	j	9d00b788 <_i_init+0x2c>
9d00b7c8:	ae020004 	sw	v0,4(s0)
9d00b7cc:	0f403244 	jal	9d00c910 <.LFE0>
9d00b7d0:	86040012 	lh	a0,18(s0)
9d00b7d4:	1440fff5 	bnez	v0,9d00b7ac <_i_init+0x50>
9d00b7d8:	96030010 	lhu	v1,16(s0)
9d00b7dc:	0b402deb 	j	9d00b7ac <_i_init+0x50>
9d00b7e0:	3063fff7 	andi	v1,v1,0xfff7
9d00b7e4:	0f402fed 	jal	9d00bfb4 <_bufalloc>
9d00b7e8:	00000000 	nop
9d00b7ec:	0b402dde 	j	9d00b778 <_i_init+0x1c>
9d00b7f0:	8e02000c 	lw	v0,12(s0)

Disassembly of section .text.strlen:

9d00b7f4 <strlen>:
9d00b7f4:	30830003 	andi	v1,a0,0x3
9d00b7f8:	1460001e 	bnez	v1,9d00b874 <strlen+0x80>
9d00b7fc:	00801021 	move	v0,a0
9d00b800:	8c820000 	lw	v0,0(a0)
9d00b804:	3c07fefe 	lui	a3,0xfefe
9d00b808:	34e7feff 	ori	a3,a3,0xfeff
9d00b80c:	00471821 	addu	v1,v0,a3
9d00b810:	00021027 	nor	v0,zero,v0
9d00b814:	3c068080 	lui	a2,0x8080
9d00b818:	34c68080 	ori	a2,a2,0x8080
9d00b81c:	00621824 	and	v1,v1,v0
9d00b820:	00661824 	and	v1,v1,a2
9d00b824:	14600013 	bnez	v1,9d00b874 <strlen+0x80>
9d00b828:	00801021 	move	v0,a0
9d00b82c:	24420004 	addiu	v0,v0,4
9d00b830:	8c430000 	lw	v1,0(v0)
9d00b834:	00672821 	addu	a1,v1,a3
9d00b838:	00031827 	nor	v1,zero,v1
9d00b83c:	00a31824 	and	v1,a1,v1
9d00b840:	00661824 	and	v1,v1,a2
9d00b844:	5460000c 	bnezl	v1,9d00b878 <strlen+0x84>
9d00b848:	80430000 	lb	v1,0(v0)
9d00b84c:	24420004 	addiu	v0,v0,4
9d00b850:	8c430000 	lw	v1,0(v0)
9d00b854:	00672821 	addu	a1,v1,a3
9d00b858:	00031827 	nor	v1,zero,v1
9d00b85c:	00a31824 	and	v1,a1,v1
9d00b860:	00661824 	and	v1,v1,a2
9d00b864:	5060fff2 	beqzl	v1,9d00b830 <strlen+0x3c>
9d00b868:	24420004 	addiu	v0,v0,4
9d00b86c:	0b402e1e 	j	9d00b878 <strlen+0x84>
9d00b870:	80430000 	lb	v1,0(v0)
9d00b874:	80430000 	lb	v1,0(v0)
9d00b878:	5460fffe 	bnezl	v1,9d00b874 <strlen+0x80>
9d00b87c:	24420001 	addiu	v0,v0,1
9d00b880:	03e00008 	jr	ra
9d00b884:	00441023 	subu	v0,v0,a0

Disassembly of section .text.dptoli:

9d00b888 <__fixdfsi>:
9d00b888:	00053ac0 00045542 00ea3825 3c018000     .:..BU..%8.....<
9d00b898:	00e13825 00055040 000a5542 2406041e     %8..@P..BU.....$
9d00b8a8:	00ca3023 18c0000c 00000000 2cc10020     #0.......... ..,
9d00b8b8:	14200002 00000000 34070000              .. ........4

9d00b8c4 <L42>:
9d00b8c4:	04a10002 	bgez	a1,9d00b8d0 <i50>
9d00b8c8:	00c73806 	srlv	a3,a3,a2
9d00b8cc:	00073823 	negu	a3,a3

9d00b8d0 <i50>:
9d00b8d0:	00071025 	or	v0,zero,a3

9d00b8d4 <I999>:
9d00b8d4:	03e00008 	jr	ra
9d00b8d8:	00000000 	nop
9d00b8dc:	00000000 	nop

9d00b8e0 <Inaninf>:
9d00b8e0:	10800002 	beqz	a0,9d00b8ec <i51>
9d00b8e4:	00000000 	nop
9d00b8e8:	34a50001 	ori	a1,a1,0x1

9d00b8ec <i51>:
9d00b8ec:	3c017ff0 	lui	at,0x7ff0
9d00b8f0:	34210001 	ori	at,at,0x1
9d00b8f4:	00a1082b 	sltu	at,a1,at
9d00b8f8:	14200003 	bnez	at,9d00b908 <i52>
9d00b8fc:	00000000 	nop
9d00b900:	1000fff4 	b	9d00b8d4 <I999>
9d00b904:	3c028000 	lui	v0,0x8000

9d00b908 <i52>:
9d00b908:	3c027fff 	lui	v0,0x7fff
9d00b90c:	1000fff1 	b	9d00b8d4 <I999>
9d00b910:	3442ffff 	ori	v0,v0,0xffff
9d00b914:	00000000 	nop

Disassembly of section .text.dptoul:

9d00b918 <__fixunsdfsi>:
9d00b918:	00053ac0 00045542 00ea3825 3c018000     .:..BU..%8.....<
9d00b928:	00e13825 00055040 000a5542 2406041e     %8..@P..BU.....$
9d00b938:	00ca3023 04c0000c 00000000 2cc10020     #0.......... ..,
9d00b948:	14200002 00000000 34070000              .. ........4

9d00b954 <L43>:
9d00b954:	04a10002 	bgez	a1,9d00b960 <i53>
9d00b958:	00c73806 	srlv	a3,a3,a2
9d00b95c:	00073823 	negu	a3,a3

9d00b960 <i53>:
9d00b960:	00071025 	or	v0,zero,a3

9d00b964 <K999>:
9d00b964:	03e00008 	jr	ra
9d00b968:	00000000 	nop
9d00b96c:	00000000 	nop

9d00b970 <Knaninf>:
9d00b970:	10800002 	beqz	a0,9d00b97c <i54>
9d00b974:	00000000 	nop
9d00b978:	34a50001 	ori	a1,a1,0x1

9d00b97c <i54>:
9d00b97c:	3c017ff0 	lui	at,0x7ff0
9d00b980:	34210001 	ori	at,at,0x1
9d00b984:	00a1082b 	sltu	at,a1,at
9d00b988:	14200003 	bnez	at,9d00b998 <i55>
9d00b98c:	00000000 	nop
9d00b990:	1000fff4 	b	9d00b964 <K999>
9d00b994:	3c028000 	lui	v0,0x8000

9d00b998 <i55>:
9d00b998:	1000fff2 	b	9d00b964 <K999>
9d00b99c:	2402ffff 	li	v0,-1
9d00b9a0:	00000000 	nop

Disassembly of section .text:

9d00b9a4 <__pic32_data_init>:
9d00b9a4:	03e01821 	move	v1,ra

9d00b9a8 <_dinit_init>:
9d00b9a8:	3c089d00 	lui	t0,0x9d00
9d00b9ac:	250857c8 	addiu	t0,t0,22472
9d00b9b0:	8d090000 	lw	t1,0(t0)
9d00b9b4:	11200018 	beqz	t1,9d00ba18 <_dinit_end+0x18>
9d00b9b8:	25080004 	addiu	t0,t0,4
9d00b9bc:	8d0a0000 	lw	t2,0(t0)
9d00b9c0:	25080004 	addiu	t0,t0,4
9d00b9c4:	8d0b0000 	lw	t3,0(t0)
9d00b9c8:	11600009 	beqz	t3,9d00b9f0 <_dinit_clear>
9d00b9cc:	25080004 	addiu	t0,t0,4

9d00b9d0 <_dinit_copy>:
9d00b9d0:	910c0000 	lbu	t4,0(t0)
9d00b9d4:	254affff 	addiu	t2,t2,-1
9d00b9d8:	25080001 	addiu	t0,t0,1
9d00b9dc:	a12c0000 	sb	t4,0(t1)
9d00b9e0:	1540fffb 	bnez	t2,9d00b9d0 <_dinit_copy>
9d00b9e4:	25290001 	addiu	t1,t1,1
9d00b9e8:	10000005 	b	9d00ba00 <_dinit_end>
9d00b9ec:	00000000 	nop

9d00b9f0 <_dinit_clear>:
9d00b9f0:	a1200000 	sb	zero,0(t1)
9d00b9f4:	254affff 	addiu	t2,t2,-1
9d00b9f8:	1540fffd 	bnez	t2,9d00b9f0 <_dinit_clear>
9d00b9fc:	25290001 	addiu	t1,t1,1

9d00ba00 <_dinit_end>:
9d00ba00:	25080003 	addiu	t0,t0,3
9d00ba04:	240afffc 	li	t2,-4
9d00ba08:	01484024 	and	t0,t2,t0
9d00ba0c:	8d090000 	lw	t1,0(t0)
9d00ba10:	1520ffe7 	bnez	t1,9d00b9b0 <_dinit_init+0x8>
9d00ba14:	00000000 	nop
9d00ba18:	0060f821 	move	ra,v1
9d00ba1c:	03e00008 	jr	ra
9d00ba20:	00000000 	nop
9d00ba24:	00000000 	nop

Disassembly of section .text._fflush_simple:

9d00ba28 <_fflush_simple>:
9d00ba28:	27bdffe8 	addiu	sp,sp,-24
9d00ba2c:	afbf0014 	sw	ra,20(sp)
9d00ba30:	afb00010 	sw	s0,16(sp)
9d00ba34:	94820010 	lhu	v0,16(a0)
9d00ba38:	30420002 	andi	v0,v0,0x2
9d00ba3c:	10400013 	beqz	v0,9d00ba8c <_fflush_simple+0x64>
9d00ba40:	00808021 	move	s0,a0
9d00ba44:	8c850000 	lw	a1,0(a0)
9d00ba48:	04a0000c 	bltz	a1,9d00ba7c <_fflush_simple+0x54>
9d00ba4c:	00001021 	move	v0,zero
9d00ba50:	8c82000c 	lw	v0,12(a0)
9d00ba54:	50a20006 	beql	a1,v0,9d00ba70 <_fflush_simple+0x48>
9d00ba58:	8e030008 	lw	v1,8(s0)
9d00ba5c:	8c840008 	lw	a0,8(a0)
9d00ba60:	0f40308d 	jal	9d00c234 <.LFE0>
9d00ba64:	00452823 	subu	a1,v0,a1
9d00ba68:	8e02000c 	lw	v0,12(s0)
9d00ba6c:	8e030008 	lw	v1,8(s0)
9d00ba70:	ae020000 	sw	v0,0(s0)
9d00ba74:	ae030004 	sw	v1,4(s0)
9d00ba78:	00001021 	move	v0,zero
9d00ba7c:	8fbf0014 	lw	ra,20(sp)
9d00ba80:	8fb00010 	lw	s0,16(sp)
9d00ba84:	03e00008 	jr	ra
9d00ba88:	27bd0018 	addiu	sp,sp,24
9d00ba8c:	2402ffff 	li	v0,-1
9d00ba90:	ac820004 	sw	v0,4(a0)
9d00ba94:	00001021 	move	v0,zero
9d00ba98:	8fbf0014 	lw	ra,20(sp)
9d00ba9c:	8fb00010 	lw	s0,16(sp)
9d00baa0:	03e00008 	jr	ra
9d00baa4:	27bd0018 	addiu	sp,sp,24

Disassembly of section .text._fwrite_simple:

9d00baa8 <_fwrite_simple>:
9d00baa8:	27bdffd8 	addiu	sp,sp,-40
9d00baac:	afbf0024 	sw	ra,36(sp)
9d00bab0:	afb10020 	sw	s1,32(sp)
9d00bab4:	afb0001c 	sw	s0,28(sp)
9d00bab8:	70c58002 	mul	s0,a2,a1
9d00babc:	12000007 	beqz	s0,9d00badc <_fwrite_simple+0x34>
9d00bac0:	00001021 	move	v0,zero
9d00bac4:	94e30010 	lhu	v1,16(a3)
9d00bac8:	30630001 	andi	v1,v1,0x1
9d00bacc:	10600008 	beqz	v1,9d00baf0 <_fwrite_simple+0x48>
9d00bad0:	3c03a000 	lui	v1,0xa000
9d00bad4:	24040009 	li	a0,9
9d00bad8:	ac64006c 	sw	a0,108(v1)
9d00badc:	8fbf0024 	lw	ra,36(sp)
9d00bae0:	8fb10020 	lw	s1,32(sp)
9d00bae4:	8fb0001c 	lw	s0,28(sp)
9d00bae8:	03e00008 	jr	ra
9d00baec:	27bd0028 	addiu	sp,sp,40
9d00baf0:	00808821 	move	s1,a0
9d00baf4:	00e02021 	move	a0,a3
9d00baf8:	0f402e8a 	jal	9d00ba28 <_fflush_simple>
9d00bafc:	afa60010 	sw	a2,16(sp)
9d00bb00:	02202021 	move	a0,s1
9d00bb04:	0f40308d 	jal	9d00c234 <.LFE0>
9d00bb08:	02002821 	move	a1,s0
9d00bb0c:	8fa60010 	lw	a2,16(sp)
9d00bb10:	00c01021 	move	v0,a2
9d00bb14:	8fbf0024 	lw	ra,36(sp)
9d00bb18:	8fb10020 	lw	s1,32(sp)
9d00bb1c:	8fb0001c 	lw	s0,28(sp)
9d00bb20:	03e00008 	jr	ra
9d00bb24:	27bd0028 	addiu	sp,sp,40

Disassembly of section .text.fptoli:

9d00bb28 <__fixsfsi>:
9d00bb28:	00042a00 3c018000 00a12825 00043dc2     .*.....<%(...=..
9d00bb38:	30e700ff 2406009e 00c73023 18c0000d     ...0...$#0......
9d00bb48:	00000000 28c10020 14200003 00000000     .... ..(.. .....
9d00bb58:	10000005 24020000                       .......$

9d00bb60 <i42>:
9d00bb60:	04810002 	bgez	a0,9d00bb6c <i43>
9d00bb64:	00c52806 	srlv	a1,a1,a2
9d00bb68:	00052823 	negu	a1,a1

9d00bb6c <i43>:
9d00bb6c:	00051025 	or	v0,zero,a1

9d00bb70 <G999>:
9d00bb70:	03e00008 	jr	ra
9d00bb74:	00000000 	nop
9d00bb78:	00000000 	nop

9d00bb7c <Gspec>:
9d00bb7c:	3c017f80 	lui	at,0x7f80
9d00bb80:	34210001 	ori	at,at,0x1
9d00bb84:	0081082b 	sltu	at,a0,at
9d00bb88:	14200003 	bnez	at,9d00bb98 <i44>
9d00bb8c:	00000000 	nop
9d00bb90:	1000fff7 	b	9d00bb70 <G999>
9d00bb94:	3c028000 	lui	v0,0x8000

9d00bb98 <i44>:
9d00bb98:	3c027fff 	lui	v0,0x7fff
9d00bb9c:	1000fff4 	b	9d00bb70 <G999>
9d00bba0:	3442ffff 	ori	v0,v0,0xffff
9d00bba4:	00000000 	nop

Disassembly of section .text.fptoul:

9d00bba8 <__fixunssfsi>:
9d00bba8:	00042a00 3c018000 00a12825 00043dc2     .*.....<%(...=..
9d00bbb8:	30e700ff 2406009e 00c73023 04c0000d     ...0...$#0......
9d00bbc8:	00000000 28c10020 14200003 00000000     .... ..(.. .....
9d00bbd8:	10000005 24020000                       .......$

9d00bbe0 <i45>:
9d00bbe0:	04810002 	bgez	a0,9d00bbec <i46>
9d00bbe4:	00c52806 	srlv	a1,a1,a2
9d00bbe8:	00052823 	negu	a1,a1

9d00bbec <i46>:
9d00bbec:	00051025 	or	v0,zero,a1

9d00bbf0 <I999>:
9d00bbf0:	03e00008 	jr	ra
9d00bbf4:	00000000 	nop
9d00bbf8:	00000000 	nop

9d00bbfc <Ispec>:
9d00bbfc:	3c017f80 	lui	at,0x7f80
9d00bc00:	34210001 	ori	at,at,0x1
9d00bc04:	0081082b 	sltu	at,a0,at
9d00bc08:	14200003 	bnez	at,9d00bc18 <i47>
9d00bc0c:	00000000 	nop
9d00bc10:	1000fff7 	b	9d00bbf0 <I999>
9d00bc14:	3c028000 	lui	v0,0x8000

9d00bc18 <i47>:
9d00bc18:	1000fff5 	b	9d00bbf0 <I999>
9d00bc1c:	2402ffff 	li	v0,-1
9d00bc20:	00000000 	nop

Disassembly of section .rodata:

9d00bc28 <zeroData-0x1c>:
9d00bc28:	004e614e 	0x4e614e
9d00bc2c:	666e492d 	0x666e492d
9d00bc30:	00000000 	nop
9d00bc34:	666e492b 	0x666e492b
9d00bc38:	00000000 	nop
9d00bc3c:	6c756e28 	0x6c756e28
9d00bc40:	0000296c 	0x296c

9d00bc44 <zeroData>:
9d00bc44:	30303030 30303030 30303030 30303030     0000000000000000
9d00bc54:	30303030 30303030 30303030 30303030     0000000000000000

9d00bc64 <spaceData>:
9d00bc64:	20202020 20202020 20202020 20202020                     
9d00bc74:	20202020 20202020 20202020 20202020                     
	...
9d00bc8c:	40240000 47ae147b 3f847ae1 00000000     ..$@{..G.z.?....
9d00bc9c:	40100000                                ...@

Disassembly of section .text.fgetc:

9d00bca0 <fgetc>:
9d00bca0:	27bdffe8 	addiu	sp,sp,-24
9d00bca4:	afbf0014 	sw	ra,20(sp)
9d00bca8:	afb00010 	sw	s0,16(sp)
9d00bcac:	00808021 	move	s0,a0
9d00bcb0:	8c820018 	lw	v0,24(a0)
9d00bcb4:	8c420010 	lw	v0,16(v0)
9d00bcb8:	0040f809 	jalr	v0
9d00bcbc:	24050002 	li	a1,2
9d00bcc0:	10400009 	beqz	v0,9d00bce8 <fgetc+0x48>
9d00bcc4:	2402ffff 	li	v0,-1
9d00bcc8:	8e020000 	lw	v0,0(s0)
9d00bccc:	2442ffff 	addiu	v0,v0,-1
9d00bcd0:	04400009 	bltz	v0,9d00bcf8 <fgetc+0x58>
9d00bcd4:	ae020000 	sw	v0,0(s0)
9d00bcd8:	8e020004 	lw	v0,4(s0)
9d00bcdc:	24430001 	addiu	v1,v0,1
9d00bce0:	ae030004 	sw	v1,4(s0)
9d00bce4:	90420000 	lbu	v0,0(v0)
9d00bce8:	8fbf0014 	lw	ra,20(sp)
9d00bcec:	8fb00010 	lw	s0,16(sp)
9d00bcf0:	03e00008 	jr	ra
9d00bcf4:	27bd0018 	addiu	sp,sp,24
9d00bcf8:	8e020018 	lw	v0,24(s0)
9d00bcfc:	8c420000 	lw	v0,0(v0)
9d00bd00:	0040f809 	jalr	v0
9d00bd04:	02002021 	move	a0,s0
9d00bd08:	8fbf0014 	lw	ra,20(sp)
9d00bd0c:	8fb00010 	lw	s0,16(sp)
9d00bd10:	03e00008 	jr	ra
9d00bd14:	27bd0018 	addiu	sp,sp,24

Disassembly of section .text.litodp:

9d00bd18 <__floatsidf>:
9d00bd18:	24050000 00054825 00053825 00043025     ...$%H..%8..%0..
9d00bd28:	10c0000c 00000000 04c10006 00000000     ................
9d00bd38:	3c098000 0005502b 00052823 00063023     ...<+P..#(..#0..
9d00bd48:	00ca3023                                #0..

9d00bd4c <i40>:
9d00bd4c:	2407041e 	li	a3,1054
9d00bd50:	70c84020 	clz	t0,a2
9d00bd54:	00e83823 	subu	a3,a3,t0
9d00bd58:	01063004 	sllv	a2,a2,t0

9d00bd5c <i39>:
9d00bd5c:	000542c2 	srl	t0,a1,0xb
9d00bd60:	00065540 	sll	t2,a2,0x15
9d00bd64:	010a4025 	or	t0,t0,t2
9d00bd68:	00065040 	sll	t2,a2,0x1
9d00bd6c:	000a5302 	srl	t2,t2,0xc
9d00bd70:	012a4825 	or	t1,t1,t2
9d00bd74:	00075500 	sll	t2,a3,0x14
9d00bd78:	012a4825 	or	t1,t1,t2
9d00bd7c:	00081025 	or	v0,zero,t0
9d00bd80:	00091825 	or	v1,zero,t1

9d00bd84 <E999>:
9d00bd84:	03e00008 	jr	ra
9d00bd88:	00000000 	nop
9d00bd8c:	00000000 	nop

Disassembly of section .text._sscanf_cdfFnopuxX:

9d00bd90 <_sscanf_cdfFnopuxX>:
9d00bd90:	27bdffc0 	addiu	sp,sp,-64
9d00bd94:	afbf003c 	sw	ra,60(sp)
9d00bd98:	afb00038 	sw	s0,56(sp)
9d00bd9c:	00808021 	move	s0,a0
9d00bda0:	afa60048 	sw	a2,72(sp)
9d00bda4:	afa7004c 	sw	a3,76(sp)
9d00bda8:	2402ffff 	li	v0,-1
9d00bdac:	a7a20022 	sh	v0,34(sp)
9d00bdb0:	24020081 	li	v0,129
9d00bdb4:	a7a20020 	sh	v0,32(sp)
9d00bdb8:	0f402dfd 	jal	9d00b7f4 <strlen>
9d00bdbc:	afa50030 	sw	a1,48(sp)
9d00bdc0:	27a30048 	addiu	v1,sp,72
9d00bdc4:	27a40010 	addiu	a0,sp,16
9d00bdc8:	8fa50030 	lw	a1,48(sp)
9d00bdcc:	00603021 	move	a2,v1
9d00bdd0:	afa20010 	sw	v0,16(sp)
9d00bdd4:	afa2001c 	sw	v0,28(sp)
9d00bdd8:	afb00018 	sw	s0,24(sp)
9d00bddc:	afb00014 	sw	s0,20(sp)
9d00bde0:	3c029d01 	lui	v0,0x9d01
9d00bde4:	2442c7dc 	addiu	v0,v0,-14372
9d00bde8:	afa20028 	sw	v0,40(sp)
9d00bdec:	0f400c97 	jal	9d00325c <.LFE9>
9d00bdf0:	afa3002c 	sw	v1,44(sp)
9d00bdf4:	8fbf003c 	lw	ra,60(sp)
9d00bdf8:	8fb00038 	lw	s0,56(sp)
9d00bdfc:	03e00008 	jr	ra
9d00be00:	27bd0040 	addiu	sp,sp,64

Disassembly of section .rodata:

9d00be08 <.LC4>:
9d00be08:	00006425 	0x6425

9d00be0c <.LC5>:
9d00be0c:	0a0d6425 	j	98359094 <_bmxdudba_address+0x98339094>
9d00be10:	00000000 	nop

9d00be14 <.LC6>:
9d00be14:	25206425 	addiu	zero,t1,25637
9d00be18:	00000064 	0x64

9d00be1c <.LC7>:
9d00be1c:	0a0d6625 	j	98359894 <_bmxdudba_address+0x98339894>
9d00be20:	00000000 	nop

9d00be24 <.LC8>:
9d00be24:	00006625 	0x6625

9d00be28 <.LC9>:
9d00be28:	25206625 	addiu	zero,t1,26149
9d00be2c:	00000066 	0x66

9d00be30 <.LC10>:
9d00be30:	25206625 	addiu	zero,t1,26149
9d00be34:	000a0d66 	0xa0d66

9d00be38 <.LC11>:
9d00be38:	0a303031 	j	98c0c0c4 <_bmxdudba_address+0x98bec0c4>
9d00be3c:	00000000 	nop
9d00be40:	25206425 	addiu	zero,t1,25637
9d00be44:	000a0d64 	0xa0d64

9d00be48 <.LC13>:
9d00be48:	25206625 	addiu	zero,t1,26149
9d00be4c:	66252066 	0x66252066
9d00be50:	00000000 	nop

9d00be54 <.LC14>:
9d00be54:	25206625 	addiu	zero,t1,26149
9d00be58:	66252066 	0x66252066
9d00be5c:	00000a0d 	break	0x0,0x28
9d00be60:	c2c80000 	ll	t0,0(s6)
9d00be64:	42c80000 	c0	0xc80000
9d00be68:	00000000 	nop
9d00be6c:	40590000 	cfc0	t9,c0_index
9d00be70:	00000000 	nop
9d00be74:	40af3e00 	0x40af3e00

Disassembly of section .text._sprintf_cdfFnopuxX:

9d00be78 <_sprintf_cdfFnopuxX>:
9d00be78:	27bdffc8 	addiu	sp,sp,-56
9d00be7c:	afbf0034 	sw	ra,52(sp)
9d00be80:	27a20040 	addiu	v0,sp,64
9d00be84:	00801821 	move	v1,a0
9d00be88:	afa60040 	sw	a2,64(sp)
9d00be8c:	27a40010 	addiu	a0,sp,16
9d00be90:	00403021 	move	a2,v0
9d00be94:	afa70044 	sw	a3,68(sp)
9d00be98:	2407ffff 	li	a3,-1
9d00be9c:	a7a70022 	sh	a3,34(sp)
9d00bea0:	24070082 	li	a3,130
9d00bea4:	a7a70020 	sh	a3,32(sp)
9d00bea8:	3c077fff 	lui	a3,0x7fff
9d00beac:	34e7fffe 	ori	a3,a3,0xfffe
9d00beb0:	afa70010 	sw	a3,16(sp)
9d00beb4:	afa30018 	sw	v1,24(sp)
9d00beb8:	afa30014 	sw	v1,20(sp)
9d00bebc:	3c039d01 	lui	v1,0x9d01
9d00bec0:	2463c7dc 	addiu	v1,v1,-14372
9d00bec4:	afa30028 	sw	v1,40(sp)
9d00bec8:	0f400f9c 	jal	9d003e70 <_do_print_cdfFnopuxX>
9d00becc:	afa2002c 	sw	v0,44(sp)
9d00bed0:	8fa30014 	lw	v1,20(sp)
9d00bed4:	a0600000 	sb	zero,0(v1)
9d00bed8:	8fbf0034 	lw	ra,52(sp)
9d00bedc:	03e00008 	jr	ra
9d00bee0:	27bd0038 	addiu	sp,sp,56

Disassembly of section .text.__sputn:

9d00bee4 <__sputn>:
9d00bee4:	27bdffd8 	addiu	sp,sp,-40
9d00bee8:	afbf0024 	sw	ra,36(sp)
9d00beec:	afb30020 	sw	s3,32(sp)
9d00bef0:	afb2001c 	sw	s2,28(sp)
9d00bef4:	afb10018 	sw	s1,24(sp)
9d00bef8:	afb00014 	sw	s0,20(sp)
9d00befc:	00808021 	move	s0,a0
9d00bf00:	00c09021 	move	s2,a2
9d00bf04:	00858821 	addu	s1,a0,a1
9d00bf08:	0b402fc9 	j	9d00bf24 <__sputn+0x40>
9d00bf0c:	2413ffff 	li	s3,-1
9d00bf10:	26100001 	addiu	s0,s0,1
9d00bf14:	0f402cba 	jal	9d00b2e8 <.LCFI8>
9d00bf18:	8204ffff 	lb	a0,-1(s0)
9d00bf1c:	10530005 	beq	v0,s3,9d00bf34 <__sputn+0x50>
9d00bf20:	8fbf0024 	lw	ra,36(sp)
9d00bf24:	1611fffa 	bne	s0,s1,9d00bf10 <__sputn+0x2c>
9d00bf28:	02402821 	move	a1,s2
9d00bf2c:	00001021 	move	v0,zero
9d00bf30:	8fbf0024 	lw	ra,36(sp)
9d00bf34:	8fb30020 	lw	s3,32(sp)
9d00bf38:	8fb2001c 	lw	s2,28(sp)
9d00bf3c:	8fb10018 	lw	s1,24(sp)
9d00bf40:	8fb00014 	lw	s0,20(sp)
9d00bf44:	03e00008 	jr	ra
9d00bf48:	27bd0028 	addiu	sp,sp,40

Disassembly of section .text.memmove:

9d00bf4c <memmove>:
9d00bf4c:	27bdffe8 	addiu	sp,sp,-24
9d00bf50:	0085102b 	sltu	v0,a0,a1
9d00bf54:	14400012 	bnez	v0,9d00bfa0 <memmove+0x54>
9d00bf58:	afbf0014 	sw	ra,20(sp)
9d00bf5c:	00a61021 	addu	v0,a1,a2
9d00bf60:	0082102b 	sltu	v0,a0,v0
9d00bf64:	1040000e 	beqz	v0,9d00bfa0 <memmove+0x54>
9d00bf68:	24c2ffff 	addiu	v0,a2,-1
9d00bf6c:	00821821 	addu	v1,a0,v0
9d00bf70:	00a22821 	addu	a1,a1,v0
9d00bf74:	10c00006 	beqz	a2,9d00bf90 <memmove+0x44>
9d00bf78:	00663823 	subu	a3,v1,a2
9d00bf7c:	24a5ffff 	addiu	a1,a1,-1
9d00bf80:	90a60001 	lbu	a2,1(a1)
9d00bf84:	2463ffff 	addiu	v1,v1,-1
9d00bf88:	1467fffc 	bne	v1,a3,9d00bf7c <memmove+0x30>
9d00bf8c:	a0660001 	sb	a2,1(v1)
9d00bf90:	00801021 	move	v0,a0
9d00bf94:	8fbf0014 	lw	ra,20(sp)
9d00bf98:	03e00008 	jr	ra
9d00bf9c:	27bd0018 	addiu	sp,sp,24
9d00bfa0:	0f403179 	jal	9d00c5e4 <memcpy>
9d00bfa4:	00000000 	nop
9d00bfa8:	8fbf0014 	lw	ra,20(sp)
9d00bfac:	03e00008 	jr	ra
9d00bfb0:	27bd0018 	addiu	sp,sp,24

Disassembly of section .text._bufalloc:

9d00bfb4 <_bufalloc>:
9d00bfb4:	27bdffe8 	addiu	sp,sp,-24
9d00bfb8:	afbf0014 	sw	ra,20(sp)
9d00bfbc:	afb00010 	sw	s0,16(sp)
9d00bfc0:	00808021 	move	s0,a0
9d00bfc4:	8c84000c 	lw	a0,12(a0)
9d00bfc8:	5880000e 	blezl	a0,9d00c004 <_bufalloc+0x50>
9d00bfcc:	ae00000c 	sw	zero,12(s0)
9d00bfd0:	0f401246 	jal	9d004918 <malloc>
9d00bfd4:	00000000 	nop
9d00bfd8:	10400009 	beqz	v0,9d00c000 <_bufalloc+0x4c>
9d00bfdc:	ae020008 	sw	v0,8(s0)
9d00bfe0:	96030010 	lhu	v1,16(s0)
9d00bfe4:	ae020004 	sw	v0,4(s0)
9d00bfe8:	34620010 	ori	v0,v1,0x10
9d00bfec:	a6020010 	sh	v0,16(s0)
9d00bff0:	8fbf0014 	lw	ra,20(sp)
9d00bff4:	8fb00010 	lw	s0,16(sp)
9d00bff8:	03e00008 	jr	ra
9d00bffc:	27bd0018 	addiu	sp,sp,24
9d00c000:	ae00000c 	sw	zero,12(s0)
9d00c004:	2402ffff 	li	v0,-1
9d00c008:	ae020004 	sw	v0,4(s0)
9d00c00c:	8fbf0014 	lw	ra,20(sp)
9d00c010:	8fb00010 	lw	s0,16(sp)
9d00c014:	03e00008 	jr	ra
9d00c018:	27bd0018 	addiu	sp,sp,24

Disassembly of section .text.gsgetc:

9d00c01c <gsgetc>:
9d00c01c:	27bdffe0 	addiu	sp,sp,-32
9d00c020:	afbf001c 	sw	ra,28(sp)
9d00c024:	afb10018 	sw	s1,24(sp)
9d00c028:	afb00014 	sw	s0,20(sp)
9d00c02c:	8c820004 	lw	v0,4(a0)
9d00c030:	2411ffff 	li	s1,-1
9d00c034:	1051000a 	beq	v0,s1,9d00c060 <gsgetc+0x44>
9d00c038:	00808021 	move	s0,a0
9d00c03c:	ac910004 	sw	s1,4(a0)
9d00c040:	8e030010 	lw	v1,16(s0)
9d00c044:	24630001 	addiu	v1,v1,1
9d00c048:	ae030010 	sw	v1,16(s0)
9d00c04c:	8fbf001c 	lw	ra,28(sp)
9d00c050:	8fb10018 	lw	s1,24(sp)
9d00c054:	8fb00014 	lw	s0,20(sp)
9d00c058:	03e00008 	jr	ra
9d00c05c:	27bd0020 	addiu	sp,sp,32
9d00c060:	0f402f28 	jal	9d00bca0 <fgetc>
9d00c064:	8c840000 	lw	a0,0(a0)
9d00c068:	1451fff5 	bne	v0,s1,9d00c040 <gsgetc+0x24>
9d00c06c:	8fbf001c 	lw	ra,28(sp)
9d00c070:	8fb10018 	lw	s1,24(sp)
9d00c074:	8fb00014 	lw	s0,20(sp)
9d00c078:	03e00008 	jr	ra
9d00c07c:	27bd0020 	addiu	sp,sp,32

Disassembly of section .text._buffree:

9d00c080 <_buffree>:
9d00c080:	27bdffe8 	addiu	sp,sp,-24
9d00c084:	afbf0014 	sw	ra,20(sp)
9d00c088:	afb00010 	sw	s0,16(sp)
9d00c08c:	00808021 	move	s0,a0
9d00c090:	8c840008 	lw	a0,8(a0)
9d00c094:	10800010 	beqz	a0,9d00c0d8 <_buffree+0x58>
9d00c098:	8fbf0014 	lw	ra,20(sp)
9d00c09c:	96020010 	lhu	v0,16(s0)
9d00c0a0:	30420010 	andi	v0,v0,0x10
9d00c0a4:	5040000d 	beqzl	v0,9d00c0dc <_buffree+0x5c>
9d00c0a8:	8fb00010 	lw	s0,16(sp)
9d00c0ac:	0f4023d8 	jal	9d008f60 <free>
9d00c0b0:	00000000 	nop
9d00c0b4:	96020010 	lhu	v0,16(s0)
9d00c0b8:	ae000008 	sw	zero,8(s0)
9d00c0bc:	7c0220c4 	ins	v0,zero,0x3,0x2
9d00c0c0:	ae00000c 	sw	zero,12(s0)
9d00c0c4:	ae000000 	sw	zero,0(s0)
9d00c0c8:	2403ffff 	li	v1,-1
9d00c0cc:	ae030004 	sw	v1,4(s0)
9d00c0d0:	a6020010 	sh	v0,16(s0)
9d00c0d4:	8fbf0014 	lw	ra,20(sp)
9d00c0d8:	8fb00010 	lw	s0,16(sp)
9d00c0dc:	03e00008 	jr	ra
9d00c0e0:	27bd0018 	addiu	sp,sp,24

Disassembly of section .text.sitofp:

9d00c0e4 <__floatsisf>:
9d00c0e4:	3c018000 10800012 00813024 04810002     ...<....$0......
9d00c0f4:	00000000 00042023                       ....# ..

9d00c0fc <i40>:
9d00c0fc:	2405009e 	li	a1,158
9d00c100:	70873820 	clz	a3,a0
9d00c104:	00a72823 	subu	a1,a1,a3
9d00c108:	00e42004 	sllv	a0,a0,a3
9d00c10c:	24840080 	addiu	a0,a0,128
9d00c110:	2c880080 	sltiu	t0,a0,128
9d00c114:	00a82821 	addu	a1,a1,t0
9d00c118:	00044203 	sra	t0,a0,0x8
9d00c11c:	31080001 	andi	t0,t0,0x1
9d00c120:	00882023 	subu	a0,a0,t0
9d00c124:	00042040 	sll	a0,a0,0x1
9d00c128:	00042242 	srl	a0,a0,0x9
9d00c12c:	000545c0 	sll	t0,a1,0x17
9d00c130:	00882025 	or	a0,a0,t0

9d00c134 <i39>:
9d00c134:	00861025 	or	v0,a0,a2

9d00c138 <E999>:
9d00c138:	03e00008 	jr	ra
9d00c13c:	00000000 	nop
9d00c140:	00000000 	nop

Disassembly of section .text.main_entry:

9d00c144 <_main_entry>:
9d00c144:	3c040000 	lui	a0,0x0
9d00c148:	27bdffe8 	addiu	sp,sp,-24
9d00c14c:	24840000 	addiu	a0,a0,0
9d00c150:	10800003 	beqz	a0,9d00c160 <_main_entry+0x1c>
9d00c154:	afbf0014 	sw	ra,20(sp)
9d00c158:	0080f809 	jalr	a0
9d00c15c:	00000000 	nop
9d00c160:	30840000 	andi	a0,a0,0x0
9d00c164:	30a50000 	andi	a1,a1,0x0
9d00c168:	3c089d00 	lui	t0,0x9d00
9d00c16c:	25082a48 	addiu	t0,t0,10824
9d00c170:	0100f809 	jalr	t0
9d00c174:	00000000 	nop

9d00c178 <__crt0_exit>:
9d00c178:	3c020000 24420000 10400003 00000000     ...<..B$..@.....
9d00c188:	0040f809 00000000 1000fff9 00000000     ..@.............

Disassembly of section .text.sbrk:

9d00c198 <sbrk>:
9d00c198:	27bdffe0 	addiu	sp,sp,-32

9d00c19c <.LCFI9>:
9d00c19c:	afbf001c 	sw	ra,28(sp)
9d00c1a0:	afb10018 	sw	s1,24(sp)
9d00c1a4:	afb00014 	sw	s0,20(sp)
9d00c1a8:	0f402c88 	jal	9d00b220 <.LFE0>
9d00c1ac:	00808821 	move	s1,a0
9d00c1b0:	1a200007 	blez	s1,9d00c1d0 <.LCFI9+0x34>
9d00c1b4:	00408021 	move	s0,v0
9d00c1b8:	2402ffff 	li	v0,-1
9d00c1bc:	12020004 	beq	s0,v0,9d00c1d0 <.LCFI9+0x34>
9d00c1c0:	02002021 	move	a0,s0
9d00c1c4:	00002821 	move	a1,zero
9d00c1c8:	0f40318f 	jal	9d00c63c <.LFE1>
9d00c1cc:	02203021 	move	a2,s1
9d00c1d0:	02001021 	move	v0,s0
9d00c1d4:	8fbf001c 	lw	ra,28(sp)
9d00c1d8:	8fb10018 	lw	s1,24(sp)
9d00c1dc:	8fb00014 	lw	s0,20(sp)
9d00c1e0:	03e00008 	jr	ra
9d00c1e4:	27bd0020 	addiu	sp,sp,32

Disassembly of section .text:

9d00c1e8 <__floatunsisf>:
9d00c1e8:	27bdffe8 	addiu	sp,sp,-24
9d00c1ec:	afbf0014 	sw	ra,20(sp)
9d00c1f0:	04800006 	bltz	a0,9d00c20c <__floatunsisf+0x24>
9d00c1f4:	00801021 	move	v0,a0
9d00c1f8:	0f403039 	jal	9d00c0e4 <__floatsisf>
9d00c1fc:	00000000 	nop
9d00c200:	8fbf0014 	lw	ra,20(sp)
9d00c204:	03e00008 	jr	ra
9d00c208:	27bd0018 	addiu	sp,sp,24
9d00c20c:	00042042 	srl	a0,a0,0x1
9d00c210:	30420001 	andi	v0,v0,0x1
9d00c214:	0f403039 	jal	9d00c0e4 <__floatsisf>
9d00c218:	00822025 	or	a0,a0,v0
9d00c21c:	00402021 	move	a0,v0
9d00c220:	0f402518 	jal	9d009460 <__addsf3>
9d00c224:	00402821 	move	a1,v0
9d00c228:	8fbf0014 	lw	ra,20(sp)
9d00c22c:	03e00008 	jr	ra
9d00c230:	27bd0018 	addiu	sp,sp,24

Disassembly of section .text._mon_write:

9d00c234 <_mon_write>:
9d00c234:	27bdffe0 	addiu	sp,sp,-32

9d00c238 <.LCFI0>:
9d00c238:	afbf001c 	sw	ra,28(sp)
9d00c23c:	afb10018 	sw	s1,24(sp)
9d00c240:	afb00014 	sw	s0,20(sp)
9d00c244:	10800009 	beqz	a0,9d00c26c <.LCFI0+0x34>
9d00c248:	00808021 	move	s0,a0
9d00c24c:	10a00007 	beqz	a1,9d00c26c <.LCFI0+0x34>
9d00c250:	00a08821 	move	s1,a1
9d00c254:	82040000 	lb	a0,0(s0)
9d00c258:	2631ffff 	addiu	s1,s1,-1
9d00c25c:	0f402c52 	jal	9d00b148 <_mon_putc>
9d00c260:	26100001 	addiu	s0,s0,1
9d00c264:	5620fffc 	bnezl	s1,9d00c258 <.LCFI0+0x20>
9d00c268:	82040000 	lb	a0,0(s0)
9d00c26c:	8fbf001c 	lw	ra,28(sp)
9d00c270:	8fb10018 	lw	s1,24(sp)
9d00c274:	8fb00014 	lw	s0,20(sp)
9d00c278:	03e00008 	jr	ra
9d00c27c:	27bd0020 	addiu	sp,sp,32

Disassembly of section .text._bootstrap_exception_handler:

9d00c280 <_bootstrap_exception_handler>:
9d00c280:	3c020000 	lui	v0,0x0
9d00c284:	24420000 	addiu	v0,v0,0
9d00c288:	10400005 	beqz	v0,9d00c2a0 <_bootstrap_exception_handler+0x20>
9d00c28c:	3c020000 	lui	v0,0x0
9d00c290:	24420000 	addiu	v0,v0,0
9d00c294:	10400003 	beqz	v0,9d00c2a4 <_bootstrap_exception_handler+0x24>
9d00c298:	3c029d01 	lui	v0,0x9d01
9d00c29c:	7000003f 	sdbbp
9d00c2a0:	3c029d01 	lui	v0,0x9d01
9d00c2a4:	2442c3a0 	addiu	v0,v0,-15456
9d00c2a8:	10400005 	beqz	v0,9d00c2c0 <.LCFI2>
9d00c2ac:	00000000 	nop
9d00c2b0:	27bdffe8 	addiu	sp,sp,-24

9d00c2b4 <.LCFI0>:
9d00c2b4:	afbf0014 	sw	ra,20(sp)
9d00c2b8:	0040f809 	jalr	v0
9d00c2bc:	00000000 	nop

9d00c2c0 <.LCFI2>:
9d00c2c0:	0b4030b0 	j	9d00c2c0 <.LCFI2>
9d00c2c4:	00000000 	nop

Disassembly of section .text._general_exception_handler:

9d00c2c8 <_general_exception_handler>:
9d00c2c8:	3c020000 	lui	v0,0x0
9d00c2cc:	24420000 	addiu	v0,v0,0
9d00c2d0:	10400005 	beqz	v0,9d00c2e8 <_general_exception_handler+0x20>
9d00c2d4:	3c020000 	lui	v0,0x0
9d00c2d8:	24420000 	addiu	v0,v0,0
9d00c2dc:	10400003 	beqz	v0,9d00c2ec <_general_exception_handler+0x24>
9d00c2e0:	3c029d01 	lui	v0,0x9d01
9d00c2e4:	7000003f 	sdbbp
9d00c2e8:	3c029d01 	lui	v0,0x9d01
9d00c2ec:	2442c3a0 	addiu	v0,v0,-15456
9d00c2f0:	10400005 	beqz	v0,9d00c308 <.LCFI2>
9d00c2f4:	00000000 	nop
9d00c2f8:	27bdffe8 	addiu	sp,sp,-24

9d00c2fc <.LCFI0>:
9d00c2fc:	afbf0014 	sw	ra,20(sp)
9d00c300:	0040f809 	jalr	v0
9d00c304:	00000000 	nop

9d00c308 <.LCFI2>:
9d00c308:	0b4030c2 	j	9d00c308 <.LCFI2>
9d00c30c:	00000000 	nop

Disassembly of section .vector_default:

9d00c310 <_DefaultInterrupt>:
9d00c310:	3c020000 	lui	v0,0x0
9d00c314:	24420000 	addiu	v0,v0,0
9d00c318:	10400007 	beqz	v0,9d00c338 <_DefaultInterrupt+0x28>
9d00c31c:	3c020000 	lui	v0,0x0
9d00c320:	24420000 	addiu	v0,v0,0
9d00c324:	50400005 	beqzl	v0,9d00c33c <_DefaultInterrupt+0x2c>
9d00c328:	3c029d01 	lui	v0,0x9d01
9d00c32c:	7000003f 	sdbbp
9d00c330:	03e00008 	jr	ra
9d00c334:	00000000 	nop
9d00c338:	3c029d01 	lui	v0,0x9d01
9d00c33c:	2442c3a0 	addiu	v0,v0,-15456
9d00c340:	10400003 	beqz	v0,9d00c350 <_DefaultInterrupt+0x40>
9d00c344:	00000000 	nop
9d00c348:	0040f809 	jalr	v0
9d00c34c:	00000000 	nop
9d00c350:	03e00008 	jr	ra
9d00c354:	00000000 	nop

Disassembly of section .rodata:

9d00c358 <f5pow>:
9d00c358:	00000000 40140000 00000000 40390000     .......@......9@
9d00c368:	00000000 40838800 00000000 4117d784     .......@.......A
9d00c378:	37e08000 4241c379 b5056e17 4493b8b5     ...7y.AB.n.....D
9d00c388:	e93ff9f5 49384f03 f9301d32 52827748     ..?..O8I2.0.Hw.R
9d00c398:	7f73bf3c 65154fdd                       <.s..O.e

Disassembly of section .text:

9d00c3a0 <__pic32_software_reset>:
9d00c3a0:	41606000 	di
9d00c3a4:	000000c0 	ehb
9d00c3a8:	3c03aa99 	lui	v1,0xaa99
9d00c3ac:	3c02bf81 	lui	v0,0xbf81
9d00c3b0:	24636655 	addiu	v1,v1,26197
9d00c3b4:	ac40f230 	sw	zero,-3536(v0)
9d00c3b8:	ac43f230 	sw	v1,-3536(v0)
9d00c3bc:	3c035566 	lui	v1,0x5566
9d00c3c0:	346399aa 	ori	v1,v1,0x99aa
9d00c3c4:	ac43f230 	sw	v1,-3536(v0)
9d00c3c8:	3c02bf81 	lui	v0,0xbf81
9d00c3cc:	24030001 	li	v1,1
9d00c3d0:	ac43f618 	sw	v1,-2536(v0)
9d00c3d4:	3c02bf81 	lui	v0,0xbf81
9d00c3d8:	8c42f610 	lw	v0,-2544(v0)
9d00c3dc:	0b4030ea 	j	9d00c3a8 <__pic32_software_reset+0x8>
9d00c3e0:	00000000 	nop

9d00c3e4 <__floatunsidf>:
9d00c3e4:	27bdffe8 	addiu	sp,sp,-24
9d00c3e8:	afbf0014 	sw	ra,20(sp)
9d00c3ec:	afb00010 	sw	s0,16(sp)
9d00c3f0:	0f402f46 	jal	9d00bd18 <__floatsidf>
9d00c3f4:	00808021 	move	s0,a0
9d00c3f8:	06010008 	bgez	s0,9d00c41c <__floatunsidf+0x38>
9d00c3fc:	8fbf0014 	lw	ra,20(sp)
9d00c400:	3c049d01 	lui	a0,0x9d01
9d00c404:	8c86c818 	lw	a2,-14312(a0)
9d00c408:	8c87c81c 	lw	a3,-14308(a0)
9d00c40c:	00402021 	move	a0,v0
9d00c410:	0f401d53 	jal	9d00754c <__adddf3>
9d00c414:	00602821 	move	a1,v1
9d00c418:	8fbf0014 	lw	ra,20(sp)
9d00c41c:	8fb00010 	lw	s0,16(sp)
9d00c420:	03e00008 	jr	ra
9d00c424:	27bd0018 	addiu	sp,sp,24

Disassembly of section .text._io_exit:

9d00c428 <.text._io_exit>:
9d00c428:	27bdffe8 	addiu	sp,sp,-24
9d00c42c:	afbf0014 	sw	ra,20(sp)
9d00c430:	afb00010 	sw	s0,16(sp)
9d00c434:	3c10a001 	lui	s0,0xa001
9d00c438:	0f40321a 	jal	9d00c868 <_weak_pthread_mutex_lock>
9d00c43c:	260441d4 	addiu	a0,s0,16852
9d00c440:	3c02a000 	lui	v0,0xa000
9d00c444:	8c420004 	lw	v0,4(v0)
9d00c448:	260441d4 	addiu	a0,s0,16852
9d00c44c:	24030001 	li	v1,1
9d00c450:	0f40321e 	jal	9d00c878 <_weak_pthread_mutex_unlock>
9d00c454:	ac430038 	sw	v1,56(v0)
9d00c458:	8fbf0014 	lw	ra,20(sp)
9d00c45c:	8fb00010 	lw	s0,16(sp)
9d00c460:	03e00008 	jr	ra
9d00c464:	27bd0018 	addiu	sp,sp,24

Disassembly of section .text:

9d00c468 <__lshrdi3>:
9d00c468:	10c00009 	beqz	a2,9d00c490 <.LBE2+0x8>
9d00c46c:	00801021 	move	v0,a0
9d00c470:	24020020 	li	v0,32
9d00c474:	00461023 	subu	v0,v0,a2
9d00c478:	18400007 	blez	v0,9d00c498 <.LBE2+0x10>
9d00c47c:	00c42006 	srlv	a0,a0,a2

9d00c480 <.LBB2>:
9d00c480:	00451004 	sllv	v0,a1,v0
9d00c484:	00c51806 	srlv	v1,a1,a2

9d00c488 <.LBE2>:
9d00c488:	03e00008 	jr	ra
9d00c48c:	00441025 	or	v0,v0,a0
9d00c490:	03e00008 	jr	ra
9d00c494:	00a01821 	move	v1,a1
9d00c498:	00021023 	negu	v0,v0
9d00c49c:	00001821 	move	v1,zero
9d00c4a0:	03e00008 	jr	ra
9d00c4a4:	00451006 	srlv	v0,a1,v0

9d00c4a8 <__ashldi3>:
9d00c4a8:	10c00009 	beqz	a2,9d00c4d0 <.LBE2+0x8>
9d00c4ac:	00801021 	move	v0,a0
9d00c4b0:	24030020 	li	v1,32
9d00c4b4:	00661823 	subu	v1,v1,a2
9d00c4b8:	18600007 	blez	v1,9d00c4d8 <.LBE2+0x10>
9d00c4bc:	00c52804 	sllv	a1,a1,a2

9d00c4c0 <.LBB2>:
9d00c4c0:	00641806 	srlv	v1,a0,v1
9d00c4c4:	00c41004 	sllv	v0,a0,a2

9d00c4c8 <.LBE2>:
9d00c4c8:	03e00008 	jr	ra
9d00c4cc:	00651825 	or	v1,v1,a1
9d00c4d0:	03e00008 	jr	ra
9d00c4d4:	00a01821 	move	v1,a1
9d00c4d8:	00031823 	negu	v1,v1
9d00c4dc:	00001021 	move	v0,zero
9d00c4e0:	03e00008 	jr	ra
9d00c4e4:	00641804 	sllv	v1,a0,v1

Disassembly of section .text._weak_pthread_once:

9d00c4e8 <_weak_pthread_once>:
9d00c4e8:	8c820000 	lw	v0,0(a0)
9d00c4ec:	10400003 	beqz	v0,9d00c4fc <_weak_pthread_once+0x14>
9d00c4f0:	00001021 	move	v0,zero
9d00c4f4:	03e00008 	jr	ra
9d00c4f8:	00000000 	nop
9d00c4fc:	27bdffe8 	addiu	sp,sp,-24
9d00c500:	afbf0014 	sw	ra,20(sp)
9d00c504:	24020002 	li	v0,2
9d00c508:	00a0f809 	jalr	a1
9d00c50c:	ac820000 	sw	v0,0(a0)
9d00c510:	00001021 	move	v0,zero
9d00c514:	8fbf0014 	lw	ra,20(sp)
9d00c518:	03e00008 	jr	ra
9d00c51c:	27bd0018 	addiu	sp,sp,24

Disassembly of section .text._filbuf_simple:

9d00c520 <_filbuf_simple>:
9d00c520:	8c820004 	lw	v0,4(a0)
9d00c524:	2403ffff 	li	v1,-1
9d00c528:	10430003 	beq	v0,v1,9d00c538 <_filbuf_simple+0x18>
9d00c52c:	ac800000 	sw	zero,0(a0)
9d00c530:	03e00008 	jr	ra
9d00c534:	ac830004 	sw	v1,4(a0)
9d00c538:	27bdffe8 	addiu	sp,sp,-24
9d00c53c:	afbf0014 	sw	ra,20(sp)
9d00c540:	0f402bdf 	jal	9d00af7c <_mon_getc>
9d00c544:	24040001 	li	a0,1
9d00c548:	8fbf0014 	lw	ra,20(sp)
9d00c54c:	03e00008 	jr	ra
9d00c550:	27bd0018 	addiu	sp,sp,24

Disassembly of section .text._fsync_simple:

9d00c554 <_fsync_simple>:
9d00c554:	94830010 	lhu	v1,16(a0)
9d00c558:	00a32824 	and	a1,a1,v1
9d00c55c:	10a00007 	beqz	a1,9d00c57c <_fsync_simple+0x28>
9d00c560:	24020001 	li	v0,1
9d00c564:	34630040 	ori	v1,v1,0x40
9d00c568:	a4830010 	sh	v1,16(a0)
9d00c56c:	24030009 	li	v1,9
9d00c570:	3c02a000 	lui	v0,0xa000
9d00c574:	ac43006c 	sw	v1,108(v0)
9d00c578:	00001021 	move	v0,zero
9d00c57c:	03e00008 	jr	ra
9d00c580:	00000000 	nop

Disassembly of section .rodata:

9d00c584 <.rodata>:
9d00c584:	33323130 	andi	s2,t9,0x3130
9d00c588:	37363534 	ori	s6,t9,0x3534
9d00c58c:	00000000 	nop
9d00c590:	33323130 	andi	s2,t9,0x3130
9d00c594:	37363534 	ori	s6,t9,0x3534
9d00c598:	42413938 	c0	0x413938
9d00c59c:	46454443 	c1	0x454443
9d00c5a0:	64636261 	0x64636261
9d00c5a4:	00006665 	0x6665
9d00c5a8:	33323130 	andi	s2,t9,0x3130
9d00c5ac:	37363534 	ori	s6,t9,0x3534
9d00c5b0:	00003938 	0x3938

Disassembly of section .text._cleanup:

9d00c5b4 <_cleanup>:
9d00c5b4:	3c02a001 	lui	v0,0xa001
9d00c5b8:	8c4241f8 	lw	v0,16888(v0)
9d00c5bc:	10400007 	beqz	v0,9d00c5dc <_cleanup+0x28>
9d00c5c0:	00000000 	nop
9d00c5c4:	27bdffe8 	addiu	sp,sp,-24
9d00c5c8:	afbf0014 	sw	ra,20(sp)
9d00c5cc:	0040f809 	jalr	v0
9d00c5d0:	00000000 	nop
9d00c5d4:	8fbf0014 	lw	ra,20(sp)
9d00c5d8:	27bd0018 	addiu	sp,sp,24
9d00c5dc:	03e00008 	jr	ra
9d00c5e0:	00000000 	nop

Disassembly of section .text.memcpy:

9d00c5e4 <memcpy>:
9d00c5e4:	00801021 	move	v0,a0
9d00c5e8:	00863821 	addu	a3,a0,a2
9d00c5ec:	10c00006 	beqz	a2,9d00c608 <memcpy+0x24>
9d00c5f0:	00801821 	move	v1,a0
9d00c5f4:	24a50001 	addiu	a1,a1,1
9d00c5f8:	90a6ffff 	lbu	a2,-1(a1)
9d00c5fc:	24630001 	addiu	v1,v1,1
9d00c600:	1467fffc 	bne	v1,a3,9d00c5f4 <memcpy+0x10>
9d00c604:	a066ffff 	sb	a2,-1(v1)
9d00c608:	03e00008 	jr	ra
9d00c60c:	00000000 	nop

Disassembly of section .text._stub_sbd_memlayout:

9d00c610 <_stub_sbd_memlayout>:
9d00c610:	3c03a001 	lui	v1,0xa001
9d00c614:	246241b0 	addiu	v0,v1,16816
9d00c618:	24040001 	li	a0,1
9d00c61c:	ac440008 	sw	a0,8(v0)
9d00c620:	3c04a001 	lui	a0,0xa001
9d00c624:	24844200 	addiu	a0,a0,16896
9d00c628:	ac6441b0 	sw	a0,16816(v1)
9d00c62c:	3c030000 	lui	v1,0x0
9d00c630:	24630000 	addiu	v1,v1,0
9d00c634:	03e00008 	jr	ra
9d00c638:	ac430004 	sw	v1,4(v0)

Disassembly of section .text.memset:

9d00c63c <memset>:
9d00c63c:	10c00007 	beqz	a2,9d00c65c <memset+0x20>
9d00c640:	00801021 	move	v0,a0
9d00c644:	30a500ff 	andi	a1,a1,0xff
9d00c648:	00863021 	addu	a2,a0,a2
9d00c64c:	00801821 	move	v1,a0
9d00c650:	24630001 	addiu	v1,v1,1
9d00c654:	1466fffe 	bne	v1,a2,9d00c650 <memset+0x14>
9d00c658:	a065ffff 	sb	a1,-1(v1)
9d00c65c:	03e00008 	jr	ra
9d00c660:	00000000 	nop

Disassembly of section .text.putchar:

9d00c664 <putchar>:
9d00c664:	27bdffe8 	addiu	sp,sp,-24
9d00c668:	afbf0014 	sw	ra,20(sp)
9d00c66c:	3c02a000 	lui	v0,0xa000
9d00c670:	8c420004 	lw	v0,4(v0)
9d00c674:	0f402cba 	jal	9d00b2e8 <.LCFI8>
9d00c678:	8c450004 	lw	a1,4(v0)
9d00c67c:	8fbf0014 	lw	ra,20(sp)
9d00c680:	03e00008 	jr	ra
9d00c684:	27bd0018 	addiu	sp,sp,24

Disassembly of section .text.getchar:

9d00c688 <getchar>:
9d00c688:	27bdffe8 	addiu	sp,sp,-24
9d00c68c:	afbf0014 	sw	ra,20(sp)
9d00c690:	3c02a000 	lui	v0,0xa000
9d00c694:	8c420004 	lw	v0,4(v0)
9d00c698:	0f402f28 	jal	9d00bca0 <fgetc>
9d00c69c:	8c440000 	lw	a0,0(v0)
9d00c6a0:	8fbf0014 	lw	ra,20(sp)
9d00c6a4:	03e00008 	jr	ra
9d00c6a8:	27bd0018 	addiu	sp,sp,24

Disassembly of section .text._vfprintf_cdfFnopuxX:

9d00c6ac <_vfprintf_cdfFnopuxX>:
9d00c6ac:	27bdffe8 	addiu	sp,sp,-24
9d00c6b0:	afbf0014 	sw	ra,20(sp)
9d00c6b4:	0f400f9c 	jal	9d003e70 <_do_print_cdfFnopuxX>
9d00c6b8:	00000000 	nop
9d00c6bc:	8fbf0014 	lw	ra,20(sp)
9d00c6c0:	03e00008 	jr	ra
9d00c6c4:	27bd0018 	addiu	sp,sp,24

Disassembly of section .text.putc:

9d00c6c8 <putc>:
9d00c6c8:	27bdffe8 	addiu	sp,sp,-24
9d00c6cc:	afbf0014 	sw	ra,20(sp)
9d00c6d0:	0f402cba 	jal	9d00b2e8 <.LCFI8>
9d00c6d4:	00000000 	nop
9d00c6d8:	8fbf0014 	lw	ra,20(sp)
9d00c6dc:	03e00008 	jr	ra
9d00c6e0:	27bd0018 	addiu	sp,sp,24

Disassembly of section .text.vfscanf:

9d00c6e4 <vfscanf>:
9d00c6e4:	27bdffe8 	addiu	sp,sp,-24
9d00c6e8:	afbf0014 	sw	ra,20(sp)
9d00c6ec:	0f400c97 	jal	9d00325c <.LFE9>
9d00c6f0:	00000000 	nop
9d00c6f4:	8fbf0014 	lw	ra,20(sp)
9d00c6f8:	03e00008 	jr	ra
9d00c6fc:	27bd0018 	addiu	sp,sp,24

Disassembly of section .text.strtod:

9d00c700 <strtod>:
9d00c700:	27bdffe8 	addiu	sp,sp,-24
9d00c704:	afbf0014 	sw	ra,20(sp)
9d00c708:	0f401e5d 	jal	9d007974 <__strtod>
9d00c70c:	00000000 	nop
9d00c710:	8fbf0014 	lw	ra,20(sp)
9d00c714:	03e00008 	jr	ra
9d00c718:	27bd0018 	addiu	sp,sp,24

Disassembly of section .text.strtof:

9d00c71c <strtof>:
9d00c71c:	27bdffe8 	addiu	sp,sp,-24
9d00c720:	afbf0014 	sw	ra,20(sp)
9d00c724:	0f402033 	jal	9d0080cc <__strtof>
9d00c728:	00000000 	nop
9d00c72c:	8fbf0014 	lw	ra,20(sp)
9d00c730:	03e00008 	jr	ra
9d00c734:	27bd0018 	addiu	sp,sp,24

Disassembly of section .text.getc:

9d00c738 <getc>:
9d00c738:	27bdffe8 	addiu	sp,sp,-24
9d00c73c:	afbf0014 	sw	ra,20(sp)
9d00c740:	0f402f28 	jal	9d00bca0 <fgetc>
9d00c744:	00000000 	nop
9d00c748:	8fbf0014 	lw	ra,20(sp)
9d00c74c:	03e00008 	jr	ra
9d00c750:	27bd0018 	addiu	sp,sp,24

Disassembly of section .text.negdf2:

9d00c754 <__negdf2>:
9d00c754:	3c018000 00a12826 00041025 00051825     ...<&(..%...%...

9d00c764 <M999>:
9d00c764:	03e00008 	jr	ra
9d00c768:	00000000 	nop
9d00c76c:	00000000 	nop

Disassembly of section .text:

9d00c770 <_nmi_handler>:
9d00c770:	401a6000 	mfc0	k0,c0_status
9d00c774:	3c1bffbf 	lui	k1,0xffbf
9d00c778:	377bffff 	ori	k1,k1,0xffff
9d00c77c:	035bd024 	and	k0,k0,k1
9d00c780:	409a6000 	mtc0	k0,c0_status
9d00c784:	42000018 	eret

Disassembly of section .rodata:

9d00c788 <f5pow>:
9d00c788:	40a00000 41c80000 441c4000 48bebc20     ...@...A.@.D ..H
9d00c798:	520e1bca 649dc5ae                       ...R...d

Disassembly of section .text._io_exit:

9d00c7a0 <_io_exit>:
9d00c7a0:	3c02a000 	lui	v0,0xa000
9d00c7a4:	8c420004 	lw	v0,4(v0)
9d00c7a8:	24030001 	li	v1,1
9d00c7ac:	03e00008 	jr	ra
9d00c7b0:	ac430038 	sw	v1,56(v0)

Disassembly of section .rodata:

9d00c7b4 <_io_funcs>:
9d00c7b4:	9d00c520 9d00ad8c 9d00ba28 9d00baa8      .......(.......
9d00c7c4:	9d00c554                                T...

Disassembly of section .text._io_exit:

9d00c7c8 <.text._io_exit>:
9d00c7c8:	3c02a000 	lui	v0,0xa000
9d00c7cc:	8c420004 	lw	v0,4(v0)
9d00c7d0:	24030001 	li	v1,1
9d00c7d4:	03e00008 	jr	ra
9d00c7d8:	ac430038 	sw	v1,56(v0)

Disassembly of section .rodata:

9d00c7dc <_io_strfuncs>:
9d00c7dc:	9d00c830 9d00c838 9d00c840 9d00c848     0...8...@...H...
9d00c7ec:	9d00c850                                P...

Disassembly of section .text.negsf2:

9d00c7f0 <__negsf2>:
9d00c7f0:	3c018000 00811026                       ...<&...

9d00c7f8 <L999>:
9d00c7f8:	03e00008 	jr	ra
9d00c7fc:	00000000 	nop
9d00c800:	00000000 	nop

Disassembly of section .rodata:

9d00c808 <.rodata>:
9d00c808:	32617c1c 	andi	at,s3,0x7c1c
9d00c80c:	400f3055 	0x400f3055
9d00c810:	00000000 	nop
9d00c814:	409f0e00 	0x409f0e00
9d00c818:	00000000 	nop
9d00c81c:	41f00000 	0x41f00000

Disassembly of section .text._on_reset:

9d00c820 <_on_reset>:
9d00c820:	03e00008 	jr	ra
9d00c824:	00000000 	nop

Disassembly of section .text._on_bootstrap:

9d00c828 <_on_bootstrap>:
9d00c828:	03e00008 	jr	ra
9d00c82c:	00000000 	nop

Disassembly of section .text._filbuf_string:

9d00c830 <_filbuf_string>:
9d00c830:	03e00008 	jr	ra
9d00c834:	2402ffff 	li	v0,-1

Disassembly of section .text._flsbuf_string:

9d00c838 <_flsbuf_string>:
9d00c838:	03e00008 	jr	ra
9d00c83c:	00801021 	move	v0,a0

Disassembly of section .text._fflush_string:

9d00c840 <_fflush_string>:
9d00c840:	03e00008 	jr	ra
9d00c844:	00001021 	move	v0,zero

Disassembly of section .text._fwrite_string:

9d00c848 <_fwrite_string>:
9d00c848:	03e00008 	jr	ra
9d00c84c:	00001021 	move	v0,zero

Disassembly of section .text._fsync_string:

9d00c850 <_fsync_string>:
9d00c850:	03e00008 	jr	ra
9d00c854:	24020001 	li	v0,1

Disassembly of section .text._weak_pthread_mutex_init:

9d00c858 <_weak_pthread_mutex_init>:
9d00c858:	03e00008 	jr	ra
9d00c85c:	00001021 	move	v0,zero

Disassembly of section .text._weak_pthread_mutex_destroy:

9d00c860 <_weak_pthread_mutex_destroy>:
9d00c860:	03e00008 	jr	ra
9d00c864:	00001021 	move	v0,zero

Disassembly of section .text._weak_pthread_mutex_lock:

9d00c868 <_weak_pthread_mutex_lock>:
9d00c868:	03e00008 	jr	ra
9d00c86c:	00001021 	move	v0,zero

Disassembly of section .text._weak_pthread_mutex_trylock:

9d00c870 <_weak_pthread_mutex_trylock>:
9d00c870:	03e00008 	jr	ra
9d00c874:	00001021 	move	v0,zero

Disassembly of section .text._weak_pthread_mutex_unlock:

9d00c878 <_weak_pthread_mutex_unlock>:
9d00c878:	03e00008 	jr	ra
9d00c87c:	00001021 	move	v0,zero

Disassembly of section .text._weak_pthread_mutex_setname_np:

9d00c880 <_weak_pthread_mutex_setname_np>:
9d00c880:	03e00008 	jr	ra
9d00c884:	00001021 	move	v0,zero

Disassembly of section .text._weak_pthread_mutexattr_init:

9d00c888 <_weak_pthread_mutexattr_init>:
9d00c888:	03e00008 	jr	ra
9d00c88c:	00001021 	move	v0,zero

Disassembly of section .text._weak_pthread_mutexattr_destroy:

9d00c890 <_weak_pthread_mutexattr_destroy>:
9d00c890:	03e00008 	jr	ra
9d00c894:	00001021 	move	v0,zero

Disassembly of section .text._weak_pthread_mutexattr_setname_np:

9d00c898 <_weak_pthread_mutexattr_setname_np>:
9d00c898:	03e00008 	jr	ra
9d00c89c:	00001021 	move	v0,zero

Disassembly of section .text._weak_pthread_mutexattr_settype_np:

9d00c8a0 <_weak_pthread_mutexattr_settype_np>:
9d00c8a0:	03e00008 	jr	ra
9d00c8a4:	00001021 	move	v0,zero

Disassembly of section .text._weak_pthread_sysconf_np:

9d00c8a8 <_weak_pthread_sysconf_np>:
9d00c8a8:	03e00008 	jr	ra
9d00c8ac:	2402ffff 	li	v0,-1

Disassembly of section .text._weak_pthread_sigdisable_np:

9d00c8b0 <_weak_pthread_sigdisable_np>:
9d00c8b0:	03e00008 	jr	ra
9d00c8b4:	00000000 	nop

Disassembly of section .text._weak_pthread_sigrestore_np:

9d00c8b8 <_weak_pthread_sigrestore_np>:
9d00c8b8:	03e00008 	jr	ra
9d00c8bc:	00000000 	nop

Disassembly of section .text._weak__pthread_cleanup_push:

9d00c8c0 <_weak__pthread_cleanup_push>:
9d00c8c0:	03e00008 	jr	ra
9d00c8c4:	00000000 	nop

Disassembly of section .text._weak__pthread_cleanup_pop:

9d00c8c8 <_weak__pthread_cleanup_pop>:
9d00c8c8:	03e00008 	jr	ra
9d00c8cc:	00000000 	nop

Disassembly of section .text._weak__pthread_cleanup_push_defer:

9d00c8d0 <_weak__pthread_cleanup_push_defer>:
9d00c8d0:	03e00008 	jr	ra
9d00c8d4:	00000000 	nop

Disassembly of section .text._weak__pthread_cleanup_pop_restore:

9d00c8d8 <_weak__pthread_cleanup_pop_restore>:
9d00c8d8:	03e00008 	jr	ra
9d00c8dc:	00000000 	nop

Disassembly of section .text._weak_pthread_key_create:

9d00c8e0 <_weak_pthread_key_create>:
9d00c8e0:	03e00008 	jr	ra
9d00c8e4:	2402ffff 	li	v0,-1

Disassembly of section .text._weak_pthread_setspecific:

9d00c8e8 <_weak_pthread_setspecific>:
9d00c8e8:	03e00008 	jr	ra
9d00c8ec:	2402ffff 	li	v0,-1

Disassembly of section .text._weak_pthread_getspecific:

9d00c8f0 <_weak_pthread_getspecific>:
9d00c8f0:	03e00008 	jr	ra
9d00c8f4:	00001021 	move	v0,zero

Disassembly of section .text._weak__libc_private_storage:

9d00c8f8 <_weak__libc_private_storage>:
9d00c8f8:	03e00008 	jr	ra
9d00c8fc:	00a01021 	move	v0,a1

Disassembly of section .text.getpagesize:

9d00c900 <getpagesize>:
9d00c900:	03e00008 	jr	ra
9d00c904:	24020080 	li	v0,128

Disassembly of section .text._exit:

9d00c908 <_exit>:
9d00c908:	0b403242 	j	9d00c908 <_exit>
9d00c90c:	00000000 	nop

Disassembly of section .text.isatty:

9d00c910 <isatty>:
9d00c910:	03e00008 	jr	ra
9d00c914:	00001021 	move	v0,zero
